id,result_id,member_position,athlete_id
1,1,1,1
2,2,1,2
3,3,1,3
4,4,1,4
5,5,1,5
6,6,1,6
7,7,1,7
8,8,1,8
9,9,1,9
10,10,1,10
11,11,1,11
12,12,1,12
13,13,1,13
14,14,1,14
15,15,1,15
16,16,1,16
17,17,1,17
18,18,1,18
19,19,1,19
20,20,1,20
21,21,1,21
22,22,1,22
23,23,1,23
24,24,1,24
25,25,1,25
26,26,1,26
27,27,1,27
28,28,1,28
29,29,1,29
30,30,1,30
31,31,1,31
32,32,1,32
33,33,1,33
34,34,1,34
35,35,1,35
36,36,1,36
37,37,1,37
38,38,1,38
39,39,1,39
40,40,1,40
41,41,1,41
42,42,1,42
43,43,1,43
44,44,1,44
45,45,1,45
46,46,1,46
47,47,1,47
48,48,1,48
49,49,1,49
50,50,1,50
51,51,1,51
52,52,1,52
53,53,1,53
54,54,1,54
55,55,1,55
56,56,1,56
57,57,1,57
58,58,1,58
59,59,1,59
60,60,1,60
61,61,1,61
62,62,1,62
63,63,1,63
64,64,1,64
65,65,1,65
66,66,1,66
67,67,1,67
68,68,1,68
69,69,1,69
70,70,1,70
71,71,1,71
72,72,1,72
73,73,1,73
74,74,1,74
75,75,1,75
76,76,1,76
77,77,1,77
78,78,1,78
79,79,1,79
80,80,1,80
81,81,1,81
82,82,1,82
83,83,1,83
84,84,1,84
85,85,1,85
86,86,1,86
87,87,1,87
88,88,1,88
89,89,1,89
90,90,1,90
91,91,1,91
92,92,1,92
93,93,1,93
94,94,1,94
95,95,1,95
96,96,1,96
97,97,1,97
98,98,1,98
99,99,1,99
100,100,1,100
101,101,1,101
102,102,1,102
103,103,1,103
104,104,1,104
105,105,1,105
106,106,1,106
107,107,1,107
108,108,1,108
109,109,1,109
110,110,1,110
111,111,1,111
112,112,1,112
113,113,1,113
114,114,1,114
115,115,1,115
116,116,1,116
117,117,1,76
118,118,1,118
119,119,1,119
120,120,1,120
121,121,1,121
122,122,1,122
123,123,1,123
124,124,1,124
125,125,1,125
126,126,1,126
127,127,1,127
128,128,1,128
129,129,1,129
130,130,1,130
131,131,1,131
132,132,1,132
133,133,1,133
134,134,1,134
135,135,1,135
136,136,1,136
137,137,1,137
138,138,1,138
139,139,1,139
140,140,1,140
141,141,1,141
142,142,1,142
143,143,1,143
144,144,1,144
145,145,1,145
146,146,1,146
147,147,1,147
148,148,1,148
149,149,1,149
150,150,1,150
151,151,1,151
152,152,1,152
153,153,1,153
154,154,1,154
155,155,1,155
156,156,1,156
157,157,1,157
158,158,1,158
159,159,1,159
160,160,1,160
161,161,1,161
162,162,1,162
163,163,1,163
164,164,1,164
165,165,1,165
166,166,1,166
167,167,1,167
168,168,1,168
169,169,1,169
170,170,1,170
171,171,1,171
172,172,1,172
173,173,1,173
174,174,1,174
175,175,1,175
176,176,1,176
177,177,1,177
178,178,1,178
179,179,1,179
180,180,1,180
181,181,1,181
182,182,1,182
183,183,1,183
184,184,1,184
185,185,1,185
186,186,1,186
187,187,1,187
188,188,1,188
189,189,1,189
190,190,1,190
191,191,1,191
192,192,1,192
193,193,1,193
194,194,1,194
195,195,1,195
196,196,1,196
197,197,1,197
198,198,1,198
199,199,1,199
200,200,1,200
201,201,1,201
202,202,1,202
203,203,1,203
204,204,1,204
205,205,1,205
206,206,1,206
207,207,1,207
208,208,1,208
209,209,1,209
210,210,1,210
211,211,1,211
212,212,1,212
213,213,1,213
214,214,1,214
215,215,1,215
216,216,1,216
217,217,1,217
218,218,1,218
219,219,1,219
220,220,1,220
221,221,1,221
222,222,1,222
223,223,1,223
224,224,1,224
225,225,1,225
226,226,1,226
227,227,1,227
228,228,1,228
229,229,1,229
230,230,1,230
231,231,1,231
232,232,1,232
233,233,1,233
234,234,1,234
235,235,1,235
236,236,1,236
237,237,1,237
238,238,1,238
239,239,1,239
240,240,1,240
241,241,1,241
242,242,1,242
243,243,1,243
244,244,1,244
245,245,1,245
246,246,1,246
247,247,1,247
248,248,1,248
249,249,1,249
250,250,1,250
251,251,1,251
252,252,1,252
253,253,1,253
254,254,1,254
255,255,1,255
256,256,1,256
257,257,1,257
258,258,1,258
259,259,1,259
260,260,1,260
261,261,1,261
262,262,1,262
263,263,1,263
264,264,1,264
265,265,1,265
266,266,1,266
267,267,1,267
268,268,1,268
269,269,1,269
270,270,1,270
271,271,1,271
272,272,1,272
273,273,1,273
274,274,1,274
275,275,1,275
276,276,1,276
277,277,1,277
278,278,1,278
279,279,1,279
280,280,1,280
281,281,1,281
282,282,1,282
283,283,1,283
284,284,1,284
285,285,1,285
286,286,1,286
287,287,1,287
288,288,1,288
289,289,1,289
290,290,1,290
291,291,1,291
292,292,1,292
293,293,1,293
294,294,1,294
295,295,1,295
296,296,1,296
297,297,1,297
298,298,1,298
299,299,1,299
300,300,1,300
301,301,1,301
302,302,1,302
303,303,1,303
304,304,1,304
305,305,1,305
306,306,1,306
307,307,1,307
308,308,1,308
309,309,1,309
310,310,1,310
311,311,1,311
312,312,1,312
313,313,1,313
314,314,1,314
315,315,1,315
316,316,1,316
317,317,1,317
318,318,1,318
319,319,1,319
320,320,1,320
321,321,1,321
322,322,1,322
323,323,1,323
324,324,1,324
325,325,1,325
326,326,1,326
327,327,1,327
328,328,1,328
329,329,1,329
330,330,1,330
331,331,1,331
332,332,1,332
333,333,1,333
334,334,1,334
335,335,1,335
336,336,1,336
337,337,1,337
338,338,1,338
339,339,1,339
340,340,1,340
341,341,1,341
342,342,1,342
343,343,1,343
344,344,1,344
345,345,1,345
346,346,1,346
347,347,1,347
348,348,1,348
349,349,1,349
350,350,1,350
351,351,1,351
352,352,1,352
353,353,1,353
354,354,1,354
355,355,1,355
356,356,1,356
357,357,1,357
358,358,1,358
359,359,1,359
360,360,1,360
361,361,1,361
362,362,1,362
363,363,1,363
364,364,1,364
365,365,1,365
366,366,1,366
367,367,1,367
368,368,1,368
369,369,1,369
370,370,1,370
371,371,1,371
372,372,1,372
373,373,1,373
374,374,1,374
375,375,1,375
376,376,1,376
377,377,1,377
378,378,1,378
379,379,1,379
380,380,1,380
381,381,1,381
382,382,1,382
383,383,1,383
384,384,1,384
385,385,1,385
386,386,1,386
387,387,1,387
388,388,1,388
389,389,1,389
390,390,1,390
391,391,1,391
392,392,1,392
393,393,1,393
394,394,1,394
395,395,1,395
396,396,1,396
397,397,1,397
398,398,1,398
399,399,1,399
400,400,1,400
401,401,1,401
402,402,1,402
403,403,1,403
404,404,1,404
405,405,1,405
406,406,1,406
407,407,1,407
408,408,1,408
409,409,1,409
410,410,1,410
411,411,1,411
412,412,1,412
413,413,1,413
414,414,1,414
415,415,1,415
416,416,1,416
417,417,1,417
418,418,1,418
419,419,1,419
420,420,1,420
421,421,1,421
422,422,1,422
423,423,1,423
424,424,1,424
425,425,1,425
426,426,1,426
427,427,1,427
428,428,1,428
429,429,1,429
430,430,1,430
431,431,1,431
432,432,1,432
433,433,1,433
434,434,1,434
435,435,1,435
436,436,1,436
437,437,1,437
438,438,1,438
439,439,1,439
440,440,1,440
441,441,1,441
442,442,1,442
443,443,1,443
444,444,1,444
445,445,1,445
446,446,1,446
447,447,1,447
448,448,1,448
449,449,1,449
450,450,1,450
451,451,1,451
452,452,1,452
453,453,1,453
454,454,1,454
455,455,1,455
456,456,1,456
457,457,1,457
458,458,1,458
459,459,1,459
460,460,1,460
461,461,1,461
462,462,1,462
463,463,1,463
464,464,1,464
465,465,1,465
466,466,1,466
467,467,1,467
468,468,1,468
469,469,1,469
470,470,1,470
471,471,1,471
472,472,1,472
473,473,1,473
474,474,1,474
475,475,1,475
476,476,1,476
477,477,1,477
478,478,1,478
479,479,1,479
480,480,1,480
481,481,1,481
482,482,1,482
483,483,1,483
484,484,1,484
485,485,1,485
486,486,1,486
487,487,1,487
488,488,1,488
489,489,1,489
490,490,1,490
491,491,1,491
492,492,1,492
493,493,1,493
494,494,1,494
495,495,1,495
496,496,1,496
497,497,1,497
498,498,1,498
499,499,1,499
500,500,1,500
501,501,1,501
502,502,1,502
503,503,1,503
504,504,1,504
505,505,1,505
506,506,1,506
507,507,1,507
508,508,1,508
509,509,1,509
510,510,1,510
511,511,1,511
512,512,1,512
513,513,1,513
514,514,1,514
515,515,1,515
516,516,1,516
517,517,1,517
518,518,1,518
519,519,1,519
520,520,1,520
521,521,1,521
522,522,1,522
523,523,1,523
524,524,1,524
525,525,1,525
526,526,1,526
527,527,1,527
528,528,1,528
529,529,1,529
530,530,1,530
531,531,1,531
532,532,1,532
533,533,1,533
534,534,1,534
535,535,1,535
536,536,1,536
537,537,1,537
538,538,1,538
539,539,1,539
540,540,1,540
541,541,1,541
542,542,1,542
543,543,1,543
544,544,1,544
545,545,1,545
546,546,1,546
547,547,1,547
548,548,1,548
549,549,1,549
550,550,1,550
551,551,1,551
552,552,1,552
553,553,1,553
554,554,1,554
555,555,1,555
556,556,1,556
557,557,1,557
558,558,1,558
559,559,1,559
560,560,1,560
561,561,1,561
562,562,1,562
563,563,1,563
564,564,1,564
565,565,1,565
566,566,1,566
567,567,1,567
568,568,1,568
569,569,1,569
570,570,1,570
571,571,1,571
572,572,1,572
573,573,1,573
574,574,1,574
575,575,1,575
576,576,1,576
577,577,1,577
578,578,1,578
579,579,1,579
580,580,1,580
581,581,1,581
582,582,1,582
583,583,1,583
584,584,1,584
585,585,1,585
586,586,1,586
587,587,1,587
588,588,1,588
589,589,1,589
590,590,1,590
591,591,1,591
592,592,1,592
593,593,1,593
594,594,1,594
595,595,1,595
596,596,1,596
597,597,1,597
598,598,1,598
599,599,1,599
600,600,1,600
601,601,1,601
602,602,1,602
603,603,1,603
604,604,1,604
605,605,1,605
606,606,1,606
607,607,1,607
608,608,1,608
609,609,1,609
610,610,1,610
611,611,1,611
612,612,1,612
613,613,1,613
614,614,1,614
615,615,1,615
616,616,1,616
617,617,1,617
618,618,1,618
619,619,1,619
620,620,1,620
621,621,1,621
622,622,1,622
623,623,1,623
624,624,1,624
625,625,1,625
626,626,1,626
627,627,1,627
628,628,1,628
629,629,1,629
630,630,1,630
631,631,1,631
632,632,1,632
633,633,1,633
634,634,1,634
635,635,1,635
636,636,1,636
637,637,1,637
638,638,1,638
639,639,1,639
640,640,1,640
641,641,1,641
642,642,1,642
643,643,1,643
644,644,1,644
645,645,1,645
646,646,1,646
647,647,1,647
648,648,1,648
649,649,1,649
650,650,1,650
651,651,1,651
652,652,1,652
653,653,1,653
654,654,1,654
655,655,1,655
656,656,1,656
657,657,1,657
658,658,1,658
659,659,1,659
660,660,1,660
661,661,1,661
662,662,1,662
663,663,1,663
664,664,1,664
665,665,1,665
666,666,1,666
667,667,1,667
668,668,1,668
669,669,1,669
670,670,1,670
671,671,1,671
672,672,1,672
673,673,1,673
674,674,1,674
675,675,1,675
676,676,1,676
677,677,1,677
678,678,1,678
679,679,1,679
680,680,1,680
681,681,1,681
682,682,1,682
683,683,1,683
684,684,1,684
685,685,1,685
686,686,1,686
687,687,1,687
688,688,1,688
689,689,1,689
690,690,1,690
691,691,1,691
692,692,1,692
693,693,1,693
694,694,1,694
695,695,1,695
696,696,1,696
697,697,1,697
698,698,1,698
699,699,1,699
700,700,1,700
701,701,1,701
702,702,1,702
703,703,1,703
704,704,1,704
705,705,1,705
706,706,1,671
707,707,1,707
708,708,1,708
709,709,1,709
710,710,1,710
711,711,1,711
712,712,1,712
713,713,1,713
714,714,1,714
715,715,1,715
716,716,1,716
717,717,1,717
718,718,1,718
719,719,1,719
720,720,1,720
721,721,1,721
722,722,1,722
723,723,1,723
724,724,1,724
725,725,1,725
726,726,1,726
727,727,1,727
728,728,1,728
729,729,1,729
730,730,1,730
731,731,1,731
732,732,1,732
733,733,1,733
734,734,1,734
735,735,1,735
736,736,1,736
737,737,1,737
738,738,1,738
739,739,1,739
740,740,1,740
741,741,1,741
742,742,1,742
743,743,1,743
744,744,1,744
745,745,1,745
746,746,1,746
747,747,1,747
748,748,1,748
749,749,1,749
750,750,1,750
751,751,1,751
752,752,1,752
753,753,1,753
754,754,1,754
755,755,1,755
756,756,1,756
757,757,1,757
758,758,1,758
759,759,1,759
760,760,1,760
761,761,1,761
762,762,1,762
763,763,1,763
764,764,1,764
765,765,1,765
766,766,1,766
767,767,1,767
768,768,1,768
769,769,1,769
770,770,1,770
771,771,1,771
772,772,1,772
773,773,1,773
774,774,1,774
775,775,1,775
776,776,1,776
777,777,1,777
778,778,1,778
779,779,1,779
780,780,1,780
781,781,1,781
782,782,1,782
783,783,1,783
784,784,1,784
785,785,1,785
786,786,1,786
787,787,1,787
788,788,1,788
789,789,1,789
790,790,1,790
791,791,1,791
792,792,1,792
793,793,1,793
794,794,1,794
795,795,1,795
796,796,1,796
797,797,1,797
798,798,1,798
799,799,1,799
800,800,1,800
801,801,1,801
802,802,1,802
803,803,1,803
804,804,1,804
805,805,1,805
806,806,1,806
807,807,1,807
808,808,1,808
809,809,1,809
810,810,1,810
811,811,1,811
812,812,1,812
813,813,1,813
814,814,1,814
815,815,1,815
816,816,1,816
817,817,1,817
818,818,1,818
819,819,1,819
820,820,1,820
821,821,1,821
822,822,1,822
823,823,1,823
824,824,1,824
825,825,1,825
826,826,1,826
827,827,1,827
828,828,1,828
829,829,1,829
830,830,1,830
831,831,1,831
832,832,1,832
833,833,1,833
834,834,1,834
835,835,1,835
836,836,1,836
837,837,1,837
838,838,1,838
839,839,1,839
840,840,1,840
841,841,1,841
842,842,1,842
843,843,1,843
844,844,1,793
845,845,1,845
846,846,1,846
847,847,1,847
848,848,1,848
849,849,1,849
850,850,1,850
851,851,1,851
852,852,1,852
853,853,1,853
854,854,1,854
855,855,1,855
856,856,1,856
857,857,1,857
858,858,1,858
859,859,1,859
860,860,1,860
861,861,1,861
862,862,1,862
863,863,1,863
864,864,1,864
865,865,1,865
866,866,1,866
867,867,1,867
868,868,1,868
869,869,1,869
870,870,1,870
871,871,1,871
872,872,1,872
873,873,1,873
874,874,1,874
875,875,1,875
876,876,1,876
877,877,1,877
878,878,1,878
879,879,1,879
880,880,1,880
881,881,1,881
882,882,1,882
883,883,1,883
884,884,1,884
885,885,1,885
886,886,1,886
887,887,1,887
888,888,1,888
889,889,1,889
890,890,1,890
891,891,1,891
892,892,1,892
893,893,1,893
894,894,1,894
895,895,1,895
896,896,1,896
897,897,1,897
898,898,1,898
899,899,1,899
900,900,1,900
901,901,1,901
902,902,1,902
903,903,1,903
904,904,1,904
905,905,1,905
906,906,1,906
907,907,1,907
908,908,1,908
909,909,1,909
910,910,1,910
911,911,1,911
912,912,1,912
913,913,1,913
914,914,1,914
915,915,1,915
916,916,1,916
917,917,1,917
918,918,1,918
919,919,1,919
920,920,1,920
921,921,1,921
922,922,1,922
923,923,1,923
924,924,1,924
925,925,1,925
926,926,1,926
927,927,1,927
928,928,1,928
929,929,1,929
930,930,1,930
931,931,1,931
932,932,1,932
933,933,1,933
934,934,1,934
935,935,1,935
936,936,1,936
937,937,1,937
938,938,1,938
939,939,1,939
940,940,1,940
941,941,1,871
942,942,1,942
943,943,1,943
944,944,1,944
945,945,1,945
946,946,1,926
947,947,1,947
948,948,1,948
949,949,1,949
950,950,1,950
951,951,1,951
952,952,1,952
953,953,1,953
954,954,1,954
955,955,1,955
956,956,1,956
957,957,1,957
958,958,1,958
959,959,1,959
960,960,1,960
961,961,1,961
962,962,1,962
963,963,1,963
964,964,1,964
965,965,1,965
966,966,1,966
967,967,1,967
968,968,1,968
969,969,1,969
970,970,1,970
971,971,1,971
972,972,1,972
973,973,1,973
974,974,1,974
975,975,1,975
976,976,1,976
977,977,1,977
978,978,1,978
979,979,1,979
980,980,1,980
981,981,1,981
982,982,1,982
983,983,1,983
984,984,1,984
985,985,1,985
986,986,1,986
987,987,1,987
988,988,1,988
989,989,1,989
990,990,1,990
991,991,1,991
992,992,1,992
993,993,1,993
994,994,1,994
995,995,1,995
996,996,1,996
997,997,1,997
998,998,1,998
999,999,1,999
1000,1000,1,1000
1001,1001,1,927
1002,1002,1,1002
1003,1003,1,1003
1004,1004,1,1004
1005,1005,1,1005
1006,1006,1,1006
1007,1007,1,1007
1008,1008,1,1008
1009,1009,1,1009
1010,1010,1,1010
1011,1011,1,1011
1012,1012,1,1012
1013,1013,1,1013
1014,1014,1,1014
1015,1015,1,1015
1016,1016,1,1016
1017,1017,1,1017
1018,1018,1,1018
1019,1019,1,1019
1020,1020,1,1020
1021,1021,1,1021
1022,1022,1,1022
1023,1023,1,1023
1024,1024,1,1024
1025,1025,1,1025
1026,1026,1,1026
1027,1027,1,1027
1028,1028,1,1028
1029,1029,1,1029
1030,1030,1,1030
1031,1031,1,1031
1032,1032,1,950
1033,1033,1,1033
1034,1034,1,1034
1035,1035,1,1035
1036,1036,1,1036
1037,1037,1,1037
1038,1038,1,1038
1039,1039,1,1039
1040,1040,1,1040
1041,1041,1,1041
1042,1042,1,1042
1043,1043,1,1043
1044,1044,1,1044
1045,1045,1,1045
1046,1046,1,1046
1047,1047,1,1047
1048,1048,1,1048
1049,1049,1,1049
1050,1050,1,1050
1051,1051,1,1051
1052,1052,1,1052
1053,1053,1,1053
1054,1054,1,1054
1055,1055,1,1055
1056,1056,1,1056
1057,1057,1,1057
1058,1058,1,1058
1059,1059,1,1059
1060,1060,1,1060
1061,1061,1,1061
1062,1062,1,1062
1063,1063,1,1063
1064,1064,1,1064
1065,1065,1,1065
1066,1066,1,1066
1067,1067,1,1067
1068,1068,1,1068
1069,1069,1,1069
1070,1070,1,1070
1071,1071,1,1071
1072,1072,1,1072
1073,1073,1,1073
1074,1074,1,1074
1075,1075,1,1075
1076,1076,1,1076
1077,1077,1,1077
1078,1078,1,1078
1079,1079,1,1079
1080,1080,1,1080
1081,1081,1,1081
1082,1082,1,1082
1083,1083,1,1083
1084,1084,1,1084
1085,1085,1,1085
1086,1086,1,1086
1087,1087,1,1087
1088,1088,1,1088
1089,1089,1,1089
1090,1090,1,1090
1091,1091,1,1091
1092,1092,1,1092
1093,1093,1,1093
1094,1094,1,1094
1095,1095,1,1095
1096,1096,1,1096
1097,1097,1,1097
1098,1098,1,1098
1099,1099,1,1099
1100,1100,1,1100
1101,1101,1,1101
1102,1102,1,1102
1103,1103,1,1103
1104,1104,1,1104
1105,1105,1,1105
1106,1106,1,1106
1107,1107,1,1107
1108,1108,1,1108
1109,1109,1,1109
1110,1110,1,1110
1111,1111,1,1111
1112,1112,1,1112
1113,1113,1,1113
1114,1114,1,1114
1115,1115,1,1115
1116,1116,1,1116
1117,1117,1,1117
1118,1118,1,1118
1119,1119,1,1119
1120,1120,1,1120
1121,1121,1,1121
1122,1122,1,1122
1123,1123,1,1123
1124,1124,1,1124
1125,1125,1,1125
1126,1126,1,1126
1127,1127,1,1127
1128,1128,1,1128
1129,1129,1,1129
1130,1130,1,1130
1131,1131,1,1131
1132,1132,1,1132
1133,1133,1,1133
1134,1134,1,1134
1135,1135,1,1135
1136,1136,1,1136
1137,1137,1,1137
1138,1138,1,1138
1139,1139,1,1139
1140,1140,1,1140
1141,1141,1,1141
1142,1142,1,1142
1143,1143,1,1143
1144,1144,1,1144
1145,1145,1,1145
1146,1146,1,1146
1147,1147,1,1147
1148,1148,1,1148
1149,1149,1,1149
1150,1150,1,1150
1151,1151,1,1151
1152,1152,1,1152
1153,1153,1,1153
1154,1154,1,1154
1155,1155,1,1155
1156,1156,1,1156
1157,1157,1,1157
1158,1158,1,1158
1159,1159,1,1159
1160,1160,1,1160
1161,1161,1,1161
1162,1162,1,1162
1163,1163,1,1163
1164,1164,1,1164
1165,1165,1,1165
1166,1166,1,1166
1167,1167,1,1167
1168,1168,1,1168
1169,1169,1,1169
1170,1170,1,1170
1171,1171,1,1171
1172,1172,1,1172
1173,1173,1,1173
1174,1174,1,1174
1175,1175,1,1175
1176,1176,1,1176
1177,1177,1,1177
1178,1178,1,1178
1179,1179,1,1179
1180,1180,1,1180
1181,1181,1,1181
1182,1182,1,1182
1183,1183,1,1183
1184,1184,1,1184
1185,1185,1,1185
1186,1186,1,1186
1187,1187,1,1187
1188,1188,1,1188
1189,1189,1,1189
1190,1190,1,1190
1191,1191,1,1191
1192,1192,1,1192
1193,1193,1,1193
1194,1194,1,1194
1195,1195,1,1195
1196,1196,1,1196
1197,1197,1,1197
1198,1198,1,1198
1199,1199,1,1199
1200,1200,1,1200
1201,1201,1,1201
1202,1202,1,1202
1203,1203,1,1203
1204,1204,1,1204
1205,1205,1,1205
1206,1206,1,1206
1207,1207,1,1207
1208,1208,1,1208
1209,1209,1,1209
1210,1210,1,1210
1211,1211,1,1211
1212,1212,1,1212
1213,1213,1,1213
1214,1214,1,1214
1215,1215,1,1215
1216,1216,1,1216
1217,1217,1,1118
1218,1218,1,1218
1219,1219,1,1219
1220,1220,1,1220
1221,1221,1,1221
2822,2772,1,2772
2823,2774,1,2774
2825,2776,1,2776
3797,3697,1,3697
3798,3698,1,3698
3799,3699,1,3699
3800,3700,1,3700
3801,3701,1,3701
3802,3702,1,3702
3803,3703,1,3703
3804,3704,1,3704
3805,3705,1,3705
3806,3706,1,3706
3807,3707,1,3707
3808,3708,1,3708
3809,3709,1,3709
3810,3710,1,3710
3811,3711,1,3711
3812,3712,1,3712
3813,3713,1,3713
3814,3714,1,3714
3815,3715,1,3715
3816,3716,1,3716
3817,3717,1,3717
3818,3718,1,3718
3819,3719,1,3719
3820,3720,1,3720
3821,3721,1,3721
2878,2824,1,2824
2880,2826,1,2826
2882,2828,1,2828
2884,2830,1,2830
2886,2832,1,2832
2888,2834,1,2834
2890,2836,1,2836
2892,2838,1,2838
2894,2840,1,2840
2896,2842,1,2842
2898,2844,1,2844
2900,2846,1,2846
2902,2848,1,2848
2904,2850,1,2850
2906,2852,1,2852
2908,2854,1,2854
2910,2856,1,2856
2912,2858,1,2858
2914,2860,1,2860
2916,2862,1,2862
2917,2864,1,2864
2918,2866,1,2866
2919,2868,1,2868
2920,2870,1,2870
2921,2871,1,2871
5047,4872,1,4872
5048,4873,1,4873
5049,4874,1,4874
5050,4875,1,4875
5051,4876,1,4876
5053,4877,1,4877
5055,4878,1,4878
5057,4879,1,4879
5059,4880,1,4880
5061,4881,1,4881
5063,4882,1,4882
5065,4883,1,4883
5067,4884,1,4884
5069,4885,1,4885
5071,4886,1,4886
5073,4887,1,4887
5075,4888,1,4888
5077,4889,1,4889
6822,6822,1,6822
6823,6823,1,6823
6824,6824,1,6824
6825,6825,1,6825
6826,6826,1,6826
6827,6827,1,6827
6828,6828,1,6828
6829,6829,1,6829
6830,6830,1,6830
6831,6831,1,6831
6832,6832,1,6832
6833,6833,1,6833
6834,6834,1,6834
6835,6835,1,6835
6836,6836,1,6836
6837,6837,1,6837
6838,6838,1,6838
6839,6839,1,6839
6840,6840,1,6840
6841,6841,1,6841
6842,6842,1,6842
6843,6843,1,6843
6844,6844,1,6844
6845,6845,1,6845
6846,6846,1,6846
6847,6847,1,6847
6848,6848,1,6848
6849,6849,1,6849
6850,6850,1,6850
6851,6851,1,6851
6852,6852,1,6852
6853,6853,1,6853
6854,6854,1,6854
6855,6855,1,6855
6856,6856,1,6856
6857,6857,1,6857
6858,6858,1,6858
6859,6859,1,6859
6860,6860,1,6860
3072,3024,1,3024
3074,3026,1,3026
3076,3028,1,3028
3078,3030,1,3030
3080,3032,1,3032
3082,3034,1,3034
3084,3036,1,3036
3086,3038,1,3038
3088,3040,1,3040
3090,3042,1,3042
3092,3044,1,3044
3094,3046,1,3046
3097,3048,1,3048
3099,3050,1,3050
3101,3052,1,3052
3103,3054,1,3054
3105,3056,1,3056
3107,3058,1,2926
3109,3060,1,3060
3111,3062,1,3062
3113,3064,1,3064
3115,3066,1,3066
3117,3068,1,3068
3119,3070,1,3070
3121,3071,1,3071
6861,6861,1,6861
6862,6862,1,6862
6863,6863,1,6863
6864,6864,1,6864
6865,6865,1,6865
6866,6866,1,6866
6867,6867,1,6867
6868,6868,1,6868
6869,6869,1,6869
6870,6870,1,6870
6871,6871,1,1061
2827,2778,1,2778
2829,2781,1,2781
2831,2783,1,2783
2833,2785,1,2785
2835,2787,1,2787
2837,2789,1,2789
2839,2791,1,2791
6872,6872,1,6872
6873,6873,1,6873
6874,6874,1,6874
6875,6875,1,6875
6876,6876,1,6876
6877,6877,1,6877
6878,6878,1,6878
6879,6879,1,6879
6880,6880,1,6880
6881,6881,1,6881
6882,6882,1,6882
6883,6883,1,6883
6884,6884,1,6884
6885,6885,1,6885
6886,6886,1,6886
6887,6887,1,1158
6888,6888,1,6888
6889,6889,1,6889
6890,6890,1,6890
6891,6891,1,6891
6892,6892,1,6892
6893,6893,1,6893
6894,6894,1,6894
6895,6895,1,6895
6896,6896,1,6896
7175,7175,1,7175
7176,7176,1,7176
7177,7177,1,7177
7178,7178,1,7178
7179,7179,1,7179
7180,7180,1,7180
7181,7181,1,7181
7182,7182,1,7182
7183,7183,1,7183
7184,7184,1,7184
7185,7185,1,7185
7186,7186,1,7186
7187,7187,1,7187
7188,7188,1,7188
7189,7189,1,7189
7190,7190,1,7190
7191,7191,1,7191
7192,7192,1,7192
7193,7193,1,7193
7194,7194,1,7194
7195,7195,1,7195
7196,7196,1,7196
7283,7283,1,7283
7284,7284,1,6905
7285,7285,1,7285
7286,7286,1,7286
7287,7287,1,7287
7288,7288,1,7288
7289,7289,1,7289
7290,7290,1,7290
7291,7291,1,7291
7292,7292,1,7292
7293,7293,1,7293
7294,7294,1,7294
7295,7295,1,7295
7296,7296,1,7296
7328,7328,1,7328
7329,7329,1,7329
7330,7330,1,7330
7331,7331,1,7331
7332,7332,1,7332
7333,7333,1,7333
7334,7334,1,7334
7335,7335,1,7335
7336,7336,1,7336
7337,7337,1,7337
7338,7338,1,7338
7339,7339,1,7339
7340,7340,1,7340
7341,7341,1,7341
7342,7342,1,7342
7343,7343,1,7343
7344,7344,1,7344
7345,7345,1,7345
7346,7346,1,7346
7347,7347,1,7347
7348,7348,1,7348
7349,7349,1,7349
7350,7350,1,7350
7351,7351,1,7351
7352,7352,1,7352
7353,7353,1,7353
7354,7354,1,7354
7355,7355,1,7355
7356,7356,1,7356
7357,7357,1,7357
7358,7358,1,7358
7359,7359,1,7359
7360,7360,1,7360
7361,7361,1,7361
7362,7362,1,7362
7363,7363,1,7363
7364,7364,1,7364
7365,7365,1,7365
7366,7366,1,7366
7367,7367,1,7367
7368,7368,1,7368
7369,7369,1,7369
7370,7370,1,7370
7371,7371,1,7371
7372,7372,1,7372
7373,7373,1,7373
7374,7374,1,7374
7375,7375,1,7375
7376,7376,1,7376
7377,7377,1,7377
7378,7378,1,7378
7379,7379,1,7379
7380,7380,1,7380
7381,7381,1,7381
7382,7382,1,7382
7383,7383,1,7383
7384,7384,1,7384
6897,6897,1,6897
6898,6898,1,6898
6899,6899,1,6899
6900,6900,1,6900
6901,6901,1,6901
6902,6902,1,6902
6903,6903,1,6903
6904,6904,1,6904
6905,6905,1,6905
6906,6906,1,6906
6907,6907,1,6907
6908,6908,1,6908
6909,6909,1,6909
6910,6910,1,6910
6911,6911,1,6911
6912,6912,1,6912
6913,6913,1,6913
6914,6914,1,6914
6915,6915,1,6915
6916,6916,1,6916
6917,6917,1,6917
6918,6918,1,6918
6919,6919,1,6919
6920,6920,1,6920
6921,6921,1,6921
6922,6922,1,6922
6923,6923,1,6923
6924,6924,1,6924
6925,6925,1,6925
6926,6926,1,6926
6927,6927,1,6927
6928,6928,1,6928
6929,6929,1,6929
6930,6930,1,6930
6931,6931,1,6931
6932,6932,1,6932
6933,6933,1,6933
6934,6934,1,6934
6935,6935,1,6935
6936,6936,1,6936
6937,6937,1,6937
6938,6938,1,6938
6939,6939,1,6939
6940,6940,1,6940
6941,6941,1,6941
6942,6942,1,6942
6943,6943,1,6943
6944,6944,1,6944
6945,6945,1,6945
6946,6946,1,6946
7197,7197,1,7197
7198,7198,1,7198
7199,7199,1,7199
7200,7200,1,7200
7201,7201,1,7201
7202,7202,1,7202
7203,7203,1,7203
7204,7204,1,3044
7205,7205,1,7205
7206,7206,1,7206
7207,7207,1,7207
7208,7208,1,7208
7209,7209,1,7209
7210,7210,1,7210
7211,7211,1,7211
7212,7212,1,7212
7213,7213,1,7213
7214,7214,1,7214
7215,7215,1,7215
7216,7216,1,7216
7217,7217,1,7217
7218,7218,1,7218
7219,7219,1,7219
7220,7220,1,7220
7221,7221,1,7221
2841,2793,1,2793
2843,2795,1,2795
2845,2797,1,2797
2847,2799,1,2799
2849,2800,1,2800
2851,2802,1,2802
2853,2804,1,2804
2855,2806,1,2806
2857,2808,1,2808
2859,2810,1,2810
2861,2812,1,2812
2863,2814,1,1678
2865,2816,1,2816
2867,2818,1,2818
2869,2820,1,2820
5052,5052,1,5052
5054,5054,1,5054
5056,5056,1,5056
5058,5058,1,5058
5060,5060,1,5060
5062,5062,1,5062
5064,5064,1,5064
5066,5066,1,5066
5068,5068,1,5068
5070,5070,1,5070
5072,5072,1,5072
5074,5074,1,5074
5076,5076,1,5076
5078,5078,1,5078
5080,5080,1,5080
5082,5082,1,5082
5084,5084,1,5084
5086,5086,1,5086
5088,5088,1,5088
5090,5090,1,5090
5092,5092,1,5092
5093,5093,1,5093
5094,5094,1,5094
5095,5095,1,5095
5096,5096,1,5096
5370,5370,1,5370
5371,5371,1,5371
7222,7222,1,7222
7223,7223,1,7223
7224,7224,1,7224
7225,7225,1,7225
7226,7226,1,7226
4252,4049,1,4049
4254,4050,1,4050
4255,4051,1,4051
7227,7227,1,7227
7228,7228,1,7228
7229,7229,1,7229
7230,7230,1,7230
7231,7231,1,7231
7232,7232,1,7232
4257,4052,1,4052
4259,4053,1,4053
4261,4054,1,4054
4263,4055,1,4055
3847,3727,1,3727
3848,3729,1,3729
3849,3731,1,3731
3850,3733,1,3733
3851,3735,1,3735
3852,3737,1,3737
3853,3739,1,3739
3854,3741,1,3741
3855,3743,1,3743
3856,3745,1,3745
3857,3747,1,3747
3858,3749,1,3749
3859,3751,1,3751
3860,3753,1,3753
3861,3755,1,3755
3862,3757,1,3757
3863,3759,1,3759
3864,3761,1,3761
3865,3763,1,3763
3866,3765,1,3765
3867,3767,1,3767
3868,3768,1,3768
3869,3769,1,3769
3870,3770,1,3770
3871,3771,1,3771
6947,6947,1,6947
6948,6948,1,6948
6949,6949,1,6949
6950,6950,1,6950
6951,6951,1,6951
6952,6952,1,6952
6953,6953,1,6953
6954,6954,1,6954
6955,6955,1,6912
6956,6956,1,6956
6957,6957,1,6957
6958,6958,1,6958
6959,6959,1,6959
6960,6960,1,6960
5079,4890,1,4890
5081,4891,1,4891
5083,4892,1,4892
5085,4893,1,4893
5087,4894,1,4894
5089,4895,1,4895
5091,4896,1,4896
5372,5372,1,5372
5373,5373,1,5373
5374,5374,1,5374
5375,5375,1,5375
5376,5376,1,5376
5377,5377,1,5377
5378,5378,1,5378
5379,5379,1,5379
5380,5380,1,5380
6961,6961,1,6961
6962,6962,1,6962
6963,6963,1,6963
6964,6964,1,6964
6965,6965,1,6965
6966,6966,1,6966
6967,6967,1,6967
6968,6968,1,6968
6969,6969,1,6969
6970,6970,1,6970
6971,6971,1,6971
6972,6972,1,6972
6973,6973,1,6973
6974,6974,1,6974
6975,6975,1,6975
6976,6976,1,6976
6977,6977,1,6977
6978,6978,1,6978
6979,6979,1,6979
6980,6980,1,6980
6981,6981,1,6981
6982,6982,1,6982
6983,6983,1,6983
6984,6984,1,6984
6985,6985,1,6985
6986,6986,1,6986
6987,6987,1,6987
6988,6988,1,6988
6989,6989,1,6989
6990,6990,1,6990
6991,6991,1,6991
6992,6992,1,6992
6993,6993,1,6993
6994,6994,1,6994
6995,6995,1,6995
6996,6996,1,6996
7233,7233,1,7233
7234,7234,1,7234
7235,7235,1,7235
7236,7236,1,7236
7237,7237,1,7237
7238,7238,1,7238
7239,7239,1,7239
7240,7240,1,7240
7241,7241,1,7241
7242,7242,1,7242
7243,7243,1,7243
7244,7244,1,7244
7245,7245,1,7245
7246,7246,1,7246
7297,7297,1,7297
7298,7298,1,7298
7299,7299,1,7299
7300,7300,1,7300
7301,7301,1,7301
7302,7302,1,7302
7303,7303,1,7303
7304,7304,1,7304
7305,7305,1,7305
7306,7306,1,7306
7307,7307,1,7052
7308,7308,1,7308
7309,7309,1,7309
7310,7310,1,7310
7311,7311,1,7311
7312,7312,1,7312
7313,7313,1,7313
7314,7314,1,7314
7315,7315,1,7315
7316,7316,1,7316
7317,7317,1,7317
7318,7318,1,7318
7319,7319,1,7319
7320,7320,1,7320
7321,7321,1,7321
7322,7322,1,7322
7323,7323,1,7323
7324,7324,1,7324
7325,7325,1,7325
7326,7326,1,7326
7327,7327,1,7327
6997,6997,1,6997
6998,6998,1,6998
6999,6999,1,6999
7000,7000,1,7000
7001,7001,1,7001
7002,7002,1,7002
7003,7003,1,7003
7004,7004,1,7004
7005,7005,1,7005
7006,7006,1,7006
7007,7007,1,7007
7008,7008,1,7008
7009,7009,1,7009
7010,7010,1,7010
7011,7011,1,7011
7012,7012,1,7012
7013,7013,1,7013
7014,7014,1,7014
7015,7015,1,7015
7016,7016,1,7016
7017,7017,1,7017
7018,7018,1,7018
7019,7019,1,7019
7020,7020,1,7020
7021,7021,1,7021
2923,2872,1,2872
2925,2873,1,2873
2927,2874,1,2874
2929,2875,1,2875
2931,2876,1,2876
2933,2877,1,2877
2935,2879,1,2879
2937,2881,1,2881
2939,2883,1,2883
2941,2885,1,2885
2943,2887,1,2887
2945,2889,1,2889
2947,2891,1,2891
2949,2893,1,2893
2951,2895,1,2895
2953,2897,1,2897
2955,2899,1,2899
2957,2901,1,2901
2959,2903,1,2903
2961,2905,1,2905
2963,2907,1,2907
2965,2909,1,2909
2967,2911,1,2911
2969,2913,1,2913
2971,2915,1,2915
2973,2922,1,2922
2975,2924,1,2924
2977,2926,1,2926
2979,2928,1,2928
2981,2930,1,2930
2983,2932,1,2932
2985,2934,1,2934
2987,2936,1,2936
2989,2938,1,2938
2991,2940,1,2940
2993,2942,1,2942
2995,2944,1,2944
2997,2946,1,2946
2999,2948,1,2948
3001,2950,1,2950
3003,2952,1,2952
3005,2954,1,2954
3007,2956,1,2956
3009,2958,1,2958
3011,2960,1,2960
3013,2962,1,2962
3015,2964,1,2964
3017,2966,1,2966
3019,2968,1,2968
3021,2970,1,2970
7247,7247,1,7247
7248,7248,1,7248
7249,7249,1,7249
7250,7250,1,7250
7251,7251,1,7251
7252,7252,1,7252
7253,7253,1,7253
7254,7254,1,7254
7255,7255,1,7255
7256,7256,1,7256
7257,7257,1,7257
7258,7258,1,7258
7259,7259,1,7259
7260,7260,1,7260
7261,7261,1,7261
7262,7262,1,7262
7263,7263,1,7263
7264,7264,1,7264
7265,7265,1,7265
7266,7266,1,7266
7267,7267,1,7267
7268,7268,1,7268
7269,7269,1,7269
7270,7270,1,7270
7271,7271,1,7271
7272,7272,1,7272
7273,7273,1,7273
7274,7274,1,7274
3022,2972,1,2972
3023,2974,1,2974
3025,2976,1,2976
3027,2978,1,2978
3029,2980,1,2980
3031,2982,1,2982
3033,2984,1,2984
3035,2986,1,2986
3037,2988,1,2988
3039,2990,1,2990
3041,2992,1,2992
3043,2994,1,2994
3045,2996,1,2996
3047,2998,1,2998
3049,3000,1,3000
3051,3002,1,3002
3053,3004,1,3004
3055,3006,1,3006
3057,3008,1,3008
3059,3010,1,3010
3061,3012,1,3012
3063,3014,1,3014
3065,3016,1,3016
3067,3018,1,3018
3069,3020,1,3020
7275,7275,1,7275
7276,7276,1,7276
7277,7277,1,7277
7278,7278,1,7278
7279,7279,1,7279
7280,7280,1,7280
7281,7281,1,7281
7282,7282,1,7282
5097,5097,1,5097
5098,5098,1,5098
5099,5099,1,5099
5100,5100,1,5100
5101,5101,1,5101
5102,5102,1,5102
5103,5103,1,5103
5104,5104,1,5104
5105,5105,1,5105
3147,3073,1,3073
3148,3075,1,3075
3149,3077,1,3077
3150,3079,1,3079
3151,3081,1,3081
3152,3083,1,3083
3153,3085,1,3085
3154,3087,1,3087
3155,3089,1,3089
3156,3091,1,3091
3157,3093,1,3093
3158,3095,1,3095
3159,3096,1,3096
3160,3098,1,3098
3161,3100,1,3100
3162,3102,1,3102
3163,3104,1,3104
3164,3106,1,3106
3165,3108,1,3108
3166,3110,1,3110
3167,3112,1,3112
3168,3114,1,3114
3169,3116,1,3116
3170,3118,1,3118
3171,3120,1,3120
3172,3122,1,3122
3173,3123,1,3123
3174,3124,1,3124
3175,3125,1,3125
3176,3126,1,3126
3177,3127,1,3127
3178,3128,1,3128
3179,3129,1,3129
3180,3130,1,3130
3181,3131,1,3131
3182,3132,1,3132
3183,3133,1,3133
4197,3997,1,3997
3185,3134,1,3134
4199,3998,1,3998
3187,3135,1,3135
4201,3999,1,3999
3189,3136,1,3136
4203,4000,1,4000
3191,3137,1,3137
4205,4001,1,4001
3193,3138,1,3138
4207,4002,1,4002
3195,3139,1,3139
4209,4003,1,4003
3197,3140,1,3140
4211,4004,1,4004
3199,3141,1,3141
4213,4005,1,4005
3201,3142,1,3142
4215,4006,1,4006
3203,3143,1,3143
4217,4007,1,4007
3205,3144,1,3144
4219,4008,1,4008
3207,3145,1,3145
4221,4009,1,4009
3209,3146,1,3146
4223,4010,1,4010
4225,4011,1,4011
4227,4012,1,4012
4229,4013,1,3902
4231,4014,1,4014
3222,3184,1,3184
3224,3186,1,3186
3226,3188,1,3188
3228,3190,1,3190
3230,3192,1,3192
3232,3194,1,3194
3234,3196,1,3196
3236,3198,1,3198
3238,3200,1,3200
3240,3202,1,3202
3242,3204,1,3204
3244,3206,1,3206
3246,3208,1,3208
3248,3210,1,3210
3250,3211,1,3211
3252,3212,1,3212
3254,3213,1,3213
3256,3214,1,3214
3258,3215,1,3215
3260,3216,1,3216
3262,3217,1,3217
3264,3218,1,3218
3266,3219,1,3219
3268,3220,1,3220
3270,3221,1,3221
3273,3223,1,3223
3275,3225,1,3225
3277,3227,1,3227
3279,3229,1,3229
3281,3231,1,3231
3283,3233,1,3233
3285,3235,1,3235
3287,3237,1,3237
3289,3239,1,3239
3291,3241,1,3241
3293,3243,1,3243
3295,3245,1,3245
3296,3247,1,3247
3298,3249,1,3249
3300,3251,1,3251
3302,3253,1,3253
3304,3255,1,3255
3306,3257,1,3257
3308,3259,1,3259
3310,3261,1,3261
3312,3263,1,3263
3314,3265,1,3265
3316,3267,1,3267
3318,3269,1,3269
3320,3271,1,3271
3328,3272,1,3272
3330,3274,1,3274
3332,3276,1,3276
3334,3278,1,3278
5106,5106,1,5106
5107,5107,1,5107
5108,5108,1,5108
5109,5109,1,5109
5110,5110,1,5110
5111,5111,1,5111
5112,5112,1,5112
5113,5113,1,5113
5114,5114,1,5114
5115,5115,1,5115
5116,5116,1,5116
5117,5117,1,5117
5118,5118,1,5118
5119,5119,1,5119
5120,5120,1,5120
5121,5121,1,5121
5381,5381,1,5381
5382,5382,1,5382
5383,5383,1,5383
5384,5384,1,5384
5385,5385,1,5385
5386,5386,1,5386
5387,5387,1,5387
5388,5388,1,5388
5389,5389,1,5389
3922,3822,1,3822
3923,3823,1,3823
3924,3824,1,3824
3925,3825,1,3825
3926,3826,1,3826
3927,3827,1,3827
3928,3828,1,3828
3929,3829,1,3829
3930,3830,1,3830
3931,3831,1,3831
3932,3832,1,3832
3933,3833,1,3833
3934,3834,1,3834
3935,3835,1,3835
3936,3836,1,3836
3937,3837,1,3837
3938,3838,1,3838
3939,3839,1,3839
3940,3840,1,3840
3941,3841,1,3841
3942,3842,1,3842
3943,3843,1,3843
3944,3844,1,3844
3945,3845,1,3845
3946,3846,1,3846
5390,5390,1,5390
5391,5391,1,5391
5392,5392,1,5392
5393,5393,1,5393
5394,5394,1,5394
5395,5395,1,5395
5396,5396,1,5396
5597,5597,1,5597
5598,5598,1,5598
5599,5599,1,5599
5600,5600,1,5600
5601,5601,1,5601
5602,5602,1,5602
5603,5603,1,5603
5604,5604,1,5604
5605,5605,1,5605
5606,5606,1,5606
5607,5607,1,5607
5608,5608,1,5608
5609,5609,1,5609
5610,5610,1,5610
5611,5611,1,5611
5612,5612,1,5612
5613,5613,1,5613
5614,5614,1,5614
5615,5615,1,5615
5616,5616,1,5616
5617,5617,1,5617
5618,5618,1,5618
5619,5619,1,5619
5620,5620,1,5620
5621,5621,1,5621
5772,5772,1,5772
5773,5773,1,5773
5774,5774,1,5774
5775,5775,1,5775
5776,5776,1,5776
5777,5777,1,5777
5778,5778,1,5778
5779,5779,1,5779
5780,5780,1,5780
5781,5781,1,5781
5782,5782,1,5782
5783,5783,1,5783
5784,5784,1,5784
5785,5785,1,5785
5786,5786,1,5786
5787,5787,1,5438
5788,5788,1,5788
5789,5789,1,5789
5790,5790,1,5790
5791,5791,1,5791
5792,5792,1,5792
5793,5793,1,5793
5794,5794,1,5794
5795,5795,1,5795
5796,5796,1,5796
7022,7022,1,7022
7023,7023,1,7023
7024,7024,1,7024
7025,7025,1,7025
7026,7026,1,7026
7027,7027,1,7027
7028,7028,1,7028
7029,7029,1,7029
7030,7030,1,7030
7031,7031,1,7031
7032,7032,1,7032
7033,7033,1,7033
7034,7034,1,7034
7035,7035,1,7035
7036,7036,1,7036
7037,7037,1,7037
7038,7038,1,7038
7039,7039,1,7039
7040,7040,1,7040
7041,7041,1,7041
7042,7042,1,7042
7043,7043,1,7043
7044,7044,1,7044
7045,7045,1,7045
7046,7046,1,7046
6030,1355,1,1355
6031,1356,1,1356
6032,1357,1,1357
6033,1358,1,1358
3336,3280,1,3280
3338,3282,1,3282
3340,3284,1,3284
3342,3286,1,3286
3344,3288,1,3288
3346,3290,1,3290
3348,3292,1,3292
3350,3294,1,3294
3352,3297,1,3297
3354,3299,1,3299
3356,3301,1,3301
3358,3303,1,3303
3360,3305,1,3305
3362,3307,1,3307
3364,3309,1,3309
3366,3311,1,3311
3367,3313,1,3313
3368,3315,1,3315
3369,3317,1,3317
3370,3319,1,3319
3371,3321,1,3321
5122,5122,1,5122
5123,5123,1,5123
5124,5124,1,5124
5125,5125,1,5125
5126,5126,1,5126
3377,3322,1,3322
5127,5127,1,5127
3379,3323,1,3323
5128,5128,1,5128
3381,3324,1,3324
5129,5129,1,5129
3383,3325,1,3325
5130,5130,1,5130
3385,3326,1,3326
5131,5131,1,5131
3387,3327,1,3327
5132,5132,1,5132
3389,3329,1,3329
5133,5133,1,5133
3391,3331,1,3331
5134,5134,1,5134
3393,3333,1,3333
5135,5135,1,5135
3395,3335,1,3335
5136,5136,1,5136
3397,3337,1,3337
5137,5137,1,5137
3399,3339,1,3339
5138,5138,1,5138
3401,3341,1,3341
5139,5139,1,5139
3403,3343,1,3343
5140,5140,1,5140
3405,3345,1,3345
5141,5141,1,5141
3407,3347,1,3347
5142,5142,1,5142
3409,3349,1,3349
5143,5143,1,5143
3411,3351,1,3351
3413,3353,1,3353
3415,3355,1,3355
3417,3357,1,3357
3418,3359,1,3359
3419,3361,1,3361
3420,3363,1,3363
3421,3365,1,3365
3422,3372,1,3372
3424,3373,1,3373
3426,3374,1,3374
3428,3375,1,3375
3430,3376,1,3376
3432,3378,1,3378
3434,3380,1,3380
3436,3382,1,3382
3438,3384,1,3384
3440,3386,1,3386
3442,3388,1,3388
3444,3390,1,3390
3446,3392,1,3392
3448,3394,1,3394
3450,3396,1,3396
3452,3398,1,3398
3454,3400,1,3400
3456,3402,1,3402
3458,3404,1,3404
3460,3406,1,3406
3462,3408,1,3408
3464,3410,1,3410
3466,3412,1,3412
3468,3414,1,3414
3470,3416,1,3416
3472,3423,1,3423
3473,3425,1,3425
3474,3427,1,3427
3476,3429,1,3429
3478,3431,1,3431
3480,3433,1,3433
3482,3435,1,3435
3484,3437,1,3437
3486,3439,1,3439
3488,3441,1,3441
3490,3443,1,3443
3492,3445,1,3445
3494,3447,1,3447
3496,3449,1,3449
3498,3451,1,3451
3500,3453,1,3453
3502,3455,1,3455
3504,3457,1,3457
3506,3459,1,3459
3508,3461,1,3461
3510,3463,1,3463
3512,3465,1,3465
3514,3467,1,3467
3516,3469,1,3469
3518,3471,1,3471
3522,3475,1,3475
3524,3477,1,3477
3526,3479,1,3479
3528,3481,1,3481
3530,3483,1,3483
3532,3485,1,3485
3534,3487,1,3487
3536,3489,1,3489
3538,3491,1,3491
3540,3493,1,3493
3542,3495,1,3495
3544,3497,1,3497
3546,3499,1,3499
5144,5144,1,5144
5145,5145,1,5145
5146,5146,1,5146
5397,5397,1,5397
5398,5398,1,5398
5399,5399,1,5399
5400,5400,1,5400
5401,5401,1,5401
5402,5402,1,5402
5403,5403,1,5403
5404,5404,1,5404
5405,5405,1,5405
5406,5406,1,5406
5407,5407,1,5407
5408,5408,1,5408
5409,5409,1,5409
5410,5410,1,5410
5411,5411,1,5411
5412,5412,1,5412
5413,5413,1,5413
5414,5414,1,5414
5415,5415,1,5415
5416,5416,1,5416
5417,5417,1,5417
5418,5418,1,5418
5419,5419,1,5419
5420,5420,1,5420
5421,5421,1,5421
4022,3872,1,3872
4023,3873,1,3873
4024,3874,1,3874
4025,3875,1,3875
4026,3876,1,3876
4027,3877,1,3877
4028,3878,1,3878
4029,3879,1,3879
4030,3880,1,3880
4031,3881,1,3881
4032,3882,1,3882
4033,3883,1,3883
4034,3884,1,3884
4035,3885,1,3885
4036,3886,1,3886
4037,3887,1,3887
4038,3888,1,3888
4039,3889,1,3889
4040,3890,1,3890
4041,3891,1,3891
4042,3892,1,3892
4043,3893,1,3893
4044,3894,1,3894
4045,3895,1,3895
4046,3896,1,3896
5622,5622,1,5622
5623,5623,1,5623
5624,5624,1,5624
5625,5625,1,5625
5626,5626,1,5626
5627,5627,1,5627
5628,5628,1,5628
5629,5629,1,5629
5630,5630,1,5630
5631,5631,1,5631
5632,5632,1,5632
5633,5633,1,5633
5634,5634,1,5634
5635,5635,1,5635
5636,5636,1,5636
5637,5637,1,5637
5638,5638,1,5638
5639,5639,1,5639
5640,5640,1,5640
5641,5641,1,5641
5642,5642,1,5642
5643,5643,1,5643
5644,5644,1,5644
5645,5645,1,5645
5646,5646,1,5646
4233,4015,1,4015
4235,4016,1,4016
4237,4017,1,4017
4239,4018,1,4018
4241,4019,1,4019
4243,4020,1,4020
4245,4021,1,4021
4264,4056,1,4056
4266,4057,1,4057
4268,4058,1,4058
4270,4059,1,4059
4272,4060,1,4060
4274,4061,1,4061
4277,4062,1,4062
4279,4063,1,4063
4281,4064,1,4064
4283,4065,1,4065
4285,4066,1,4066
4287,4067,1,4067
4289,4068,1,4068
4291,4069,1,4069
4293,4070,1,4070
4295,4071,1,4071
4298,4122,1,4122
4300,4123,1,4123
4302,4124,1,4124
4304,4125,1,4125
4306,4126,1,4126
4308,4127,1,4127
4310,4128,1,4128
4312,4129,1,4129
4314,4130,1,4130
4316,4131,1,4131
4318,4132,1,4132
4320,4133,1,4133
4322,4134,1,4134
4324,4135,1,4135
4326,4136,1,4136
4328,4137,1,4137
4330,4138,1,4138
5797,5797,1,5797
4332,4139,1,4139
5798,5798,1,5798
4334,4140,1,4140
5799,5799,1,5799
4336,4141,1,4141
5800,5800,1,5800
4338,4142,1,4142
5801,5801,1,5801
4340,4143,1,4143
5802,5802,1,5802
4342,4144,1,4144
5803,5803,1,5803
4344,4145,1,4145
5804,5804,1,5804
4346,4146,1,4146
4347,4172,1,4172
4348,4173,1,4173
3548,3501,1,3501
3550,3503,1,3503
3552,3505,1,3505
3554,3507,1,3507
3556,3509,1,3509
3558,3511,1,3511
3560,3513,1,3513
3562,3515,1,3515
3564,3517,1,3517
3566,3519,1,3519
3568,3520,1,3520
3570,3521,1,3521
4072,3897,1,3897
4073,3898,1,3898
4074,3899,1,3899
4075,3900,1,3900
4076,3901,1,3901
4077,3902,1,3902
3578,3523,1,976
4078,3903,1,3903
3580,3525,1,3525
4079,3904,1,3904
3582,3527,1,3527
4080,3905,1,3905
3584,3529,1,3529
4081,3906,1,3906
3586,3531,1,3531
4082,3907,1,3907
3588,3533,1,3533
4083,3908,1,3908
3590,3535,1,3535
4084,3909,1,3909
3592,3537,1,3537
4085,3910,1,3910
3594,3539,1,3539
4086,3911,1,3911
3596,3541,1,3541
4087,3912,1,3912
3598,3543,1,3543
4088,3913,1,3913
3600,3545,1,3545
4089,3914,1,3914
3602,3547,1,3547
4090,3915,1,3915
3604,3549,1,3549
4091,3916,1,3916
3606,3551,1,3551
4092,3917,1,3917
3608,3553,1,3553
4093,3918,1,3918
3610,3555,1,3555
4094,3919,1,3919
3612,3557,1,3557
4095,3920,1,3920
3614,3559,1,3559
4096,3921,1,3921
3616,3561,1,3561
3617,3563,1,3563
3618,3565,1,3565
3619,3567,1,3567
3620,3569,1,3569
3621,3571,1,3571
4097,3947,1,3947
4098,3948,1,3948
4099,3949,1,3949
4100,3950,1,3950
4101,3951,1,3951
4102,3952,1,3952
4103,3953,1,3953
4104,3954,1,3954
4105,3955,1,3955
4106,3956,1,3956
4107,3957,1,3957
4108,3958,1,3958
4109,3959,1,3959
4110,3960,1,3960
4111,3961,1,3961
4112,3962,1,3962
4113,3963,1,3963
4114,3964,1,3964
4115,3965,1,3965
4116,3966,1,3966
4117,3967,1,3967
4118,3968,1,3968
4119,3969,1,3969
4120,3970,1,3970
4121,3971,1,3971
5147,5147,1,5147
5148,5148,1,5148
5149,5149,1,3351
5150,5150,1,5150
5151,5151,1,5151
5152,5152,1,5152
5153,5153,1,5153
5154,5154,1,5154
5155,5155,1,5155
5156,5156,1,5156
5157,5157,1,5157
5158,5158,1,5158
5159,5159,1,5159
5160,5160,1,5160
5161,5161,1,5161
5162,5162,1,5162
5163,5163,1,5163
5164,5164,1,5164
5165,5165,1,5165
5166,5166,1,5166
5167,5167,1,5167
5168,5168,1,5168
5169,5169,1,5169
5170,5170,1,5170
3672,3572,1,3572
3673,3573,1,3573
3674,3574,1,3574
3675,3575,1,3575
3676,3576,1,3576
3677,3577,1,3577
3678,3579,1,3579
3679,3581,1,3581
3680,3583,1,3583
3681,3585,1,3585
3682,3587,1,3587
3683,3589,1,3589
3684,3591,1,3591
3685,3593,1,3593
3686,3595,1,3595
3687,3597,1,3597
3688,3599,1,3599
3689,3601,1,3601
3690,3603,1,3603
3691,3605,1,3605
3692,3607,1,3607
3693,3609,1,3609
3694,3611,1,3611
3695,3613,1,3613
3696,3615,1,3615
5171,5171,1,5171
5422,5422,1,5422
5423,5423,1,5423
5424,5424,1,5424
5425,5425,1,5425
5426,5426,1,5426
5427,5427,1,5427
5428,5428,1,5428
5429,5429,1,5429
3722,3622,1,3622
3723,3623,1,3623
3724,3624,1,3624
3725,3625,1,3625
3726,3626,1,3626
5430,5430,1,5430
3728,3627,1,3627
5431,5431,1,5431
3730,3628,1,3628
5432,5432,1,5432
3732,3629,1,3629
5433,5433,1,5433
3734,3630,1,3630
5434,5434,1,5434
3736,3631,1,3631
5435,5435,1,5435
3738,3632,1,3632
5436,5436,1,5436
3740,3633,1,3633
5437,5437,1,5437
3742,3634,1,3634
5438,5438,1,5438
3744,3635,1,3635
5439,5439,1,5439
3746,3636,1,3636
5440,5440,1,5440
3748,3637,1,3637
5441,5441,1,5441
3750,3638,1,3638
5442,5442,1,5442
3752,3639,1,3639
5443,5443,1,5443
3754,3640,1,3640
5444,5444,1,5444
3756,3641,1,3641
5445,5445,1,5445
3758,3642,1,3642
5446,5446,1,5446
3760,3643,1,3643
5647,5647,1,5647
3762,3644,1,3644
5648,5648,1,5648
3764,3645,1,3645
5649,5649,1,5649
3766,3646,1,3646
5650,5650,1,5650
5651,5651,1,5651
5652,5652,1,5652
5653,5653,1,5653
5654,5654,1,5654
3772,3647,1,3647
3773,3648,1,3648
3774,3649,1,3649
3775,3650,1,3650
3776,3651,1,3651
3777,3652,1,3652
3778,3653,1,3653
3779,3654,1,3654
3780,3655,1,3655
3781,3656,1,3656
3782,3657,1,3657
3783,3658,1,3658
3784,3659,1,3659
3785,3660,1,3660
3786,3661,1,3661
3787,3662,1,3662
3788,3663,1,3663
3789,3664,1,3664
3790,3665,1,3665
3791,3666,1,3666
3792,3667,1,3667
3793,3668,1,3668
3794,3669,1,3669
3795,3670,1,3670
3796,3671,1,3671
5655,5655,1,5655
5656,5656,1,5656
5657,5657,1,5657
5658,5658,1,5658
5659,5659,1,5659
5660,5660,1,5660
5661,5661,1,5661
5662,5662,1,5662
5663,5663,1,5663
5664,5664,1,5664
5665,5665,1,5665
5666,5666,1,5666
5667,5667,1,5667
5668,5668,1,5668
5669,5669,1,5669
5670,5670,1,5670
5671,5671,1,5671
5805,5805,1,5805
5806,5806,1,5806
5807,5807,1,5807
5808,5808,1,5808
5809,5809,1,5809
5810,5810,1,5810
5811,5811,1,5811
5812,5812,1,5812
4147,3972,1,3972
4148,3973,1,3973
4149,3974,1,3974
4150,3975,1,3975
4151,3976,1,3976
4152,3977,1,3977
4153,3978,1,3978
4154,3979,1,3979
4155,3980,1,3980
4156,3981,1,3981
4157,3982,1,3982
4158,3983,1,3983
4159,3984,1,3984
4160,3985,1,3985
4161,3986,1,3986
4162,3987,1,3987
4163,3988,1,3988
4164,3989,1,3989
4165,3990,1,3990
4166,3991,1,3991
4167,3992,1,3992
4168,3993,1,3993
4169,3994,1,3994
4170,3995,1,3995
4171,3996,1,3996
4248,4047,1,4047
4250,4048,1,1063
4349,4174,1,4174
4350,4175,1,4175
4351,4176,1,4176
4352,4177,1,4177
4353,4178,1,4178
4354,4179,1,4179
4355,4180,1,4180
4356,4181,1,4181
4357,4182,1,4182
4358,4183,1,4183
4359,4184,1,4184
4360,4185,1,4185
4361,4186,1,4186
4362,4187,1,4187
4363,4188,1,4188
4364,4189,1,4189
4365,4190,1,4190
4366,4191,1,4191
4367,4192,1,4192
4368,4193,1,4193
4369,4194,1,4194
4370,4195,1,4195
4371,4196,1,4196
5172,5172,1,5172
5173,5173,1,5173
5174,5174,1,5174
5175,5175,1,5175
5176,5176,1,5176
5177,5177,1,5177
5178,5178,1,5178
5179,5179,1,5179
5180,5180,1,5180
5181,5181,1,5181
5182,5182,1,5182
5183,5183,1,5183
5184,5184,1,5184
5185,5185,1,5185
5186,5186,1,5186
5187,5187,1,5187
5188,5188,1,5188
5189,5189,1,5189
5190,5190,1,5190
5191,5191,1,5191
5192,5192,1,5192
5193,5193,1,5193
5194,5194,1,5194
5195,5195,1,5195
5196,5196,1,5196
4397,4198,1,4198
4398,4200,1,4200
4399,4202,1,4202
4400,4204,1,4204
4401,4206,1,4206
4402,4208,1,4208
4403,4210,1,4210
4404,4212,1,4212
4405,4214,1,4214
4406,4216,1,4216
4407,4218,1,4218
4408,4220,1,4220
4409,4222,1,4222
4410,4224,1,4224
4411,4226,1,4226
4412,4228,1,4228
4413,4230,1,4230
4414,4232,1,4232
4415,4234,1,4234
4416,4236,1,4236
4417,4238,1,4238
4418,4240,1,4240
4419,4242,1,4242
4420,4244,1,4244
4421,4246,1,4246
5447,5447,1,5447
5448,5448,1,5448
5449,5449,1,5449
5450,5450,1,5450
5451,5451,1,5451
5452,5452,1,5452
5453,5453,1,5453
5454,5454,1,5454
5455,5455,1,5455
5456,5456,1,5456
5457,5457,1,5457
5458,5458,1,5458
5459,5459,1,5459
5460,5460,1,5460
5461,5461,1,548
5462,5462,1,5462
5463,5463,1,5463
5464,5464,1,5464
5465,5465,1,5465
5466,5466,1,5466
5467,5467,1,5467
5468,5468,1,5468
5469,5469,1,5469
5470,5470,1,5470
5471,5471,1,5471
4447,4247,1,4247
4448,4249,1,4249
4449,4251,1,4251
4450,4253,1,4253
4451,4256,1,4256
4452,4258,1,4258
4453,4260,1,4260
4454,4262,1,4262
4455,4265,1,4265
4456,4267,1,4267
4457,4269,1,4269
4458,4271,1,4271
4459,4273,1,4273
4460,4275,1,4275
4461,4276,1,4276
4462,4278,1,4278
4463,4280,1,4280
4464,4282,1,4282
4465,4284,1,4284
4466,4286,1,4286
4467,4288,1,4288
4468,4290,1,4290
4469,4292,1,4292
4470,4294,1,4294
4471,4296,1,4296
5672,5672,1,5672
5673,5673,1,5673
5674,5674,1,5674
5675,5675,1,5675
5676,5676,1,5676
5677,5677,1,5677
5678,5678,1,5678
5679,5679,1,5679
5680,5680,1,5680
5681,5681,1,5681
5682,5682,1,5682
5683,5683,1,5683
5684,5684,1,5684
5197,5197,1,5197
5198,5198,1,5198
5199,5199,1,5199
5200,5200,1,5200
5201,5201,1,5201
5202,5202,1,5202
5203,5203,1,5203
5204,5204,1,5204
5205,5205,1,5205
5206,5206,1,5206
5207,5207,1,5207
5208,5208,1,5208
5209,5209,1,5209
5210,5210,1,5210
5211,5211,1,5211
5212,5212,1,5212
5213,5213,1,5213
5214,5214,1,5214
5215,5215,1,5215
5216,5216,1,5216
5217,5217,1,5217
5218,5218,1,5218
5219,5219,1,5219
5220,5220,1,5220
5221,5221,1,5221
5472,5472,1,5472
5473,5473,1,5473
5474,5474,1,5474
5475,5475,1,5475
5476,5476,1,5476
5477,5477,1,5477
5478,5478,1,5478
5479,5479,1,5479
5480,5480,1,5480
5481,5481,1,5481
5482,5482,1,5482
5483,5483,1,5483
4522,4297,1,4297
4523,4299,1,4299
4524,4301,1,4301
4525,4303,1,4303
4526,4305,1,4305
4527,4307,1,4307
4528,4309,1,4309
4529,4311,1,4311
4530,4313,1,4313
4531,4315,1,4315
4532,4317,1,4317
4533,4319,1,4319
4534,4321,1,4321
4535,4323,1,4323
4536,4325,1,4325
4537,4327,1,4327
4538,4329,1,4329
4539,4331,1,4331
4540,4333,1,4333
4541,4335,1,4335
4542,4337,1,4337
4543,4339,1,4339
4544,4341,1,4341
4545,4343,1,4343
4546,4345,1,4345
5484,5484,1,5484
5485,5485,1,5485
5486,5486,1,5486
5487,5487,1,5487
5488,5488,1,5488
5489,5489,1,5489
5490,5490,1,5490
5491,5491,1,5491
5492,5492,1,5492
5493,5493,1,5493
5494,5494,1,5494
5495,5495,1,5495
5496,5496,1,5496
5685,5685,1,5685
5686,5686,1,5686
5687,5687,1,5687
5688,5688,1,5688
5689,5689,1,5689
5690,5690,1,5690
5691,5691,1,5691
5692,5692,1,5692
5693,5693,1,5693
5694,5694,1,5694
5695,5695,1,5695
5696,5696,1,5696
4572,4372,1,4372
4573,4373,1,4373
4574,4374,1,4374
4575,4375,1,4375
4576,4376,1,4376
4577,4377,1,4377
4578,4378,1,4378
4579,4379,1,4379
4580,4380,1,4380
4581,4381,1,4381
4582,4382,1,4382
4583,4383,1,4383
4584,4384,1,4384
4585,4385,1,4385
4586,4386,1,4386
4587,4387,1,4387
4588,4388,1,4388
4589,4389,1,4389
4590,4390,1,4390
4591,4391,1,4391
4592,4392,1,4392
4593,4393,1,4393
4594,4394,1,4394
4595,4395,1,4395
4596,4396,1,4396
4597,4422,1,4422
4598,4423,1,4423
5813,5813,1,5813
4600,4424,1,4424
5814,5814,1,5814
4602,4425,1,4425
5815,5815,1,5815
4604,4426,1,4426
5816,5816,1,5816
4606,4427,1,4427
5817,5817,1,5817
4608,4428,1,4428
5818,5818,1,5818
4610,4429,1,4429
5819,5819,1,5819
4612,4430,1,4430
5820,5820,1,5820
4614,4431,1,4431
5821,5821,1,5821
4616,4432,1,4432
5922,1222,1,1222
4618,4433,1,4433
5923,1223,1,1223
4620,4434,1,4434
5222,5222,1,5222
5223,5223,1,5223
5224,5224,1,5224
5225,5225,1,5225
5226,5226,1,5226
5227,5227,1,5227
5228,5228,1,5228
5229,5229,1,5229
5230,5230,1,5230
5231,5231,1,5231
5232,5232,1,5232
5233,5233,1,5233
5234,5234,1,5234
5235,5235,1,5235
5236,5236,1,5236
5237,5237,1,5237
5238,5238,1,5238
5239,5239,1,5239
5240,5240,1,5240
5241,5241,1,5241
5242,5242,1,5242
5243,5243,1,5243
5244,5244,1,5244
5245,5245,1,5245
5246,5246,1,5246
5497,5497,1,5497
5498,5498,1,5498
5499,5499,1,4128
5500,5500,1,5500
5501,5501,1,5501
5502,5502,1,5502
5503,5503,1,5503
5504,5504,1,5504
5505,5505,1,5505
5506,5506,1,5506
5507,5507,1,5507
5508,5508,1,5508
5509,5509,1,5509
5510,5510,1,5510
5511,5511,1,5511
5512,5512,1,5512
5513,5513,1,5513
5514,5514,1,5514
5515,5515,1,5515
5516,5516,1,5516
5517,5517,1,5517
5518,5518,1,5518
5519,5519,1,5519
5520,5520,1,5520
5521,5521,1,5521
5697,5697,1,5697
5698,5698,1,5698
5699,5699,1,5699
5700,5700,1,5700
5701,5701,1,5701
5702,5702,1,5702
5703,5703,1,5703
5704,5704,1,5704
5705,5705,1,5705
5706,5706,1,5706
5707,5707,1,5707
5708,5708,1,5708
5709,5709,1,5709
5710,5710,1,5710
5711,5711,1,5711
5712,5712,1,5712
5713,5713,1,5713
5714,5714,1,5714
5715,5715,1,5715
5716,5716,1,5716
5717,5717,1,5717
5718,5718,1,5718
5719,5719,1,5719
5720,5720,1,5720
5721,5721,1,5721
7047,7047,1,7047
7048,7048,1,7048
7049,7049,1,7049
7050,7050,1,7050
7051,7051,1,7051
7052,7052,1,7052
7053,7053,1,7053
7054,7054,1,7054
7055,7055,1,7055
7056,7056,1,7056
7057,7057,1,7057
7058,7058,1,7058
7059,7059,1,7059
7060,7060,1,7060
7061,7061,1,7061
7062,7062,1,7062
7063,7063,1,7063
7064,7064,1,7064
7065,7065,1,7065
7066,7066,1,7066
7067,7067,1,7067
7068,7068,1,7068
7069,7069,1,7069
7070,7070,1,7070
7071,7071,1,7071
5924,1224,1,537
5925,1225,1,1225
5926,1226,1,1226
5927,1227,1,555
5928,1228,1,1228
5929,1229,1,1229
5930,1230,1,1230
5931,1231,1,1231
5932,1232,1,1232
5933,1233,1,1233
5934,1234,1,1234
5935,1235,1,1235
5936,1236,1,1236
5937,1237,1,1237
5938,1238,1,544
5939,1239,1,1239
5940,1240,1,1240
5941,1241,1,1241
5942,1242,1,1242
5943,1243,1,591
5944,1244,1,1244
5945,1245,1,1245
5946,1246,1,1246
5947,1272,1,1272
5948,1273,1,1273
5949,1274,1,1274
5950,1275,1,1275
5951,1276,1,1276
5952,1277,1,1277
5953,1278,1,1278
5954,1279,1,1279
5955,1280,1,1280
5956,1281,1,1281
5957,1282,1,1282
5958,1283,1,1283
5959,1284,1,1284
4622,4435,1,4435
4624,4436,1,4436
4626,4437,1,4437
4628,4438,1,4438
4630,4439,1,4439
4632,4440,1,4440
4634,4441,1,4441
4636,4442,1,4442
4638,4443,1,4443
4640,4444,1,4444
4642,4445,1,4445
4644,4446,1,4446
5247,5247,1,5247
5248,5248,1,5248
4649,4472,1,4472
5249,5249,1,5249
4651,4473,1,4473
4652,4474,1,4474
5250,5250,1,5250
4654,4475,1,4475
5251,5251,1,5251
4656,4476,1,4476
5252,5252,1,5252
4658,4477,1,4477
5253,5253,1,5253
4660,4478,1,4478
5254,5254,1,5254
4662,4479,1,4479
5255,5255,1,5255
4664,4480,1,4480
4665,4481,1,4481
5256,5256,1,5256
4667,4482,1,4482
5257,5257,1,5257
4669,4483,1,4483
5258,5258,1,5258
4671,4484,1,4484
5259,5259,1,5259
4673,4485,1,4485
5260,5260,1,5260
4675,4486,1,974
5261,5261,1,5261
4677,4487,1,4487
5262,5262,1,5262
4679,4488,1,4488
5263,5263,1,5263
5264,5264,1,5264
4682,4489,1,4489
5265,5265,1,5265
4684,4490,1,4490
5266,5266,1,5266
4686,4491,1,4491
5267,5267,1,5267
5268,5268,1,5268
4689,4492,1,4492
5269,5269,1,5269
4691,4493,1,4493
5270,5270,1,5270
4693,4494,1,4494
5271,5271,1,5271
4695,4495,1,4495
4696,4496,1,4496
4697,4497,1,4497
4698,4498,1,4498
4699,4499,1,4499
4700,4500,1,4500
4701,4501,1,4501
4702,4502,1,4502
4703,4503,1,4503
5522,5522,1,5522
4705,4504,1,4504
5523,5523,1,5523
4707,4505,1,4505
5524,5524,1,5524
4709,4506,1,4506
5525,5525,1,5525
4711,4507,1,4507
5526,5526,1,5526
4713,4508,1,4508
5527,5527,1,5527
4715,4509,1,4509
5528,5528,1,5528
4717,4510,1,4510
5529,5529,1,5529
4719,4511,1,4511
5530,5530,1,5530
4721,4512,1,4512
5531,5531,1,5531
4723,4513,1,4513
5532,5532,1,5532
4725,4514,1,4514
5533,5533,1,5533
4727,4515,1,4515
5534,5534,1,5534
4729,4516,1,4516
5535,5535,1,5535
4731,4517,1,4517
5536,5536,1,5536
4733,4518,1,4518
5537,5537,1,5537
4735,4519,1,4519
5538,5538,1,5538
4737,4520,1,4520
5539,5539,1,5539
4739,4521,1,4521
5540,5540,1,5540
5541,5541,1,5541
5542,5542,1,5542
5543,5543,1,5543
5544,5544,1,5544
5545,5545,1,5545
5546,5546,1,5546
5722,5722,1,5722
5723,5723,1,5723
4749,4547,1,4547
5724,5724,1,5724
4751,4548,1,4548
5725,5725,1,5725
4753,4549,1,4549
5726,5726,1,5726
4755,4550,1,4550
5727,5727,1,5727
4757,4551,1,4551
5728,5728,1,5728
4759,4552,1,4552
5729,5729,1,5729
4761,4553,1,4553
5730,5730,1,5730
4763,4554,1,4554
5731,5731,1,5731
4765,4555,1,4555
5732,5732,1,5732
4767,4556,1,4556
5733,5733,1,5733
4769,4557,1,4557
5734,5734,1,5734
4771,4558,1,4558
4773,4559,1,4559
4775,4560,1,4560
4777,4561,1,4561
4779,4562,1,4562
4781,4563,1,4563
4783,4564,1,4564
4785,4565,1,4565
4787,4566,1,4566
4789,4567,1,4567
4791,4568,1,4568
4793,4569,1,4569
4795,4570,1,4570
4796,4571,1,4571
5272,5272,1,5272
5273,5273,1,5273
5274,5274,1,5274
5275,5275,1,5275
5276,5276,1,5276
5277,5277,1,5277
5278,5278,1,5278
5279,5279,1,5279
5280,5280,1,5280
5281,5281,1,5281
5282,5282,1,5282
5283,5283,1,5283
5284,5284,1,5284
5285,5285,1,5285
5286,5286,1,5286
5287,5287,1,5287
5288,5288,1,5288
5289,5289,1,5289
5290,5290,1,5290
5291,5291,1,5291
5292,5292,1,5292
5293,5293,1,5293
5294,5294,1,5294
5295,5295,1,5295
5296,5296,1,5296
5547,5547,1,5547
5548,5548,1,5548
5549,5549,1,5549
5550,5550,1,5550
5551,5551,1,5551
5552,5552,1,5552
5553,5553,1,5553
5554,5554,1,5554
5555,5555,1,5555
5556,5556,1,5556
5557,5557,1,5557
5558,5558,1,5558
5559,5559,1,5559
5560,5560,1,5560
5561,5561,1,5561
5562,5562,1,5562
5563,5563,1,5563
5564,5564,1,5564
5565,5565,1,5565
5566,5566,1,5566
5567,5567,1,5567
5568,5568,1,5568
5569,5569,1,5569
5570,5570,1,5570
5571,5571,1,5571
5735,5735,1,5735
5736,5736,1,5736
5737,5737,1,5737
5738,5738,1,5738
5739,5739,1,5739
5740,5740,1,5740
5741,5741,1,5741
5742,5742,1,5742
5743,5743,1,5743
5744,5744,1,5744
5745,5745,1,5745
5746,5746,1,5746
7072,7072,1,7072
7073,7073,1,7073
7074,7074,1,7074
7075,7075,1,7075
7076,7076,1,7076
7077,7077,1,7077
7078,7078,1,7078
7079,7079,1,7079
7080,7080,1,7080
7081,7081,1,7081
7082,7082,1,7082
7083,7083,1,7083
7084,7084,1,7084
7085,7085,1,7085
7086,7086,1,7086
7087,7087,1,7087
7088,7088,1,7088
7089,7089,1,7089
7090,7090,1,7090
7091,7091,1,7091
7092,7092,1,7092
7093,7093,1,7093
7094,7094,1,7094
7095,7095,1,7095
7096,7096,1,7096
5960,1285,1,1285
5961,1286,1,1286
5962,1287,1,1287
5963,1288,1,1288
5964,1289,1,1289
5965,1290,1,1290
5966,1291,1,1291
5967,1292,1,1292
5968,1293,1,1293
5969,1294,1,1294
5970,1295,1,1295
5971,1296,1,1296
5972,1297,1,1297
5973,1298,1,1298
5974,1299,1,1299
5975,1300,1,1300
5976,1301,1,1301
5977,1302,1,1302
5978,1303,1,1303
5979,1304,1,1304
5980,1305,1,1305
5981,1306,1,1306
5982,1307,1,1307
5983,1308,1,1308
5984,1309,1,1309
5985,1310,1,1310
5986,1311,1,1311
5987,1312,1,1312
5988,1313,1,1313
5989,1314,1,1314
5990,1315,1,1315
5991,1316,1,1316
5992,1317,1,1317
5993,1318,1,1318
5994,1319,1,1319
5297,5297,1,5297
5298,5298,1,5298
5299,5299,1,5299
5300,5300,1,5300
5301,5301,1,5301
5302,5302,1,5302
5303,5303,1,5303
5304,5304,1,5304
5305,5305,1,5305
5306,5306,1,5306
5307,5307,1,5307
5308,5308,1,5308
4797,4599,1,4599
5309,5309,1,5309
4799,4601,1,4601
5310,5310,1,5310
4801,4603,1,4603
5311,5311,1,5311
5312,5312,1,5312
4804,4605,1,4605
5313,5313,1,5313
4806,4607,1,4607
5314,5314,1,5314
4808,4609,1,4609
5315,5315,1,5315
4810,4611,1,4611
5316,5316,1,5316
4812,4613,1,4613
5317,5317,1,5317
4814,4615,1,4615
5318,5318,1,5318
4816,4617,1,4617
5319,5319,1,5319
4818,4619,1,4619
5320,5320,1,5320
4820,4621,1,4621
5321,5321,1,5321
4822,4623,1,4623
5572,5572,1,3890
5573,5573,1,5573
4825,4625,1,4625
5574,5574,1,5574
4827,4627,1,4627
5575,5575,1,5575
4829,4629,1,4629
5576,5576,1,5576
4831,4631,1,4631
5577,5577,1,5577
4833,4633,1,4633
5578,5578,1,5578
4835,4635,1,4635
5579,5579,1,5579
4837,4637,1,4637
5580,5580,1,5580
4839,4639,1,4639
5581,5581,1,5581
4841,4641,1,4641
5582,5582,1,5582
4843,4643,1,4643
5583,5583,1,5583
4845,4645,1,4645
4846,4646,1,4646
4847,4647,1,4647
4848,4648,1,4648
4849,4650,1,4650
4850,4653,1,4653
4851,4655,1,4655
4852,4657,1,4657
4853,4659,1,4659
4854,4661,1,4661
4855,4663,1,4663
4856,4666,1,4666
4857,4668,1,4668
4858,4670,1,4670
4859,4672,1,4672
4860,4674,1,4674
4861,4676,1,4676
4862,4678,1,4678
4863,4680,1,1155
4864,4681,1,4681
4865,4683,1,4683
4866,4685,1,4685
4867,4687,1,4687
4868,4688,1,4688
4869,4690,1,4690
4870,4692,1,4692
4871,4694,1,4694
7097,7097,1,7097
7098,7098,1,7098
7099,7099,1,7099
7100,7100,1,7100
7101,7101,1,7101
7102,7102,1,7102
7103,7103,1,7103
7104,7104,1,7104
7105,7105,1,7105
7106,7106,1,7106
7107,7107,1,7107
7108,7108,1,7108
7109,7109,1,7109
7110,7110,1,7110
7111,7111,1,7111
7112,7112,1,7112
7113,7113,1,7113
7114,7114,1,7114
7115,7115,1,7115
7116,7116,1,7116
7117,7117,1,7117
7118,7118,1,7118
7119,7119,1,7119
7120,7120,1,7120
7121,7121,1,7121
4897,4704,1,4704
4898,4898,1,4898
4899,4706,1,4706
4900,4900,1,4900
4901,4708,1,4708
4902,4902,1,4902
4903,4710,1,4710
4904,4904,1,4904
4905,4712,1,4712
4906,4906,1,4906
4907,4714,1,4714
4908,4908,1,4908
4909,4716,1,4716
4910,4910,1,4910
4911,4718,1,4718
4912,4912,1,4912
4913,4720,1,4720
4914,4914,1,4914
4915,4722,1,4722
4916,4916,1,4916
4917,4724,1,4724
4918,4918,1,4918
4919,4726,1,4726
4920,4920,1,4920
4921,4728,1,4728
4923,4730,1,4730
4925,4732,1,4732
4927,4734,1,4734
4929,4736,1,4736
4931,4738,1,4738
4933,4740,1,4740
4935,4741,1,4741
4937,4742,1,4742
4939,4743,1,4743
4941,4744,1,4744
4943,4745,1,4745
4945,4746,1,4746
5322,5322,1,5322
5323,5323,1,5323
5324,5324,1,5324
5325,5325,1,5325
5326,5326,1,5326
5327,5327,1,5327
5328,5328,1,5328
5329,5329,1,5329
5330,5330,1,5330
5331,5331,1,5331
5332,5332,1,5332
5333,5333,1,5333
5334,5334,1,5334
5335,5335,1,5335
5336,5336,1,5336
5337,5337,1,5337
5338,5338,1,5338
5339,5339,1,5339
5340,5340,1,5340
5341,5341,1,5341
5342,5342,1,5342
5343,5343,1,5343
5344,5344,1,5344
5345,5345,1,5345
5346,5346,1,5346
5584,5584,1,5584
5585,5585,1,5585
5586,5586,1,5586
5587,5587,1,5587
5588,5588,1,5588
5589,5589,1,5589
5590,5590,1,5590
5591,5591,1,5591
5592,5592,1,5592
5593,5593,1,5593
5594,5594,1,5594
5595,5595,1,5595
5596,5596,1,5596
5747,5747,1,5747
5748,5748,1,5748
5749,5749,1,5749
5750,5750,1,5750
5751,5751,1,5751
5752,5752,1,5752
5753,5753,1,5753
5754,5754,1,5754
5755,5755,1,5755
5756,5756,1,5756
5757,5757,1,5757
5758,5758,1,5758
5759,5759,1,5759
5760,5760,1,5760
5761,5761,1,5761
5762,5762,1,5762
5763,5763,1,5763
5764,5764,1,5764
5765,5765,1,5765
5766,5766,1,5766
5767,5767,1,5767
5768,5768,1,5768
5769,5769,1,5769
5770,5770,1,5770
5771,5771,1,5771
7122,7122,1,7122
7123,7123,1,7123
7124,7124,1,7124
7125,7125,1,7125
7126,7126,1,7126
7127,7127,1,7127
7128,7128,1,7128
7129,7129,1,7129
7130,7130,1,7130
7131,7131,1,7131
7132,7132,1,7132
7133,7133,1,7133
7134,7134,1,7134
7135,7135,1,7135
7136,7136,1,7136
7137,7137,1,7137
7138,7138,1,7138
7139,7139,1,7139
7140,7140,1,7140
7141,7141,1,7141
7142,7142,1,7142
7143,7143,1,7143
7144,7144,1,7144
7145,7145,1,7145
7146,7146,1,7146
5995,1320,1,1320
5996,1321,1,1321
5997,1322,1,1322
5998,1323,1,1323
5999,1324,1,1324
6000,1325,1,639
6001,1326,1,1326
6002,1327,1,1327
6003,1328,1,1328
6004,1329,1,1329
6005,1330,1,1330
6006,1331,1,1331
6007,1332,1,1332
6008,1333,1,1333
6009,1334,1,1334
6010,1335,1,1335
6011,1336,1,1336
6012,1337,1,1337
6013,1338,1,1338
6014,1339,1,1339
6015,1340,1,1340
6016,1341,1,1341
6017,1342,1,1342
6018,1343,1,1343
6019,1344,1,1344
6020,1345,1,1345
6021,1346,1,1346
6022,1347,1,1347
6023,1348,1,1348
6024,1349,1,1349
6025,1350,1,1350
6026,1351,1,1351
6027,1352,1,1352
6028,1353,1,1353
6029,1354,1,1354
4922,4922,1,4922
4924,4924,1,4924
4926,4926,1,4926
4928,4928,1,4928
4930,4930,1,4930
4932,4932,1,4932
4934,4934,1,4934
4936,4936,1,4936
4938,4938,1,4938
4940,4940,1,4940
4942,4942,1,4942
4944,4944,1,4944
4946,4946,1,4946
4947,4947,1,4947
4948,4948,1,4948
4949,4949,1,4949
4950,4950,1,4950
4951,4951,1,4951
4952,4747,1,4747
4953,4953,1,4953
4954,4748,1,4748
4955,4955,1,4955
4956,4750,1,4750
4957,4957,1,4957
4958,4752,1,4752
4959,4959,1,4959
4960,4754,1,4754
4961,4961,1,4961
4962,4756,1,4756
4963,4963,1,4963
4964,4758,1,4758
4965,4965,1,4965
4966,4760,1,4760
4967,4967,1,4967
4968,4762,1,4762
4969,4969,1,4969
4970,4764,1,4764
4971,4971,1,4971
4972,4766,1,4766
4973,4973,1,4973
4974,4768,1,4768
4975,4975,1,4975
4976,4770,1,4770
4977,4977,1,4977
4978,4772,1,4772
4979,4979,1,4979
4980,4774,1,4774
4981,4981,1,4981
4982,4776,1,4776
4983,4983,1,4983
4984,4778,1,4778
4985,4985,1,4985
4986,4780,1,4780
4987,4987,1,4987
4988,4782,1,4782
4989,4989,1,4989
4990,4784,1,4784
4991,4991,1,4991
4992,4786,1,4786
4993,4788,1,4788
4994,4790,1,4790
4995,4792,1,4792
4996,4794,1,4794
4997,4997,1,4997
4998,4798,1,4798
4999,4999,1,4999
5000,5000,1,5000
5001,5001,1,5001
5002,4800,1,4800
5003,5003,1,5003
5004,4802,1,4802
5005,5005,1,5005
5006,4803,1,4803
5007,5007,1,5007
5008,4805,1,4805
5009,5009,1,5009
5010,4807,1,4807
5011,5011,1,5011
5012,5012,1,5012
5013,4809,1,4809
5014,5014,1,5014
5015,4811,1,4811
5016,5016,1,5016
5017,4813,1,4813
5018,5018,1,5018
5019,4815,1,4815
5020,5020,1,5020
5021,4817,1,4817
5022,5022,1,5022
5023,4819,1,4819
5024,5024,1,5024
5025,5025,1,5025
5026,4821,1,4821
5027,5027,1,5027
5028,5028,1,5028
5029,4823,1,4823
5030,5030,1,5030
5031,4824,1,4824
5032,5032,1,5032
5033,4826,1,4826
5034,5034,1,5034
5035,4828,1,4828
5036,5036,1,5036
5037,4830,1,4830
5038,5038,1,5038
5039,4832,1,4832
5040,5040,1,5040
5041,4834,1,4834
5042,4836,1,4836
5043,4838,1,4838
5044,4840,1,4840
5045,4842,1,4842
5046,4844,1,4844
5347,5347,1,5347
5348,5348,1,5348
5349,5349,1,5349
5350,5350,1,5350
5351,5351,1,5351
5352,5352,1,5352
5353,5353,1,5353
5354,5354,1,5354
5355,5355,1,5355
5356,5356,1,5356
5357,5357,1,5357
5358,5358,1,5358
5359,5359,1,5359
5360,5360,1,2858
5361,5361,1,5361
5362,5362,1,5362
5363,5363,1,5363
5364,5364,1,5364
5365,5365,1,5365
5366,5366,1,5366
5367,5367,1,5367
5368,5368,1,5368
5369,5369,1,5369
6034,1359,1,1359
6035,1360,1,1360
6036,1361,1,1361
6037,1362,1,1362
6038,1363,1,1363
6039,1364,1,1364
6040,1365,1,1365
6041,1366,1,1366
6042,1367,1,1367
6043,1368,1,1368
6044,1369,1,1369
6045,1370,1,1370
6046,1371,1,1371
6047,1372,1,1372
6048,1373,1,1373
6049,1374,1,1374
6050,1375,1,1375
6051,1376,1,1320
6052,1377,1,1377
6053,1378,1,1378
6054,1379,1,1379
6055,1380,1,1380
6056,1381,1,1381
6057,1382,1,1382
6058,1383,1,1383
6059,1384,1,1384
6060,1385,1,1385
6061,1386,1,1386
6062,1387,1,1387
6063,1388,1,1388
6064,1389,1,1389
6065,1390,1,1390
6066,1391,1,1391
6067,1392,1,1392
6068,1393,1,1393
6069,1394,1,711
6070,1395,1,1395
6071,1396,1,1396
6072,1572,1,1572
6073,1573,1,1573
6074,1574,1,1574
6075,1575,1,1575
6076,1576,1,1576
6077,1577,1,1577
6078,1578,1,1578
6079,1579,1,1579
6080,1580,1,1580
6081,1581,1,1581
6082,1582,1,1582
6083,1583,1,1583
6084,1584,1,1584
6085,1585,1,1585
6086,1586,1,1586
6087,1587,1,1587
6088,1588,1,1588
6089,1589,1,1589
6090,1590,1,1590
6091,1591,1,1591
6092,1592,1,1592
6093,1593,1,1593
6094,1594,1,1594
6095,1595,1,1595
6096,1596,1,1596
6097,1597,1,1597
6098,1598,1,1598
6099,1599,1,1599
6100,1600,1,1600
6101,1601,1,1601
6102,1602,1,1602
6103,1603,1,1603
6104,1604,1,1604
6105,1605,1,1605
6106,1606,1,1606
6107,1607,1,1607
6108,1608,1,1608
6109,1609,1,1609
6110,1610,1,1610
6111,1611,1,1611
6112,1612,1,1612
6113,1613,1,1613
6114,1614,1,1614
6115,1615,1,1615
6116,1616,1,1616
6117,1617,1,1617
6118,1618,1,1618
6119,1619,1,1619
6120,1620,1,1620
6121,1621,1,1621
6122,1622,1,1622
6123,1623,1,1623
6124,1624,1,1624
6125,1625,1,1625
6126,1626,1,1626
6127,1627,1,1627
6128,1628,1,1628
6129,1629,1,1629
6130,1630,1,1630
6131,1631,1,1631
6132,1632,1,1632
6133,1633,1,1633
6134,1634,1,1634
6135,1635,1,1635
6136,1636,1,1636
6137,1637,1,1637
6138,1638,1,1638
6139,1639,1,1639
6140,1640,1,1640
6141,1641,1,1641
6142,1642,1,1642
6143,1643,1,1643
6144,1644,1,1644
6145,1645,1,1645
6146,1646,1,1646
6147,1647,1,1647
6148,1648,1,1648
6149,1649,1,1649
6150,1650,1,1650
6151,1651,1,1651
6152,1652,1,1652
6153,1653,1,1653
6154,1654,1,1654
6155,1655,1,1655
6156,1656,1,1656
6157,1657,1,1657
6158,1658,1,1658
6159,1659,1,1659
6160,1660,1,1660
6161,1661,1,1661
6162,1662,1,1662
6163,1663,1,1663
6164,1664,1,1664
6165,1665,1,1665
6166,1666,1,1666
6167,1667,1,1667
6168,1668,1,1668
6169,1669,1,1669
6170,1670,1,1670
6171,1671,1,1671
6172,1672,1,1672
6173,1673,1,1673
6174,1674,1,1674
6175,1675,1,1675
6176,1676,1,1089
6177,1677,1,1677
6178,1678,1,1678
6179,1679,1,1679
6180,1680,1,1680
6181,1681,1,1681
6182,1682,1,1682
6183,1683,1,1683
6184,1684,1,1684
6185,1685,1,1685
6186,1686,1,1686
6187,1687,1,1687
6188,1688,1,1688
6189,1689,1,1689
6190,1690,1,1690
6191,1691,1,1691
6192,1692,1,1692
6193,1693,1,1693
6194,1694,1,1694
6195,1695,1,1695
6196,1696,1,1696
6197,1697,1,1697
6198,1698,1,1698
6199,1699,1,1699
6200,1700,1,1700
6201,1701,1,1701
6202,1702,1,1702
6203,1703,1,1703
6204,1704,1,1704
6205,1705,1,1705
6206,1706,1,1706
6207,1707,1,1707
6208,1708,1,1708
6209,1709,1,1709
6210,1710,1,1710
6211,1711,1,1711
6212,1712,1,1712
6213,1713,1,1713
6214,1714,1,1714
6215,1715,1,1715
6216,1716,1,1716
6217,1717,1,1717
6218,1718,1,1718
6219,1719,1,1719
6220,1720,1,1720
6221,1721,1,1721
6222,2572,1,2572
6223,2574,1,2574
6224,2576,1,2576
6225,2577,1,2577
6226,2579,1,2579
6227,2581,1,2581
6228,2583,1,2583
6229,2585,1,2585
6230,2587,1,2587
6231,2589,1,2589
6232,2591,1,2591
6233,2593,1,2593
6234,2595,1,2595
6235,2597,1,2597
6236,2599,1,2599
6237,2601,1,2601
6238,2603,1,2603
6239,2605,1,2605
6240,2607,1,2607
6241,2609,1,2609
6242,2611,1,2611
6243,2613,1,2613
6244,2615,1,2615
6245,2617,1,2617
6246,2619,1,2619
6247,2623,1,2623
6248,2625,1,2625
6249,2627,1,2627
6250,2629,1,2629
6251,2631,1,2631
6252,2633,1,1320
6253,2635,1,2635
6254,2637,1,2637
6255,2639,1,2639
6256,2641,1,2641
6257,2643,1,2643
6258,2645,1,2645
6259,2647,1,2647
6260,2649,1,2649
6261,2651,1,2651
6262,2653,1,2653
6263,2655,1,2655
6264,2657,1,2657
6265,2659,1,2659
6266,2661,1,2661
6267,2663,1,2663
6268,2665,1,2665
6269,2667,1,2667
6270,2669,1,2669
6271,2671,1,2671
6272,2672,1,2672
6273,2673,1,2673
6274,2675,1,2675
6275,2676,1,2676
6276,2678,1,2678
6277,2680,1,2680
6278,2682,1,2682
6279,2684,1,2684
6280,2686,1,2686
6281,2688,1,2688
6282,2690,1,2690
6283,2692,1,2692
6284,2694,1,2694
6285,2696,1,2696
6286,2698,1,2698
6287,2700,1,2700
6288,2702,1,2702
6289,2704,1,2704
6290,2706,1,2706
6291,2708,1,2708
6292,2710,1,2710
6293,2712,1,2712
6294,2714,1,2714
6295,2716,1,1578
6296,2718,1,2718
6297,2722,1,2722
6298,2723,1,2723
6299,2725,1,2725
6300,2727,1,2727
6301,2729,1,2729
6302,2731,1,2731
6303,2733,1,2733
6304,2735,1,2735
6305,2737,1,2737
6306,2739,1,2739
6307,2741,1,2741
6308,2743,1,2743
6309,2745,1,2745
6310,2747,1,2747
6311,2749,1,2749
6312,2751,1,2751
6313,2753,1,2753
6314,2755,1,2755
6315,2757,1,2757
6316,2759,1,2759
6317,2761,1,2761
6318,2763,1,2763
6319,2765,1,2765
6320,2767,1,2767
6321,2769,1,2769
6322,5822,1,5822
6323,5823,1,5823
6324,5824,1,5642
6325,5825,1,5825
6326,5826,1,5826
6327,5827,1,5827
6328,5828,1,5828
6329,5829,1,5829
6330,5830,1,5830
6331,5831,1,5831
6332,5832,1,5832
6333,5833,1,5833
6334,5834,1,5834
6335,5835,1,5835
6336,5836,1,5836
6337,5837,1,5837
6338,5838,1,5838
6339,5839,1,5839
6340,5840,1,5840
6341,5841,1,5841
6342,5842,1,5842
6343,5843,1,5795
6344,5844,1,5844
6345,5845,1,5845
6346,5846,1,5846
6347,5847,1,5847
6348,5848,1,1141
6349,5849,1,5849
6350,5850,1,5850
6351,5851,1,5851
6352,5852,1,5852
6353,5853,1,5853
6354,5854,1,5854
6355,5855,1,5855
6356,5856,1,5856
6357,5857,1,5857
6358,5858,1,5858
6359,5859,1,5859
6360,5860,1,5860
6361,5861,1,5861
6362,5862,1,5862
6363,5863,1,5863
6364,5864,1,5864
6365,5865,1,5865
6366,5866,1,5866
6367,5867,1,5828
6368,5868,1,5868
6369,5869,1,5869
6370,5870,1,5870
6371,5871,1,5871
6372,5872,1,5872
6373,5873,1,5873
6374,5874,1,5874
6375,5875,1,5875
6376,5876,1,5876
6377,5877,1,5877
6378,5878,1,5878
6379,5879,1,5879
6380,5880,1,5880
6381,5881,1,5881
6382,5882,1,5882
6383,5883,1,5883
6384,5884,1,5884
6385,5885,1,5885
6386,5886,1,5886
6387,5887,1,5887
6388,5888,1,5888
6389,5889,1,5889
6390,5890,1,5890
6391,5891,1,5891
6392,5892,1,5892
6393,5893,1,5893
6394,5894,1,5894
6395,5895,1,5895
6396,5896,1,5896
6397,5897,1,5897
6398,5898,1,5898
6399,5899,1,5899
6400,5900,1,5900
6401,5901,1,5901
6402,5902,1,5902
6403,5903,1,5903
6404,5904,1,5904
6405,5905,1,5905
6406,5906,1,5906
6407,5907,1,5907
6408,5908,1,5908
6409,5909,1,5909
6410,5910,1,5910
6411,5911,1,5911
6412,5912,1,5912
6413,5913,1,5913
6414,5914,1,5914
6415,5915,1,5915
6416,5916,1,5916
6417,5917,1,5917
6418,5918,1,5918
6419,5919,1,5919
6420,5920,1,5920
6421,5921,1,5921
6422,6422,1,6422
6423,6423,1,6423
6424,6424,1,6424
6425,6425,1,6425
6426,6426,1,6426
6427,6427,1,6427
6428,6428,1,6428
6429,6429,1,6429
6430,6430,1,6430
6431,6431,1,6431
6432,6432,1,6432
6433,6433,1,6433
6434,6434,1,6434
6435,6435,1,6435
6436,6436,1,6436
6437,6437,1,6437
6438,6438,1,6438
6439,6439,1,6439
6440,6440,1,6440
6441,6441,1,6441
6442,6442,1,6442
6443,6443,1,6443
6444,6444,1,6444
6445,6445,1,6445
6446,6446,1,6446
6447,6447,1,6447
6448,6448,1,6448
6449,6449,1,6449
6450,6450,1,6450
6451,6451,1,6451
6452,6452,1,6452
6453,6453,1,6453
6454,6454,1,6454
6455,6455,1,6455
6456,6456,1,6456
6457,6457,1,6457
6458,6458,1,6458
6459,6459,1,6459
6460,6460,1,6460
6461,6461,1,6461
6462,6462,1,6462
6463,6463,1,6463
6464,6464,1,6464
6465,6465,1,6465
6466,6466,1,6466
6467,6467,1,6467
6468,6468,1,6468
6469,6469,1,6469
6470,6470,1,6470
6471,6471,1,6471
6472,6472,1,6472
6473,6473,1,6473
6474,6474,1,6474
6475,6475,1,6475
6476,6476,1,6476
6477,6477,1,6477
6478,6478,1,6478
6479,6479,1,6479
6480,6480,1,6480
6481,6481,1,6481
6482,6482,1,6482
6483,6483,1,6483
6484,6484,1,6484
6485,6485,1,6485
6486,6486,1,6486
6487,6487,1,6487
6488,6488,1,6488
6489,6489,1,6489
6490,6490,1,6490
6491,6491,1,6491
6492,6492,1,6492
6493,6493,1,6493
6494,6494,1,6494
6495,6495,1,6495
6496,6496,1,6496
6497,6497,1,6497
6498,6498,1,6498
6499,6499,1,6499
6500,6500,1,6500
6501,6501,1,6501
6502,6502,1,6502
6503,6503,1,6503
6504,6504,1,6504
6505,6505,1,6505
6506,6506,1,6506
6507,6507,1,6507
6508,6508,1,6508
6509,6509,1,6509
6510,6510,1,6510
6511,6511,1,6511
6512,6512,1,6512
6513,6513,1,6513
6514,6514,1,6514
6515,6515,1,6515
6516,6516,1,6516
6517,6517,1,6517
6518,6518,1,6518
6519,6519,1,6519
6520,6520,1,6520
6521,6521,1,6521
6522,6522,1,6522
6523,6523,1,6523
6524,6524,1,6524
6525,6525,1,6525
6526,6526,1,6526
6527,6527,1,6527
6528,6528,1,6528
6529,6529,1,6529
6530,6530,1,6530
6531,6531,1,6531
6532,6532,1,6532
6533,6533,1,6533
6534,6534,1,6534
6535,6535,1,6535
6536,6536,1,6536
6537,6537,1,6537
6538,6538,1,6538
6539,6539,1,6539
6540,6540,1,6540
6541,6541,1,6541
6542,6542,1,6542
6543,6543,1,6543
6544,6544,1,6544
6545,6545,1,6545
6546,6546,1,6546
6547,6547,1,6547
6548,6548,1,6548
6549,6549,1,6549
6550,6550,1,6550
6551,6551,1,6551
6552,6552,1,6552
6553,6553,1,6553
6554,6554,1,6554
6555,6555,1,6555
6556,6556,1,6556
6557,6557,1,6557
6558,6558,1,6558
6559,6559,1,6559
6560,6560,1,6560
6561,6561,1,6561
6562,6562,1,6562
6563,6563,1,6563
6564,6564,1,6564
6565,6565,1,6565
6566,6566,1,6566
6567,6567,1,6567
6568,6568,1,6568
6569,6569,1,6569
6570,6570,1,6570
6571,6571,1,6571
6572,6572,1,6572
6573,6573,1,6573
6574,6574,1,6574
6575,6575,1,6575
6576,6576,1,6576
6577,6577,1,6577
6578,6578,1,6578
6579,6579,1,6579
6580,6580,1,6580
6581,6581,1,6581
6582,6582,1,6582
6583,6583,1,6583
6584,6584,1,6584
6585,6585,1,6585
6586,6586,1,6586
6587,6587,1,6587
6588,6588,1,6588
6589,6589,1,6589
6590,6590,1,6590
6591,6591,1,6591
6592,6592,1,6592
6593,6593,1,6593
6594,6594,1,6594
6595,6595,1,6595
6596,6596,1,6596
6597,6597,1,6597
6598,6598,1,6598
6599,6599,1,6599
6600,6600,1,6600
6601,6601,1,6601
6602,6602,1,6602
6603,6603,1,6603
6604,6604,1,6604
6605,6605,1,6605
6606,6606,1,6606
6607,6607,1,6607
6608,6608,1,6608
6609,6609,1,583
6610,6610,1,6610
6611,6611,1,6611
6612,6612,1,6612
6613,6613,1,6613
6614,6614,1,6614
6615,6615,1,6615
6616,6616,1,6616
6617,6617,1,6617
6618,6618,1,6618
6619,6619,1,6619
6620,6620,1,6620
6621,6621,1,6621
6622,6622,1,6622
6623,6623,1,6623
6624,6624,1,6624
6625,6625,1,6625
6626,6626,1,6626
6627,6627,1,6627
6628,6628,1,6628
6629,6629,1,6629
6630,6630,1,6630
6631,6631,1,6631
6632,6632,1,6632
6633,6633,1,6633
6634,6634,1,6634
6635,6635,1,6635
6636,6636,1,6636
6637,6637,1,6637
6638,6638,1,6638
6639,6639,1,6639
6640,6640,1,6640
6641,6641,1,6641
6642,6642,1,6642
6643,6643,1,6643
6644,6644,1,6644
6645,6645,1,6645
6646,6646,1,6646
6647,6647,1,6647
6648,6648,1,6648
6649,6649,1,6649
6650,6650,1,6650
6651,6651,1,6651
6652,6652,1,6652
6653,6653,1,6653
6654,6654,1,6654
6655,6655,1,6655
6656,6656,1,6656
6657,6657,1,6657
6658,6658,1,6658
6659,6659,1,6659
6660,6660,1,6660
6661,6661,1,6661
6662,6662,1,6662
6663,6663,1,6663
6664,6664,1,6664
6665,6665,1,6665
6666,6666,1,6666
6667,6667,1,6667
6668,6668,1,6668
6669,6669,1,6669
6670,6670,1,6670
6671,6671,1,6671
6672,6672,1,6672
6673,6673,1,6673
6674,6674,1,6674
6675,6675,1,6675
6676,6676,1,6676
6677,6677,1,6677
6678,6678,1,6678
6679,6679,1,6679
6680,6680,1,6680
6681,6681,1,6681
6682,6682,1,6682
6683,6683,1,6683
6684,6684,1,6684
6685,6685,1,6685
6686,6686,1,6686
6687,6687,1,6687
6688,6688,1,6688
6689,6689,1,6689
6690,6690,1,6690
6691,6691,1,6691
6692,6692,1,6692
6693,6693,1,6693
6694,6694,1,6694
6695,6695,1,6695
6696,6696,1,6696
6697,6697,1,6697
6698,6698,1,6698
6699,6699,1,6699
6700,6700,1,6700
6701,6701,1,6701
6702,6702,1,6702
6703,6703,1,6703
6704,6704,1,6704
6705,6705,1,6705
6706,6706,1,6706
6707,6707,1,6707
6708,6708,1,6708
6709,6709,1,6709
6710,6710,1,6710
6711,6711,1,6711
6712,6712,1,6712
6713,6713,1,6713
6714,6714,1,6714
6715,6715,1,6715
6716,6716,1,6716
6717,6717,1,6717
6718,6718,1,6718
6719,6719,1,6719
6720,6720,1,6720
6721,6721,1,6721
6722,6722,1,6722
6723,6723,1,6723
6724,6724,1,6724
6725,6725,1,6725
6726,6726,1,6726
6727,6727,1,6727
6728,6728,1,6728
6729,6729,1,6729
6730,6730,1,6730
6731,6731,1,6731
6732,6732,1,6732
6733,6733,1,6733
6734,6734,1,6734
6735,6735,1,6735
6736,6736,1,6736
6737,6737,1,6737
6738,6738,1,6738
6739,6739,1,6739
6740,6740,1,6740
6741,6741,1,6741
6742,6742,1,6742
6743,6743,1,6743
6744,6744,1,6744
6745,6745,1,6745
6746,6746,1,6746
6747,6747,1,6747
6748,6748,1,6748
6749,6749,1,6749
6750,6750,1,6750
6751,6751,1,6751
6752,6752,1,6752
6753,6753,1,6753
6754,6754,1,6754
6755,6755,1,6755
6756,6756,1,6756
6757,6757,1,6757
6758,6758,1,6758
6759,6759,1,6759
6760,6760,1,6760
6761,6761,1,6761
6762,6762,1,6762
6763,6763,1,6763
6764,6764,1,6764
6765,6765,1,6765
6766,6766,1,6766
6767,6767,1,6767
6768,6768,1,6768
6769,6769,1,6769
6770,6770,1,6770
6771,6771,1,6771
6772,6772,1,6772
6773,6773,1,6773
6774,6774,1,6774
6775,6775,1,6775
6776,6776,1,6776
6777,6777,1,6777
6778,6778,1,6778
6779,6779,1,6779
6780,6780,1,6780
6781,6781,1,6781
6782,6782,1,6782
6783,6783,1,6783
6784,6784,1,6784
6785,6785,1,6785
6786,6786,1,6786
6787,6787,1,6787
6788,6788,1,6788
6789,6789,1,6789
6790,6790,1,6790
6791,6791,1,6791
6792,6792,1,6792
6793,6793,1,6793
6794,6794,1,6794
6795,6795,1,6795
6796,6796,1,6796
6797,6797,1,6797
6798,6798,1,6798
6799,6799,1,6799
6800,6800,1,6800
6801,6801,1,6801
6802,6802,1,6802
6803,6803,1,6803
6804,6804,1,6804
6805,6805,1,6805
6806,6806,1,6806
6807,6807,1,6807
6808,6808,1,6808
6809,6809,1,6809
6810,6810,1,6810
6811,6811,1,6811
6812,6812,1,6812
6813,6813,1,6813
6814,6814,1,6814
6815,6815,1,6815
6816,6816,1,6816
6817,6817,1,6817
6818,6818,1,6818
6819,6819,1,6819
6820,6820,1,6820
6821,6821,1,6821
7147,7147,1,7147
7148,7148,1,7148
7149,7149,1,7149
7150,7150,1,7150
7151,7151,1,7151
7152,7152,1,7152
7153,7153,1,7153
7154,7154,1,7154
7155,7155,1,7155
7156,7156,1,7156
7157,7157,1,7157
7158,7158,1,7158
7159,7159,1,7159
7160,7160,1,7160
7161,7161,1,7161
7162,7162,1,7162
7163,7163,1,7163
7164,7164,1,7164
7165,7165,1,7165
7166,7166,1,7166
7167,7167,1,7167
7168,7168,1,7168
7169,7169,1,7169
7170,7170,1,7170
7171,7171,1,7171
7172,7172,1,7172
7173,7173,1,7173
7174,7174,1,7174
7385,7385,1,7385
7386,7386,1,7386
7387,7387,1,7387
7388,7388,1,7388
7389,7389,1,7389
7390,7390,1,7390
7391,7391,1,7391
7392,7392,1,7392
7393,7393,1,7393
7394,7394,1,7394
7395,7395,1,7395
7396,7396,1,7396
7397,7397,1,7397
7398,7398,1,7398
7399,7399,1,7399
7400,7400,1,7400
7401,7401,1,7401
7402,7402,1,7402
7403,7403,1,7403
7404,7404,1,7404
7405,7405,1,7405
7406,7406,1,7406
7407,7407,1,7407
7408,7408,1,7408
7409,7409,1,7409
7410,7410,1,7410
7411,7411,1,7411
7412,7412,1,7412
7413,7413,1,7413
7414,7414,1,7414
7415,7415,1,7415
7416,7416,1,7416
7417,7417,1,7417
7418,7418,1,7418
7419,7419,1,7419
7420,7420,1,7420
7421,7421,1,7421
7422,7422,1,7422
7423,7423,1,7423
7424,7424,1,7424
7425,7425,1,7425
7426,7426,1,7426
7427,7427,1,7427
7428,7428,1,1572
7429,7429,1,7429
7430,7430,1,7430
7431,7431,1,7431
7432,7432,1,7432
7433,7433,1,7433
7434,7434,1,7434
7435,7435,1,7435
7436,7436,1,7436
7437,7437,1,7437
7438,7438,1,7438
7439,7439,1,7439
7440,7440,1,7440
7441,7441,1,7441
7442,7442,1,7442
7443,7443,1,7443
7444,7444,1,7444
7445,7445,1,7445
7446,7446,1,7446
7447,7447,1,7447
7448,7448,1,7448
7449,7449,1,7449
7450,7450,1,7450
7451,7451,1,7451
7452,7452,1,6933
7453,7453,1,7453
7454,7454,1,7454
7455,7455,1,7455
7456,7456,1,7456
7457,7457,1,7457
7458,7458,1,7458
7459,7459,1,7459
7460,7460,1,7460
7461,7461,1,7461
7462,7462,1,7462
7463,7463,1,7463
7464,7464,1,7464
7465,7465,1,7465
7466,7466,1,7466
7467,7467,1,7467
7468,7468,1,7468
7469,7469,1,7469
7470,7470,1,7470
7471,7471,1,7471
7472,7472,1,7472
7473,7473,1,7473
7474,7474,1,7474
7475,7475,1,7475
7476,7476,1,7476
7477,7477,1,7477
7478,7478,1,7478
7479,7479,1,7479
7480,7480,1,7480
7481,7481,1,7481
7482,7482,1,7482
7483,7483,1,7483
7484,7484,1,7484
7485,7485,1,7485
7486,7486,1,7486
7487,7487,1,7487
7488,7488,1,7488
7489,7489,1,7489
7490,7490,1,7490
7491,7491,1,7491
7492,7492,1,7492
7493,7493,1,7493
7494,7494,1,901
7495,7495,1,7495
7496,7496,1,7496
7497,7497,1,7497
7498,7498,1,7498
7499,7499,1,7499
7500,7500,1,7500
7501,7501,1,7501
7502,7502,1,7502
7503,7503,1,7503
7504,7504,1,7504
7505,7505,1,7505
7506,7506,1,7506
7507,7507,1,7507
7508,7508,1,7508
7509,7509,1,7509
7510,7510,1,7510
7511,7511,1,7511
7512,7512,1,7512
7513,7513,1,7513
7514,7514,1,7514
7515,7515,1,7515
7516,7516,1,7516
7517,7517,1,7517
7518,7518,1,7518
7519,7519,1,7519
7520,7520,1,7520
7521,7521,1,7521
7522,7522,1,7522
7523,7523,1,7523
7524,7524,1,7524
7525,7525,1,7525
7526,7526,1,7526
7527,7527,1,7527
7528,7528,1,7528
7529,7529,1,7529
7530,7530,1,7530
7531,7531,1,7531
7532,7532,1,7532
7533,7533,1,7533
7534,7534,1,7534
7535,7535,1,7535
7536,7536,1,7536
7537,7537,1,7537
7538,7538,1,7538
7539,7539,1,7539
7540,7540,1,7540
7541,7541,1,7541
7542,7542,1,7542
7543,7543,1,7543
7544,7544,1,7544
7545,7545,1,7545
7546,7546,1,7546
7547,7547,1,7547
7548,7548,1,7548
7549,7549,1,7549
7550,7550,1,7550
7551,7551,1,7551
7552,7552,1,7552
7553,7553,1,7553
7554,7554,1,7554
7555,7555,1,7555
7556,7556,1,7556
7557,7557,1,7557
7558,7558,1,7558
7559,7559,1,7559
7560,7560,1,7560
7561,7561,1,7561
7562,7562,1,7562
7563,7563,1,7563
7564,7564,1,7564
7565,7565,1,7565
7566,7566,1,7566
7567,7567,1,7567
7568,7568,1,7568
7569,7569,1,7569
7570,7570,1,7570
7571,7571,1,7571
7572,7572,1,7572
7573,7573,1,7573
7574,7574,1,7574
7575,7575,1,7575
7576,7576,1,7576
7577,7577,1,7577
7578,7578,1,7578
7579,7579,1,7579
7580,7580,1,7580
7581,7581,1,7581
7582,7582,1,7582
7583,7583,1,7583
7584,7584,1,7584
7585,7585,1,7585
7586,7586,1,7586
7587,7587,1,7587
7588,7588,1,7588
7589,7589,1,7589
7590,7590,1,7590
7591,7591,1,7591
7592,7592,1,7592
7593,7593,1,7593
7594,7594,1,7594
7595,7595,1,7595
7596,7596,1,7596
7597,7597,1,7597
7598,7598,1,7598
7599,7599,1,7599
7600,7600,1,7600
7601,7601,1,7601
7602,7602,1,7602
7603,7603,1,7603
7604,7604,1,7604
7605,7605,1,7605
7606,7606,1,7606
7607,7607,1,7607
7608,7608,1,7608
7609,7609,1,1155
7610,7610,1,7610
7611,7611,1,7611
7612,7612,1,7612
7613,7613,1,7613
7614,7614,1,7614
7615,7615,1,7615
7616,7616,1,7616
7617,7617,1,7617
7618,7618,1,7618
7619,7619,1,7619
7620,7620,1,7620
7621,7621,1,7621
7622,7622,1,7622
7623,7623,1,7623
7624,7624,1,7624
7625,7625,1,7625
7626,7626,1,7626
7627,7627,1,7627
7628,7628,1,7628
7629,7629,1,7629
7630,7630,1,7630
7631,7631,1,7631
7632,7632,1,7632
7633,7633,1,7633
7634,7634,1,7634
7635,7635,1,7635
7636,7636,1,7636
7637,7637,1,7637
7638,7638,1,7638
7639,7639,1,7639
7640,7640,1,7640
7641,7641,1,7641
7642,7642,1,7642
7643,7643,1,7643
7644,7644,1,7644
7645,7645,1,7645
7646,7646,1,7646
7647,7647,1,7647
7648,7648,1,7648
7649,7649,1,7649
7650,7650,1,7650
7651,7651,1,7651
7652,7652,1,7652
7653,7653,1,7653
7654,7654,1,7654
7655,7655,1,7655
7656,7656,1,7656
7657,7657,1,7657
7658,7658,1,7658
7659,7659,1,7659
7660,7660,1,7660
7661,7661,1,7661
7662,7662,1,7662
7663,7663,1,7663
7664,7664,1,7664
7665,7665,1,7665
7666,7666,1,7666
7667,7667,1,7667
7668,7668,1,7668
7669,7669,1,7669
7670,7670,1,7670
7671,7671,1,7671
7672,7672,1,7672
7673,7673,1,7673
7674,7674,1,7674
7675,7675,1,7675
7676,7676,1,7676
7677,7677,1,7677
7678,7678,1,7678
7679,7679,1,7679
7680,7680,1,7680
7681,7681,1,7681
7682,7682,1,7682
7683,7683,1,7683
7684,7684,1,7684
7685,7685,1,1585
7686,7686,1,7686
7687,7687,1,7687
7688,7688,1,7688
7689,7689,1,7689
7690,7690,1,7690
7691,7691,1,7691
7692,7692,1,7692
7693,7693,1,7693
7694,7694,1,7694
7695,7695,1,7695
7696,7696,1,7696
7697,7697,1,7697
7698,7698,1,7698
7699,7699,1,7699
7700,7700,1,7700
7701,7701,1,7701
7702,7702,1,7702
7703,7703,1,7703
7704,7704,1,7704
7705,7705,1,7705
7706,7706,1,7706
7707,7707,1,7707
7708,7708,1,7708
7709,7709,1,7709
7710,7710,1,7710
7711,7711,1,7711
7712,7712,1,7712
7713,7713,1,7713
7714,7714,1,7714
7715,7715,1,7715
7716,7716,1,7716
7717,7717,1,7717
7718,7718,1,7718
7719,7719,1,7719
7720,7720,1,7720
7721,7721,1,7721
7722,7722,1,7722
7723,7723,1,7723
7724,7724,1,7724
7725,7725,1,7725
7726,7726,1,7726
7727,7727,1,7727
7728,7728,1,7728
7729,7729,1,7729
7730,7730,1,7730
7731,7731,1,7731
7732,7732,1,7732
7733,7733,1,1150
7734,7734,1,7734
7735,7735,1,7735
7736,7736,1,7736
7737,7737,1,7737
7738,7738,1,7738
7739,7739,1,7739
7740,7740,1,7740
7741,7741,1,7741
7742,7742,1,7742
7743,7743,1,7743
7744,7744,1,7744
7745,7745,1,7745
7746,7746,1,7746
7747,7747,1,7747
7748,7748,1,7748
7749,7749,1,7749
7750,7750,1,7750
7751,7751,1,7751
7752,7752,1,7752
7753,7753,1,7753
7754,7754,1,7754
7755,7755,1,7755
7756,7756,1,7756
7757,7757,1,7757
7758,7758,1,7758
7759,7759,1,7759
7760,7760,1,7760
7761,7761,1,7761
7762,7762,1,7762
7763,7763,1,7763
7764,7764,1,7764
7765,7765,1,7765
7766,7766,1,7766
7767,7767,1,7767
7768,7768,1,7768
7769,7769,1,7769
7770,7770,1,7770
7771,7771,1,7771
7772,7772,1,7772
7773,7773,1,7773
7774,7774,1,7774
7775,7775,1,7775
7776,7776,1,5258
7777,7777,1,7037
7778,7778,1,7778
7779,7779,1,7779
7780,7780,1,7780
7781,7781,1,7781
7782,7782,1,7782
7783,7783,1,7783
7784,7784,1,7784
7785,7785,1,7785
7786,7786,1,7786
7787,7787,1,7787
7788,7788,1,7788
7789,7789,1,7789
7790,7790,1,7790
7791,7791,1,7791
7792,7792,1,7792
7793,7793,1,7793
7794,7794,1,7794
7795,7795,1,7795
7796,7796,1,7796
7797,7797,1,7797
7798,7798,1,7798
7799,7799,1,7799
7800,7800,1,7800
7801,7801,1,7801
7802,7802,1,7802
7803,7803,1,7803
7804,7804,1,7804
7805,7805,1,7805
7806,7806,1,7806
7807,7807,1,7807
7808,7808,1,7808
7809,7809,1,7809
7810,7810,1,7810
7811,7811,1,7811
7812,7812,1,7812
7813,7813,1,7813
7814,7814,1,7814
7815,7815,1,7815
7816,7816,1,7816
7817,7817,1,7817
7818,7818,1,7818
7819,7819,1,7819
7820,7820,1,7820
7821,7821,1,7821
7822,7822,1,7822
7823,7823,1,7823
7824,7824,1,7824
7825,7825,1,7825
7826,7826,1,7826
7827,7827,1,7827
7828,7828,1,7828
7829,7829,1,7829
7830,7830,1,7830
7831,7831,1,7831
7832,7832,1,7832
7833,7833,1,7833
7834,7834,1,7834
7835,7835,1,7835
7836,7836,1,7836
7837,7837,1,7837
7838,7838,1,7838
7839,7839,1,7839
7840,7840,1,7840
7841,7841,1,7841
7842,7842,1,7842
7843,7843,1,7843
7844,7844,1,7844
7845,7845,1,7845
7846,7846,1,7846
7847,7847,1,7847
7848,7848,1,7848
7849,7849,1,7849
7850,7850,1,7850
7851,7851,1,7851
7852,7852,1,7852
7853,7853,1,7853
7854,7854,1,7854
7855,7855,1,7855
7856,7856,1,7856
7857,7857,1,7857
7858,7858,1,7858
7859,7859,1,7859
7860,7860,1,7860
7861,7861,1,7861
7862,7862,1,7862
7863,7863,1,7863
7864,7864,1,7864
7865,7865,1,7865
7866,7866,1,7866
7867,7867,1,7867
7868,7868,1,7868
7869,7869,1,7869
7870,7870,1,7870
7871,7871,1,7871
7872,7872,1,7872
7873,7873,1,7873
7874,7874,1,7874
7875,7875,1,7875
7876,7876,1,7876
7877,7877,1,7877
7878,7878,1,7878
7879,7879,1,7879
7880,7880,1,7880
7881,7881,1,7881
7882,7882,1,7882
7883,7883,1,7883
7884,7884,1,7884
7885,7885,1,7885
7886,7886,1,7886
7887,7887,1,7887
7888,7888,1,7888
7889,7889,1,7889
7890,7890,1,7890
7891,7891,1,7891
7892,7892,1,7892
7893,7893,1,7893
7894,7894,1,7894
7895,7895,1,7895
7896,7896,1,7896
7897,7897,1,7897
7898,7898,1,7898
7899,7899,1,7899
7900,7900,1,7900
7901,7901,1,7901
7902,7902,1,7902
7903,7903,1,7903
7904,7904,1,7904
7905,7905,1,7905
7906,7906,1,7906
7907,7907,1,7907
7908,7908,1,7908
7909,7909,1,7909
7910,7910,1,7910
7911,7911,1,7911
7912,7912,1,7912
7913,7913,1,7913
7914,7914,1,7914
7915,7915,1,7915
7916,7916,1,7916
7917,7917,1,7917
7918,7918,1,7918
7919,7919,1,7919
7920,7920,1,7920
7921,7921,1,7921
7922,7922,1,7922
7923,7923,1,7923
7924,7924,1,7924
7925,7925,1,7925
7926,7926,1,7926
7927,7927,1,7927
7928,7928,1,7928
7929,7929,1,7929
7930,7930,1,7930
7931,7931,1,7931
7932,7932,1,7932
7933,7933,1,7933
7934,7934,1,7934
7935,7935,1,7935
7936,7936,1,7936
7937,7937,1,7937
7938,7938,1,7938
7939,7939,1,7939
7940,7940,1,7940
7941,7941,1,7941
7942,7942,1,7942
7943,7943,1,7943
7944,7944,1,7944
7945,7945,1,7945
7946,7946,1,7946
7947,7947,1,7947
7948,7948,1,7948
7949,7949,1,7949
7950,7950,1,7950
7951,7951,1,7951
7952,7952,1,7952
7953,7953,1,7953
7954,7954,1,7954
7955,7955,1,7955
7956,7956,1,7956
7957,7957,1,7957
7958,7958,1,7958
7959,7959,1,7959
7960,7960,1,7960
7961,7961,1,7961
7962,7962,1,7962
7963,7963,1,7963
7964,7964,1,7964
7965,7965,1,7965
7966,7966,1,7966
7967,7967,1,7967
7968,7968,1,7968
7969,7969,1,7969
7970,7970,1,7970
7971,7971,1,7971
7972,7972,1,7972
7973,7973,1,7973
7974,7974,1,7974
7975,7975,1,7975
7976,7976,1,7976
7977,7977,1,7977
7978,7978,1,7978
7979,7979,1,7979
7980,7980,1,7980
7981,7981,1,7981
7982,7982,1,7982
7983,7983,1,7983
7984,7984,1,7984
7985,7985,1,7985
7986,7986,1,7986
7987,7987,1,7987
7988,7988,1,7988
7989,7989,1,7989
7990,7990,1,7990
7991,7991,1,7991
7992,7992,1,7992
7993,7993,1,7993
7994,7994,1,7994
7995,7995,1,7995
7996,7996,1,7996
7997,7997,1,7997
7998,7998,1,7998
7999,7999,1,7999
8000,8000,1,8000
8001,8001,1,8001
8002,8002,1,8002
8003,8003,1,8003
8004,8004,1,8004
8005,8005,1,8005
8006,8006,1,8006
8007,8007,1,8007
8008,8008,1,8008
8009,8009,1,8009
8010,8010,1,8010
8011,8011,1,8011
8012,8012,1,8012
8013,8013,1,8013
8014,8014,1,8014
8015,8015,1,8015
8016,8016,1,8016
8017,8017,1,8017
8018,8018,1,8018
8019,8019,1,8019
8020,8020,1,8020
8021,8021,1,8021
8022,8022,1,8022
8023,8023,1,8023
8024,8024,1,8024
8025,8025,1,8025
8026,8026,1,8026
8027,8027,1,8027
8028,8028,1,8028
8029,8029,1,8029
8030,8030,1,8030
8031,8031,1,8031
8032,8032,1,8032
8033,8033,1,8033
8034,8034,1,8034
8035,8035,1,8035
8036,8036,1,8036
8037,8037,1,8037
8038,8038,1,8038
8039,8039,1,8039
8040,8040,1,8040
8041,8041,1,8041
8042,8042,1,8042
8043,8043,1,8043
8044,8044,1,8044
8045,8045,1,8045
8046,8046,1,8046
8047,8047,1,8047
8048,8048,1,8048
8049,8049,1,8049
8050,8050,1,8050
8051,8051,1,8051
8052,8052,1,8052
8053,8053,1,8053
8054,8054,1,8054
8055,8055,1,8055
8056,8056,1,8056
8057,8057,1,8057
8058,8058,1,8058
8059,8059,1,8059
8060,8060,1,8060
8061,8061,1,8061
8062,8062,1,8062
8063,8063,1,8063
8064,8064,1,8064
8065,8065,1,8065
8066,8066,1,8066
8067,8067,1,8067
8068,8068,1,8068
8069,8069,1,8069
8070,8070,1,8070
8071,8071,1,8071
8072,8072,1,8072
8073,8073,1,8073
8074,8074,1,8074
8075,8075,1,8075
8076,8076,1,8076
8077,8077,1,8077
8078,8078,1,8078
8079,8079,1,8079
8080,8080,1,8080
8081,8081,1,8081
8082,8082,1,8082
8083,8083,1,8083
8084,8084,1,8084
8085,8085,1,8085
8086,8086,1,8086
8087,8087,1,8087
8088,8088,1,8088
8089,8089,1,8089
8090,8090,1,8090
8091,8091,1,8091
8092,8092,1,8092
8093,8093,1,8093
8094,8094,1,8094
8095,8095,1,8095
8096,8096,1,8096
8097,8097,1,8097
8098,8098,1,8098
8099,8099,1,8099
8100,8100,1,8100
8101,8101,1,8101
8102,8102,1,8102
8103,8103,1,8103
8104,8104,1,8104
8105,8105,1,8105
8106,8106,1,8106
8107,8107,1,8107
8108,8108,1,8108
8109,8109,1,8109
8110,8110,1,8110
8111,8111,1,8111
8112,8112,1,8112
8113,8113,1,8113
8114,8114,1,8114
8115,8115,1,8115
8116,8116,1,8116
8117,8117,1,8117
8118,8118,1,8118
8119,8119,1,8119
8120,8120,1,8120
8121,8121,1,8018
8122,8122,1,8122
8123,8123,1,8123
8124,8124,1,8124
8125,8125,1,8125
8126,8126,1,8126
8127,8127,1,8127
8128,8128,1,8128
8129,8129,1,8129
8130,8130,1,8130
8131,8131,1,8131
8132,8132,1,8132
8133,8133,1,8133
8134,8134,1,8134
8135,8135,1,8135
8136,8136,1,8136
8137,8137,1,8137
8138,8138,1,8138
8139,8139,1,8139
8140,8140,1,8140
8141,8141,1,8141
8142,8142,1,8142
8143,8143,1,8143
8144,8144,1,8144
8145,8145,1,8145
8146,8146,1,8146
8147,8147,1,8147
8148,8148,1,8148
8149,8149,1,8149
8150,8150,1,8150
8151,8151,1,8151
8152,8152,1,8152
8153,8153,1,8153
8154,8154,1,8154
8155,8155,1,8155
8156,8156,1,8156
8157,8157,1,8157
8158,8158,1,8158
8159,8159,1,8159
8160,8160,1,8160
8161,8161,1,8161
8162,8162,1,8162
8163,8163,1,8163
8164,8164,1,8164
8165,8165,1,8165
8166,8166,1,8166
8167,8167,1,8167
8168,8168,1,8168
8169,8169,1,8169
8170,8170,1,8170
8171,8171,1,8171
8172,8172,1,8172
8173,8173,1,8173
8174,8174,1,8174
8175,8175,1,8175
8176,8176,1,8176
8177,8177,1,8177
8178,8178,1,8178
8179,8179,1,8179
8180,8180,1,8180
8181,8181,1,8181
8182,8182,1,8182
8183,8183,1,8183
8184,8184,1,8184
8185,8185,1,8185
8186,8186,1,8186
8187,8187,1,8187
8188,8188,1,8188
8189,8189,1,8189
8190,8190,1,8190
8191,8191,1,8191
8192,8192,1,8192
8193,8193,1,8193
8194,8194,1,8194
8195,8195,1,8195
8196,8196,1,8196
8197,8197,1,8197
8198,8198,1,8198
8199,8199,1,8199
8200,8200,1,8200
8201,8201,1,8201
8202,8202,1,8202
8203,8203,1,8203
8204,8204,1,8204
8205,8205,1,8205
8206,8206,1,8206
8207,8207,1,8207
8208,8208,1,8208
8209,8209,1,8209
8210,8210,1,8210
8211,8211,1,8211
8212,8212,1,8212
8213,8213,1,8213
8214,8214,1,8214
8215,8215,1,8215
8216,8216,1,8216
8217,8217,1,8217
8218,8218,1,8218
8219,8219,1,8219
8220,8220,1,8220
8221,8221,1,8221
8222,8222,1,8222
8223,8223,1,8223
8224,8224,1,8224
8225,8225,1,8225
8226,8226,1,8226
8227,8227,1,8227
8228,8228,1,8228
8229,8229,1,8229
8230,8230,1,8230
8231,8231,1,8231
8232,8232,1,8232
8233,8233,1,8233
8234,8234,1,8234
8235,8235,1,8235
8236,8236,1,8236
8237,8237,1,8237
8238,8238,1,8238
8239,8239,1,8239
8240,8240,1,8240
8241,8241,1,8241
8242,8242,1,8242
8243,8243,1,8243
8244,8244,1,8244
8245,8245,1,8245
8246,8246,1,8246
8247,8247,1,8247
8248,8248,1,8248
8249,8249,1,8249
8250,8250,1,8250
8251,8251,1,8251
8252,8252,1,8252
8253,8253,1,8253
8254,8254,1,8254
8255,8255,1,8255
8256,8256,1,8256
8257,8257,1,8257
8258,8258,1,8258
8259,8259,1,8259
8260,8260,1,8260
8261,8261,1,8261
8262,8262,1,8262
8263,8263,1,8263
8264,8264,1,8264
8265,8265,1,8265
8266,8266,1,8266
8267,8267,1,8267
8268,8268,1,8268
8269,8269,1,8269
8270,8270,1,8270
8271,8271,1,8271
8272,8272,1,8272
8273,8273,1,8273
8274,8274,1,8274
8275,8275,1,8275
8276,8276,1,8276
8277,8277,1,8277
8278,8278,1,8278
8279,8279,1,8279
8280,8280,1,8280
8281,8281,1,8281
8282,8282,1,8282
8283,8283,1,8283
8284,8284,1,8284
8285,8285,1,8285
8286,8286,1,1616
8287,8287,1,8287
8288,8288,1,8288
8289,8289,1,8289
8290,8290,1,8290
8291,8291,1,8291
8292,8292,1,8292
8293,8293,1,8293
8294,8294,1,8294
8295,8295,1,8295
8296,8296,1,8296
8297,8297,1,8297
8298,8298,1,8298
8299,8299,1,8299
8300,8300,1,8300
8301,8301,1,8301
8302,8302,1,8302
8303,8303,1,8303
8304,8304,1,8304
8305,8305,1,8305
8306,8306,1,8306
8307,8307,1,8307
8308,8308,1,8297
8309,8309,1,8309
8310,8310,1,8310
8311,8311,1,8311
8312,8312,1,8312
8313,8313,1,8313
8314,8314,1,8314
8315,8315,1,8315
8316,8316,1,8316
8317,8317,1,8317
8318,8318,1,8318
8319,8319,1,8319
8320,8320,1,8320
8321,8321,1,8321
8322,8322,1,8322
8323,8323,1,8323
8324,8324,1,8324
8325,8325,1,8325
8326,8326,1,8326
8327,8327,1,8327
8328,8328,1,8328
8329,8329,1,8329
8330,8330,1,8330
8331,8331,1,8331
8332,8332,1,8332
8333,8333,1,8333
8334,8334,1,8334
8335,8335,1,8335
8336,8336,1,8336
8337,8337,1,8337
8338,8338,1,8338
8339,8339,1,8339
8340,8340,1,8340
8341,8341,1,8341
8342,8342,1,8342
8343,8343,1,8343
8344,8344,1,8344
8345,8345,1,8345
8346,8346,1,8346
8347,8347,1,8347
8348,8348,1,8348
8349,8349,1,8349
8350,8350,1,8350
8351,8351,1,8351
8352,8352,1,8352
8353,8353,1,8353
8354,8354,1,8354
8355,8355,1,8355
8356,8356,1,8356
8357,8357,1,8357
8358,8358,1,8358
8359,8359,1,8359
8360,8360,1,8360
8361,8361,1,8361
8362,8362,1,8362
8363,8363,1,8363
8364,8364,1,8364
8365,8365,1,8365
8366,8366,1,8366
8367,8367,1,8367
8368,8368,1,8368
8369,8369,1,8369
8370,8370,1,8370
8371,8371,1,8371
8372,8372,1,8372
8373,8373,1,8373
8374,8374,1,8374
8375,8375,1,8375
8376,8376,1,8376
8377,8377,1,8377
8378,8378,1,8378
8379,8379,1,8379
8380,8380,1,8380
8381,8381,1,8381
8382,8382,1,8382
8383,8383,1,8383
8384,8384,1,8384
8385,8385,1,8385
8386,8386,1,8386
8387,8387,1,8387
8388,8388,1,8388
8389,8389,1,8389
8390,8390,1,8390
8391,8391,1,8391
8392,8392,1,8392
8393,8393,1,8393
8394,8394,1,8394
8395,8395,1,8395
8396,8396,1,8396
8397,8397,1,8397
8398,8398,1,8398
8399,8399,1,8399
8400,8400,1,8400
8401,8401,1,8401
8402,8402,1,8402
8403,8403,1,8403
8404,8404,1,8404
8405,8405,1,8405
8406,8406,1,8406
8407,8407,1,8407
8408,8408,1,8408
8409,8409,1,8409
8410,8410,1,8410
8411,8411,1,8411
8412,8412,1,8412
8413,8413,1,8413
8414,8414,1,8414
8415,8415,1,8415
8416,8416,1,8416
8417,8417,1,8417
8418,8418,1,8418
8419,8419,1,8419
8420,8420,1,8420
8421,8421,1,8421
8979,8979,1,8979
8980,8980,1,8980
8981,8981,1,8981
8982,8982,1,8982
8983,8983,1,8983
8984,8984,1,8984
8985,8985,1,8985
8986,8986,1,8986
8987,8987,1,8987
8988,8988,1,8988
8989,8989,1,110
8990,8990,1,8990
8991,8991,1,8991
8992,8992,1,8992
8993,8993,1,8993
8994,8994,1,8994
8995,8995,1,8995
8996,8996,1,8996
8997,8997,1,8997
8998,8998,1,8998
8999,8999,1,8999
9000,9000,1,9000
9001,9001,1,9001
9002,9002,1,9002
9003,9003,1,9003
9044,9044,1,9044
9045,9045,1,9045
9046,9046,1,9046
9047,9047,1,9047
9048,9048,1,9048
9049,9049,1,9049
9050,9050,1,9050
9051,9051,1,9051
9052,9052,1,9052
9053,9053,1,9053
9054,9054,1,9054
9055,9055,1,9055
9056,9056,1,9056
9057,9057,1,9057
9058,9058,1,9058
9059,9059,1,9059
9060,9060,1,9060
9061,9061,1,9061
9062,9062,1,9062
9063,9063,1,9063
9064,9064,1,9064
9065,9065,1,9065
8472,8422,1,8422
8473,8423,1,8423
8474,8424,1,8424
8475,8425,1,8425
8476,8426,1,8426
8477,8427,1,8427
8478,8428,1,8428
8479,8429,1,8429
8480,8430,1,8430
8481,8431,1,8431
8482,8432,1,8432
8483,8433,1,8433
8484,8434,1,8434
8485,8435,1,8435
8486,8436,1,8436
8487,8437,1,8437
8488,8438,1,8438
8489,8439,1,8439
8490,8440,1,8440
8491,8441,1,8441
8492,8442,1,8442
8493,8443,1,8443
8494,8444,1,8444
8495,8445,1,8445
8496,8446,1,8446
8497,8447,1,8447
8498,8448,1,8448
8499,8449,1,8449
8500,8450,1,8450
8501,8451,1,8451
8502,8452,1,8452
8503,8453,1,8453
8504,8454,1,8454
8505,8455,1,8455
8506,8456,1,8456
8507,8457,1,8457
8508,8458,1,8458
8509,8459,1,8459
8510,8460,1,8460
8511,8461,1,8461
8512,8462,1,8462
8513,8463,1,8463
8514,8464,1,8464
8515,8465,1,8465
8516,8466,1,8466
8517,8467,1,8467
8518,8468,1,8468
8519,8469,1,8469
8520,8470,1,8470
8521,8471,1,8471
8522,8522,1,8522
8523,8523,1,8523
8524,8524,1,8524
8525,8525,1,8525
8526,8526,1,8526
8527,8527,1,8527
8528,8528,1,8528
8529,8529,1,8529
8530,8530,1,8530
8531,8531,1,8531
8532,8532,1,8532
8533,8533,1,8533
8534,8534,1,8534
8535,8535,1,8535
8536,8536,1,8536
8537,8537,1,8537
8538,8538,1,8538
8539,8539,1,8539
8540,8540,1,8540
8541,8541,1,8541
8542,8542,1,8542
8543,8543,1,8543
8544,8544,1,8544
8545,8545,1,8545
8546,8546,1,8546
8547,8547,1,8547
8548,8548,1,8548
8549,8549,1,8549
8550,8550,1,8550
8551,8551,1,8551
8552,8552,1,8552
8553,8553,1,8553
8554,8554,1,8554
8555,8555,1,8555
8556,8556,1,8556
8557,8557,1,8557
8558,8558,1,8558
8559,8559,1,8559
8560,8560,1,8560
8561,8561,1,8561
8562,8562,1,8562
8563,8563,1,8563
8564,8564,1,8564
8565,8565,1,8565
8566,8566,1,8566
8567,8567,1,8567
8568,8568,1,8568
8569,8569,1,8569
8570,8570,1,8570
8571,8571,1,8571
8572,8572,1,8572
8573,8573,1,8573
8574,8574,1,8574
8575,8575,1,8575
8576,8576,1,8576
8577,8577,1,8577
8578,8578,1,8578
8579,8579,1,8579
8580,8580,1,8580
8581,8581,1,8581
8582,8582,1,8571
8583,8583,1,8583
8584,8584,1,8584
8585,8585,1,8585
8586,8586,1,8586
8587,8587,1,8587
8588,8588,1,8588
8589,8589,1,8589
8590,8590,1,8590
8591,8591,1,8591
8592,8592,1,8592
8593,8593,1,8593
8594,8594,1,8594
8595,8595,1,8595
8596,8596,1,8596
8597,8597,1,8597
8598,8598,1,8598
8599,8599,1,8599
8600,8600,1,8600
8601,8601,1,8601
8602,8602,1,8602
8603,8603,1,8603
8604,8604,1,8604
8605,8605,1,8605
8606,8606,1,8606
8607,8607,1,8607
8608,8608,1,8608
8609,8609,1,8609
8610,8610,1,8610
8611,8611,1,8611
8612,8612,1,8612
8613,8613,1,8613
8614,8614,1,8614
8615,8615,1,8615
8616,8616,1,8616
8617,8617,1,8617
8618,8618,1,8618
8619,8619,1,8619
8620,8620,1,8620
8621,8621,1,8621
8622,8622,1,8622
8623,8623,1,8623
8624,8624,1,8624
8625,8625,1,8625
8626,8626,1,8626
8627,8627,1,8627
8628,8628,1,8628
8629,8629,1,8629
8630,8630,1,6960
8631,8631,1,8631
8632,8632,1,8632
8633,8633,1,8633
8634,8634,1,8634
8635,8635,1,8635
8636,8636,1,8636
8637,8637,1,8637
8638,8638,1,8638
8639,8639,1,8639
8640,8640,1,8640
8641,8641,1,8641
8642,8642,1,8642
8643,8643,1,8643
8644,8644,1,8644
8645,8645,1,8645
8646,8646,1,8646
8647,8647,1,8647
8648,8648,1,8648
8649,8649,1,8649
8650,8650,1,8650
8651,8651,1,8651
8652,8652,1,8652
8653,8653,1,8653
8654,8654,1,8654
8655,8655,1,8655
8656,8656,1,8656
8657,8657,1,8657
8658,8658,1,8658
8659,8659,1,8659
8660,8660,1,8660
8661,8661,1,8661
8662,8662,1,8662
8663,8663,1,8663
8664,8664,1,8664
8665,8665,1,8665
8666,8666,1,8666
8667,8667,1,8667
8668,8668,1,8668
8669,8669,1,8669
8670,8670,1,8670
8671,8671,1,8671
8672,8672,1,8672
8673,8673,1,8673
8674,8674,1,8674
8675,8675,1,8675
8676,8676,1,8676
8677,8677,1,8677
8678,8678,1,8678
8704,8704,1,8704
8705,8705,1,8705
8706,8706,1,8706
8707,8707,1,8707
8708,8708,1,8708
8709,8709,1,8709
8710,8710,1,8710
8711,8711,1,8711
8712,8712,1,8712
8713,8713,1,8713
8714,8714,1,8714
8715,8715,1,8715
8716,8716,1,8716
8717,8717,1,8717
8718,8718,1,8718
8719,8719,1,8719
8720,8720,1,8720
8721,8721,1,8721
8722,8722,1,8722
8723,8723,1,8723
8724,8724,1,8724
8725,8725,1,8725
8726,8726,1,8726
8727,8727,1,8727
8728,8728,1,8728
8729,8729,1,8729
8730,8730,1,8730
8731,8731,1,8731
8732,8732,1,8697
8733,8733,1,8733
8734,8734,1,8734
8735,8735,1,8735
8736,8736,1,8736
8737,8737,1,8737
8738,8738,1,8738
8739,8739,1,8739
8740,8740,1,8740
8741,8741,1,8741
8742,8742,1,8742
8743,8743,1,8743
8744,8744,1,8744
8745,8745,1,8745
8746,8746,1,8746
8747,8747,1,8691
8748,8748,1,8748
8749,8749,1,8749
8750,8750,1,8750
8751,8751,1,8751
8752,8752,1,8752
8753,8753,1,8753
8754,8754,1,8754
8755,8755,1,8755
8756,8756,1,8756
8757,8757,1,8757
8758,8758,1,8758
8759,8759,1,8759
8760,8760,1,8760
8761,8761,1,8761
8762,8762,1,8762
8763,8763,1,8763
8764,8764,1,8764
8765,8765,1,8765
8766,8766,1,8766
8767,8767,1,8767
8768,8768,1,8768
8769,8769,1,8769
8770,8770,1,8770
8771,8771,1,8771
8772,8772,1,8772
8773,8773,1,8773
8774,8774,1,8774
8775,8775,1,8775
8776,8776,1,8776
8777,8777,1,8777
8778,8778,1,8778
8779,8779,1,8779
8780,8780,1,8780
8781,8781,1,8781
8782,8782,1,8782
8783,8783,1,8783
8784,8784,1,8784
8785,8785,1,8785
8786,8786,1,8786
8787,8787,1,8787
8788,8788,1,8788
8789,8789,1,8789
8790,8790,1,8790
8791,8791,1,8791
8792,8792,1,8792
8793,8793,1,8793
8794,8794,1,8794
8795,8795,1,8795
8796,8796,1,8796
8797,8797,1,105
8798,8798,1,8798
8799,8799,1,8799
8800,8800,1,8800
8801,8801,1,8801
8802,8802,1,8802
8803,8803,1,8803
8804,8804,1,8804
8805,8805,1,8805
8806,8806,1,8806
8807,8807,1,8807
8808,8808,1,8808
8809,8809,1,8809
8810,8810,1,8810
8811,8811,1,8811
8812,8812,1,8812
8813,8813,1,8813
8814,8814,1,8814
8815,8815,1,8815
8816,8816,1,8816
8817,8817,1,8817
8818,8818,1,8818
8819,8819,1,8819
8820,8820,1,8820
8821,8821,1,8821
8822,8822,1,8822
8823,8823,1,8823
8824,8824,1,8824
8825,8825,1,8825
8826,8826,1,8826
8827,8827,1,8827
8828,8828,1,8828
8829,8829,1,8829
8830,8830,1,8830
8831,8831,1,8831
8832,8832,1,8832
8833,8833,1,8833
8834,8834,1,8787
8835,8835,1,8835
8836,8836,1,8836
8837,8837,1,8837
8838,8838,1,8838
8839,8839,1,8839
8840,8840,1,8840
8841,8841,1,8841
8842,8842,1,8842
8843,8843,1,8843
8844,8844,1,8844
8845,8845,1,8845
8846,8846,1,8846
8847,8847,1,8847
8848,8848,1,8848
8849,8849,1,8849
8850,8850,1,8850
8851,8851,1,8851
8852,8852,1,8852
8853,8853,1,8853
8854,8854,1,8854
8855,8855,1,8855
8856,8856,1,8856
8857,8857,1,8857
8858,8858,1,8858
8859,8859,1,8859
8860,8860,1,8860
8861,8861,1,8861
8862,8862,1,8862
8863,8863,1,8863
8864,8864,1,8864
8865,8865,1,8865
8866,8866,1,8866
8867,8867,1,8867
8868,8868,1,8868
8869,8869,1,8869
8870,8870,1,8870
8871,8871,1,8871
8872,8872,1,8872
8873,8873,1,8873
8874,8874,1,8874
8875,8875,1,8875
8876,8876,1,8876
8877,8877,1,8877
8878,8878,1,8878
8879,8879,1,8879
8880,8880,1,8880
8881,8881,1,8881
8882,8882,1,8882
8883,8883,1,8883
8884,8884,1,8884
8885,8885,1,8885
8886,8886,1,8886
8887,8887,1,8887
8888,8888,1,8888
8889,8889,1,8889
8890,8890,1,8890
8891,8891,1,8891
8892,8892,1,8892
8893,8893,1,8893
8894,8894,1,8894
8895,8895,1,8895
8896,8896,1,8896
8897,8897,1,8897
8898,8898,1,8898
8899,8899,1,8899
8900,8900,1,8900
8901,8901,1,8901
8902,8902,1,8902
8903,8903,1,8903
8904,8904,1,8904
8905,8905,1,8905
8906,8906,1,8906
8907,8907,1,8907
8908,8908,1,8908
8909,8909,1,8909
8910,8910,1,8910
8911,8911,1,8911
8912,8912,1,8912
8913,8913,1,8913
8914,8914,1,8914
8915,8915,1,8915
8916,8916,1,8916
8917,8917,1,8917
8918,8918,1,8918
8919,8919,1,8919
8920,8920,1,8920
8921,8921,1,8921
8922,8922,1,8922
8923,8923,1,8923
8924,8924,1,8924
8925,8925,1,8925
8926,8926,1,8926
8927,8927,1,8927
8928,8928,1,8928
8929,8929,1,8929
8930,8930,1,8930
8931,8931,1,8931
8932,8932,1,8932
8933,8933,1,8933
8934,8934,1,8934
8935,8935,1,8935
8936,8936,1,8936
8937,8937,1,8937
8938,8938,1,8938
8939,8939,1,8939
8940,8940,1,8940
8941,8941,1,8941
8942,8942,1,8942
8943,8943,1,8943
8944,8944,1,8944
8945,8945,1,8945
8946,8946,1,8946
8947,8947,1,8947
8948,8948,1,8948
8949,8949,1,8949
8950,8950,1,8950
8951,8951,1,8951
8952,8952,1,8952
8953,8953,1,8953
8954,8954,1,8954
8955,8955,1,8955
8956,8956,1,8956
8957,8957,1,8957
8958,8958,1,8958
8959,8959,1,8959
8960,8960,1,8960
8961,8961,1,8961
8962,8962,1,8962
8963,8963,1,8963
8964,8964,1,8964
8965,8965,1,8965
8966,8966,1,8966
8967,8967,1,8967
8968,8968,1,8968
8969,8969,1,8969
8970,8970,1,8970
8971,8971,1,8971
8972,8972,1,8972
8973,8973,1,8973
8974,8974,1,8974
8975,8975,1,8975
8976,8976,1,8976
8977,8977,1,8977
8978,8978,1,8978
9004,9004,1,9004
9005,9005,1,9005
9006,9006,1,9006
9007,9007,1,9007
9008,9008,1,9008
9009,9009,1,9009
9010,9010,1,9010
9011,9011,1,9011
9012,9012,1,9012
9013,9013,1,9013
9014,9014,1,9014
9015,9015,1,9015
9016,9016,1,9016
9017,9017,1,9017
9018,9018,1,9018
9019,9019,1,9019
9020,9020,1,9020
9021,9021,1,9021
9022,9022,1,9022
9023,9023,1,8914
9024,9024,1,9024
9025,9025,1,9025
9026,9026,1,9026
9027,9027,1,9027
9028,9028,1,9028
9029,9029,1,9029
9030,9030,1,9030
9031,9031,1,9031
9032,9032,1,9032
9033,9033,1,9033
9034,9034,1,9034
9035,9035,1,9035
9036,9036,1,9036
9037,9037,1,9037
9038,9038,1,9038
9039,9039,1,9039
9040,9040,1,9040
9041,9041,1,9041
9042,9042,1,9042
9043,9043,1,9043
9066,9066,1,9066
9067,9067,1,9067
9068,9068,1,9068
9069,9069,1,9069
9070,9070,1,9070
9071,9071,1,9071
9072,9072,1,255
9073,9073,1,9073
9074,9074,1,9074
9075,9075,1,9075
9076,9076,1,9076
9077,9077,1,9077
9078,9078,1,9078
9079,9079,1,9079
9080,9080,1,9080
9081,9081,1,9081
9082,9082,1,9082
9083,9083,1,8968
9084,9084,1,9084
9085,9085,1,9085
9086,9086,1,9086
9087,9087,1,9087
9088,9088,1,9088
9089,9089,1,9089
9090,9090,1,9090
9091,9091,1,9091
9092,9092,1,9092
9093,9093,1,9093
9094,9094,1,9094
9095,9095,1,9095
9096,9096,1,9096
9097,9097,1,9097
9098,9098,1,9098
9099,9099,1,9099
9100,9100,1,9100
9101,9101,1,9101
9102,9102,1,9102
9103,9103,1,9103
9104,9104,1,9104
9105,9105,1,183
9106,9106,1,9106
9107,9107,1,9107
9108,9108,1,9108
9109,9109,1,9109
9110,9110,1,9110
9111,9111,1,9111
9112,9112,1,9112
9113,9113,1,9113
9114,9114,1,9114
9115,9115,1,9115
9116,9116,1,9116
9117,9117,1,9117
9118,9118,1,9118
9119,9119,1,9119
9120,9120,1,9120
9121,9121,1,9121
9122,9122,1,9122
9123,9123,1,9123
9124,9124,1,9124
9125,9125,1,9125
9126,9126,1,9126
9127,9127,1,9127
9128,9128,1,9128
9129,9129,1,9129
9130,9130,1,9130
9131,9131,1,9131
9132,9132,1,9132
9133,9133,1,9133
9134,9134,1,9134
9135,9135,1,9135
9136,9136,1,9136
9137,9137,1,9137
9138,9138,1,9138
9139,9139,1,9139
9140,9140,1,9140
9141,9141,1,9141
9142,9142,1,9142
9143,9143,1,9143
9144,9144,1,9144
9145,9145,1,9145
9146,9146,1,9146
9147,9147,1,9147
9148,9148,1,9148
9149,9149,1,9149
9150,9150,1,9150
9151,9151,1,9151
9152,9152,1,9152
9153,9153,1,9153
9154,9154,1,9154
9155,9155,1,9155
9156,9156,1,9156
9157,9157,1,9157
9158,9158,1,9158
9159,9159,1,9159
9160,9160,1,9160
9161,9161,1,9161
9162,9162,1,9162
9163,9163,1,9163
9164,9164,1,9164
9165,9165,1,9165
9166,9166,1,9166
9167,9167,1,9167
9168,9168,1,9168
9169,9169,1,9169
9170,9170,1,9170
9171,9171,1,9171
9172,9172,1,9172
9173,9173,1,9173
9174,9174,1,9174
9175,9175,1,9175
9176,9176,1,9176
9177,9177,1,9177
9178,9178,1,9178
9179,9179,1,9179
9180,9180,1,9180
9181,9181,1,9181
9182,9182,1,9182
9183,9183,1,9183
9184,9184,1,9184
9185,9185,1,9185
9186,9186,1,9186
9187,9187,1,9187
9188,9188,1,9188
9189,9189,1,9189
9190,9190,1,9190
9191,9191,1,9191
9192,9192,1,9192
9193,9193,1,9193
9194,9194,1,9194
9195,9195,1,9195
9196,9196,1,9196
9197,9197,1,9197
9198,9198,1,9198
9199,9199,1,9199
9200,9200,1,9200
9201,9201,1,9201
9202,9202,1,9202
9203,9203,1,9203
9204,9204,1,9204
9205,9205,1,9205
9206,9206,1,9206
9207,9207,1,9207
9208,9208,1,9208
9209,9209,1,9209
9210,9210,1,9210
9211,9211,1,9211
9212,9212,1,9212
9213,9213,1,9213
9214,9214,1,9214
9215,9215,1,9215
9216,9216,1,9216
9217,9217,1,9217
9218,9218,1,9218
9219,9219,1,9219
9220,9220,1,9220
9221,9221,1,9221
9222,9222,1,9222
9223,9223,1,9223
9224,9224,1,9224
9225,9225,1,9225
9226,9226,1,9226
9227,9227,1,9227
9228,9228,1,9228
9229,9229,1,9229
9230,9230,1,9230
9231,9231,1,9231
9232,9232,1,9232
9233,9233,1,9233
9234,9234,1,9234
9235,9235,1,9235
9236,9236,1,9236
9237,9237,1,9237
9238,9238,1,9238
9239,9239,1,9239
9240,9240,1,9240
9241,9241,1,9241
9242,9242,1,9242
9243,9243,1,9243
9244,9244,1,9244
9245,9245,1,9245
9246,9246,1,9246
9247,9247,1,9247
9248,9248,1,9248
9249,9249,1,9249
9250,9250,1,9250
9251,9251,1,9251
9252,9252,1,9252
9253,9253,1,9253
9254,9254,1,9254
9255,9255,1,9255
9256,9256,1,9256
9257,9257,1,9257
9258,9258,1,9258
9259,9259,1,9259
9260,9260,1,9260
9261,9261,1,9261
9262,9262,1,9262
9263,9263,1,9263
9264,9264,1,9264
9265,9265,1,9265
9266,9266,1,9266
9267,9267,1,9267
9268,9268,1,9268
9269,9269,1,9269
9270,9270,1,9270
9271,9271,1,9271
9272,9272,1,9272
9273,9273,1,9273
9274,9274,1,9274
9275,9275,1,9275
9276,9276,1,9276
9277,9277,1,9277
9278,9278,1,9278
9279,9279,1,9279
9280,9280,1,9280
9281,9281,1,9281
9282,9282,1,9282
9283,9283,1,9283
9284,9284,1,9284
9285,9285,1,9285
9286,9286,1,9286
9287,9287,1,9287
9288,9288,1,9288
9289,9289,1,9289
9290,9290,1,9290
9291,9291,1,9291
9292,9292,1,9292
9293,9293,1,9293
9294,9294,1,9294
9295,9295,1,9295
9296,9296,1,9296
9297,9297,1,9297
9298,9298,1,9298
9299,9299,1,9299
9300,9300,1,9300
9301,9301,1,9301
9302,9302,1,9302
9303,9303,1,9303
9304,9304,1,9304
9305,9305,1,9305
9306,9306,1,9306
9307,9307,1,9307
9308,9308,1,9308
9309,9309,1,9309
9310,9310,1,9310
9311,9311,1,9311
9312,9312,1,9312
9313,9313,1,9313
9314,9314,1,9314
9315,9315,1,9315
9316,9316,1,9316
9317,9317,1,9317
9318,9318,1,9318
9319,9319,1,9319
9320,9320,1,9320
9321,9321,1,9321
9322,9322,1,9322
9323,9323,1,9323
9324,9324,1,9324
9325,9325,1,9325
9326,9326,1,9326
9327,9327,1,9327
9328,9328,1,9328
9329,9329,1,9329
9330,9330,1,9330
9331,9331,1,9331
9332,9332,1,9332
9333,9333,1,9333
9334,9334,1,9334
9335,9335,1,9335
9336,9336,1,9336
9337,9337,1,9337
9338,9338,1,9338
9339,9339,1,9339
9340,9340,1,9340
9341,9341,1,9341
9342,9342,1,9342
9343,9343,1,9343
9344,9344,1,9344
9345,9345,1,9345
9346,9346,1,9346
9347,9347,1,9347
9348,9348,1,9348
9349,9349,1,9349
9350,9350,1,9350
9351,9351,1,9351
9352,9352,1,9352
9353,9353,1,9353
9354,9354,1,9354
9355,9355,1,9355
9356,9356,1,9356
9357,9357,1,9357
9358,9358,1,9358
9359,9359,1,9359
9360,9360,1,9360
9361,9361,1,9361
9362,9362,1,9362
9363,9363,1,9363
9364,9364,1,9364
9365,9365,1,9365
9366,9366,1,9366
9367,9367,1,9367
9368,9368,1,9368
9369,9369,1,9369
9370,9370,1,9370
9371,9371,1,9371
9372,9372,1,9372
9373,9373,1,9373
9374,9374,1,9374
9375,9375,1,9375
9376,9376,1,9376
9377,9377,1,9377
9378,9378,1,9378
9379,9379,1,9379
9380,9380,1,9380
9381,9381,1,9381
9382,9382,1,9382
9383,9383,1,9383
9384,9384,1,9384
9385,9385,1,9385
9386,9386,1,9386
9387,9387,1,9387
9388,9388,1,9388
9389,9389,1,9389
9390,9390,1,9390
9391,9391,1,9391
9392,9392,1,9392
9393,9393,1,9393
9394,9394,1,9394
9395,9395,1,9395
9396,9396,1,9396
9397,9397,1,9397
9398,9398,1,9398
9399,9399,1,9399
9400,9400,1,9400
9401,9401,1,9401
9402,9402,1,9402
9403,9403,1,9403
9404,9404,1,9404
9405,9405,1,9405
9406,9406,1,9406
9407,9407,1,9407
9408,9408,1,9408
9409,9409,1,9409
9410,9410,1,9410
9411,9411,1,9241
9412,9412,1,9412
9413,9413,1,9413
9414,9414,1,9414
9415,9415,1,9415
9416,9416,1,9416
9417,9417,1,9417
9418,9418,1,9418
9419,9419,1,9419
9420,9420,1,9420
9421,9421,1,9421
9422,9422,1,9422
9423,9423,1,9423
9424,9424,1,9424
9425,9425,1,9425
9426,9426,1,9426
9427,9427,1,9427
9428,9428,1,9428
9429,9429,1,9429
9430,9430,1,9430
9431,9431,1,9431
9432,9432,1,9432
9433,9433,1,9433
9434,9434,1,9434
9435,9435,1,9435
9436,9436,1,9436
9437,9437,1,9437
9438,9438,1,9438
9439,9439,1,9439
9440,9440,1,9440
9441,9441,1,9441
9442,9442,1,9442
9443,9443,1,9443
9444,9444,1,9444
9445,9445,1,9445
9446,9446,1,9446
9447,9447,1,9447
9448,9448,1,9448
9449,9449,1,9449
9450,9450,1,9450
9451,9451,1,9451
9452,9452,1,9452
9453,9453,1,9453
9454,9454,1,9454
9455,9455,1,9455
9456,9456,1,9456
9457,9457,1,9457
9458,9458,1,9458
9459,9459,1,9459
9460,9460,1,9460
9461,9461,1,9461
9462,9462,1,9462
9463,9463,1,9463
9464,9464,1,9464
9465,9465,1,9465
9466,9466,1,9466
9467,9467,1,9467
9468,9468,1,9468
9469,9469,1,9469
9470,9470,1,9470
9471,9471,1,9471
9472,9472,1,9472
9473,9473,1,9473
9474,9474,1,9474
9475,9475,1,9475
9476,9476,1,9476
9477,9477,1,9477
9478,9478,1,9478
9479,9479,1,9479
9480,9480,1,9480
9481,9481,1,9481
9482,9482,1,9482
9483,9483,1,9483
9484,9484,1,9484
9485,9485,1,9485
9486,9486,1,9486
9487,9487,1,9487
9488,9488,1,9488
9489,9489,1,9489
9490,9490,1,9490
9491,9491,1,9491
9492,9492,1,9492
9493,9493,1,9493
9494,9494,1,9494
9495,9495,1,9495
9496,9496,1,9496
9497,9497,1,9497
9498,9498,1,9498
9499,9499,1,9499
9500,9500,1,9500
9501,9501,1,9501
9502,9502,1,9502
9503,9503,1,9503
9504,9504,1,9504
9505,9505,1,9505
9506,9506,1,9506
9507,9507,1,9507
9508,9508,1,9508
9509,9509,1,9509
9510,9510,1,9510
9511,9511,1,9511
9512,9512,1,9512
9513,9513,1,9513
9514,9514,1,9514
9515,9515,1,9515
9516,9516,1,9516
9517,9517,1,9517
9518,9518,1,9518
9519,9519,1,9519
9520,9520,1,9520
9521,9521,1,9521
9522,9522,1,9522
9523,9523,1,9523
9524,9524,1,9524
9525,9525,1,9525
9526,9526,1,9526
9527,9527,1,9527
9528,9528,1,9528
9529,9529,1,9529
9530,9530,1,9530
9531,9531,1,9531
9532,9532,1,9532
9533,9533,1,9533
9534,9534,1,9534
9535,9535,1,9535
9536,9536,1,9536
9537,9537,1,9537
9538,9538,1,9538
9539,9539,1,9539
9540,9540,1,9540
9541,9541,1,9541
9542,9542,1,9542
9543,9543,1,9543
9544,9544,1,9544
9545,9545,1,9545
9546,9546,1,9546
9547,9547,1,9547
9548,9548,1,9548
9549,9549,1,9549
9550,9550,1,9550
9551,9551,1,9551
9552,9552,1,9552
9553,9553,1,9553
9554,9554,1,9554
9555,9555,1,9555
9556,9556,1,9556
9557,9557,1,9557
9558,9558,1,9558
9559,9559,1,9559
9560,9560,1,9560
9561,9561,1,9561
9562,9562,1,9562
9563,9563,1,9563
9564,9564,1,9564
9565,9565,1,9565
9566,9566,1,9566
9567,9567,1,9567
9568,9568,1,9568
9569,9569,1,9569
9570,9570,1,9570
9571,9571,1,9571
9572,9572,1,9572
9573,9573,1,9573
9574,9574,1,9574
9575,9575,1,9575
9576,9576,1,9576
9577,9577,1,9577
9578,9578,1,9578
9579,9579,1,9579
9580,9580,1,9580
9581,9581,1,9581
9582,9582,1,9582
9583,9583,1,9583
9584,9584,1,9584
9585,9585,1,9585
9586,9586,1,9586
9587,9587,1,9587
9588,9588,1,9588
9589,9589,1,9589
9590,9590,1,9590
9591,9591,1,9591
9592,9592,1,9592
9593,9593,1,9593
9594,9594,1,9594
9595,9595,1,9595
9596,9596,1,9596
9597,9597,1,9597
9598,9598,1,9598
9599,9599,1,9599
9600,9600,1,9600
9601,9601,1,9601
9602,9602,1,9602
9603,9603,1,9603
9604,9604,1,9604
9605,9605,1,9605
9606,9606,1,9606
9607,9607,1,9607
9608,9608,1,9608
9609,9609,1,9609
9610,9610,1,9610
9611,9611,1,9611
9612,9612,1,9612
9613,9613,1,9613
9614,9614,1,9614
9615,9615,1,9615
9616,9616,1,9616
9617,9617,1,9617
9618,9618,1,9618
9619,9619,1,9619
9620,9620,1,9620
9621,9621,1,9621
9622,9622,1,9622
9623,9623,1,9623
9624,9624,1,9624
9625,9625,1,9625
9626,9626,1,9626
9627,9627,1,9627
9628,9628,1,9628
9629,9629,1,9629
9630,9630,1,9630
9631,9631,1,9631
9632,9632,1,9632
9633,9633,1,9633
9634,9634,1,9634
9635,9635,1,9635
9636,9636,1,9636
9637,9637,1,9637
9638,9638,1,9638
9639,9639,1,9639
9640,9640,1,9640
9641,9641,1,9641
9642,9642,1,9642
9643,9643,1,9643
9644,9644,1,9644
9645,9645,1,9645
9646,9646,1,9646
9647,9647,1,9647
9648,9648,1,9648
9649,9649,1,9649
9650,9650,1,9650
9651,9651,1,9651
9652,9652,1,9652
9653,9653,1,9653
9654,9654,1,9654
9655,9655,1,9655
9656,9656,1,9656
9657,9657,1,9657
9658,9658,1,9658
9659,9659,1,9659
9660,9660,1,9660
9661,9661,1,9661
9662,9662,1,9662
9663,9663,1,9663
9664,9664,1,9664
9665,9665,1,9665
9666,9666,1,9666
9667,9667,1,9667
9668,9668,1,9668
9669,9669,1,9669
9670,9670,1,9670
9671,9671,1,9671
9672,9672,1,9672
9673,9673,1,9673
9674,9674,1,9674
9675,9675,1,9675
9676,9676,1,9676
9677,9677,1,9677
9678,9678,1,9678
9679,9679,1,9679
9680,9680,1,9680
9681,9681,1,9681
9682,9682,1,9682
9683,9683,1,9683
9684,9684,1,9684
9685,9685,1,9685
9686,9686,1,9686
9687,9687,1,9687
9688,9688,1,9688
9689,9689,1,9689
9690,9690,1,9690
9691,9691,1,9691
9692,9692,1,9692
9693,9693,1,9693
9694,9694,1,9694
9695,9695,1,9695
9696,9696,1,9696
9697,9697,1,9697
9698,9698,1,9698
9699,9699,1,9699
9700,9700,1,9700
9701,9701,1,9701
9702,9702,1,9702
9703,9703,1,9703
9704,9704,1,9704
9705,9705,1,9705
9706,9706,1,9706
9707,9707,1,9707
9708,9708,1,9708
9709,9709,1,9709
9710,9710,1,9710
9711,9711,1,9711
9712,9712,1,9712
9713,9713,1,9713
9714,9714,1,9714
9715,9715,1,9715
9716,9716,1,9716
9717,9717,1,9717
9718,9718,1,9718
9719,9719,1,9719
9720,9720,1,9720
9721,9721,1,9721
9722,9722,1,9722
9723,9723,1,9723
9724,9724,1,9724
9725,9725,1,9725
9726,9726,1,9726
9727,9727,1,9727
9728,9728,1,9728
9729,9729,1,9729
9730,9730,1,9730
9731,9731,1,9731
9732,9732,1,9732
9733,9733,1,9733
9734,9734,1,9734
9735,9735,1,9735
9736,9736,1,9736
9737,9737,1,9737
9738,9738,1,9738
9739,9739,1,9739
9740,9740,1,9740
9741,9741,1,9741
9742,9742,1,9742
9743,9743,1,9743
9744,9744,1,9744
9745,9745,1,9745
9746,9746,1,9746
9747,9747,1,9747
9748,9748,1,9748
9749,9749,1,9749
9750,9750,1,9750
9751,9751,1,9751
9752,9752,1,9752
9753,9753,1,9753
9754,9754,1,9754
9755,9755,1,9755
9756,9756,1,9756
9757,9757,1,9757
9758,9758,1,9758
9759,9759,1,9759
9760,9760,1,9760
9761,9761,1,9761
9762,9762,1,9762
9763,9763,1,9763
9764,9764,1,9764
9765,9765,1,9765
9766,9766,1,9766
9767,9767,1,9767
9768,9768,1,9768
9769,9769,1,9769
9770,9770,1,9770
9771,9771,1,9771
9772,9772,1,9772
9773,9773,1,9773
9774,9774,1,9774
9775,9775,1,9775
9776,9776,1,9776
9777,9777,1,9777
9778,9778,1,9778
9779,9779,1,9779
9780,9780,1,9780
9781,9781,1,9781
9782,9782,1,9782
9783,9783,1,9783
9784,9784,1,9784
9785,9785,1,9785
9786,9786,1,9786
9787,9787,1,9787
9788,9788,1,9788
9789,9789,1,9789
9790,9790,1,9790
9791,9791,1,9791
9792,9792,1,9792
9793,9793,1,9793
9794,9794,1,9794
9795,9795,1,9795
9796,9796,1,9796
9797,9797,1,9797
9798,9798,1,9798
9799,9799,1,9799
9800,9800,1,9800
9801,9801,1,9801
9802,9802,1,9802
9803,9803,1,9803
9804,9804,1,9804
9805,9805,1,9805
9806,9806,1,9806
9807,9807,1,9807
9808,9808,1,9808
9809,9809,1,9809
9810,9810,1,9810
9811,9811,1,9811
9812,9812,1,9812
9813,9813,1,9813
9814,9814,1,9814
9815,9815,1,9815
9816,9816,1,9816
9817,9817,1,9817
9818,9818,1,9818
9819,9819,1,9819
9820,9820,1,9820
9821,9821,1,9821
9822,9822,1,9822
9823,9823,1,9823
9824,9824,1,9824
9825,9825,1,9825
9826,9826,1,9826
9827,9827,1,9827
9828,9828,1,9828
9829,9829,1,9829
9830,9830,1,9830
9831,9831,1,9831
9832,9832,1,9832
9833,9833,1,9833
9834,9834,1,9834
9835,9835,1,9835
9836,9836,1,9836
9837,9837,1,9837
9838,9838,1,9838
9839,9839,1,9839
9840,9840,1,9840
9841,9841,1,9841
9842,9842,1,9842
9843,9843,1,9843
9844,9844,1,9844
9845,9845,1,9845
9846,9846,1,9846
9847,9847,1,9847
9848,9848,1,9848
9849,9849,1,9849
9850,9850,1,9850
9851,9851,1,9851
9852,9852,1,9852
9853,9853,1,9853
9854,9854,1,9854
9855,9855,1,9855
9856,9856,1,9856
9857,9857,1,9857
9858,9858,1,9858
9859,9859,1,9859
9860,9860,1,9860
9861,9861,1,9861
9862,9862,1,9862
9863,9863,1,9863
9864,9864,1,9864
9865,9865,1,9865
9866,9866,1,9866
9867,9867,1,9867
9868,9868,1,9868
9869,9869,1,9869
9870,9870,1,9870
9871,9871,1,9871
9872,9872,1,9872
9873,9873,1,9873
9874,9874,1,9874
9875,9875,1,9875
9876,9876,1,9876
9877,9877,1,9877
9878,9878,1,9878
9879,9879,1,9879
9880,9880,1,9880
9881,9881,1,9881
9882,9882,1,9882
9883,9883,1,9883
9884,9884,1,9884
9885,9885,1,9885
9886,9886,1,9886
9887,9887,1,9887
9888,9888,1,9888
9889,9889,1,9889
9890,9890,1,9890
9891,9891,1,9891
9892,9892,1,9892
9893,9893,1,9893
9894,9894,1,9894
9895,9895,1,9895
9896,9896,1,9896
9897,9897,1,9897
9898,9898,1,9898
9899,9899,1,9899
9900,9900,1,9900
9901,9901,1,9901
9902,9902,1,9902
9903,9903,1,9903
9904,9904,1,9904
9905,9905,1,9905
9906,9906,1,9906
9907,9907,1,9907
9908,9908,1,9908
9909,9909,1,9909
9910,9910,1,9910
9911,9911,1,9911
9912,9912,1,9912
9913,9913,1,9913
9914,9914,1,9914
9915,9915,1,9915
9916,9916,1,9916
9917,9917,1,9917
9918,9918,1,9918
9919,9919,1,9919
9920,9920,1,9920
9921,9921,1,9921
9922,9922,1,9922
9923,9923,1,9923
9924,9924,1,9924
9925,9925,1,9925
9926,9926,1,9926
9927,9927,1,9927
9928,9928,1,9928
9929,9929,1,9929
9930,9930,1,9930
9931,9931,1,9931
9932,9932,1,9932
9933,9933,1,9933
9934,9934,1,9934
9935,9935,1,9935
9936,9936,1,9936
9937,9937,1,9937
9938,9938,1,9938
9939,9939,1,9939
9940,9940,1,9940
9941,9941,1,9941
9942,9942,1,9942
9943,9943,1,9943
9944,9944,1,9944
9945,9945,1,9945
9946,9946,1,9946
9947,9947,1,9947
9948,9948,1,9948
9949,9949,1,9949
9950,9950,1,9950
9951,9951,1,9951
9952,9952,1,9952
9953,9953,1,9953
9954,9954,1,9954
9955,9955,1,9955
9956,9956,1,9956
9957,9957,1,9957
9958,9958,1,9958
9959,9959,1,9959
9960,9960,1,9960
9961,9961,1,9961
9962,9962,1,9962
9963,9963,1,9963
9964,9964,1,9964
9965,9965,1,9965
9966,9966,1,9966
9967,9967,1,9967
9968,9968,1,9968
9969,9969,1,9969
9970,9970,1,9970
9971,9971,1,9971
9972,9972,1,9972
9973,9973,1,9973
9974,9974,1,9974
9975,9975,1,9975
9976,9976,1,9976
9977,9977,1,9977
9978,9978,1,9978
9979,9979,1,9979
9980,9980,1,9980
9981,9981,1,9981
9982,9982,1,9982
9983,9983,1,9983
9984,9984,1,9984
9985,9985,1,9985
9986,9986,1,9986
9987,9987,1,9987
9988,9988,1,9988
9989,9989,1,9989
9990,9990,1,9990
9991,9991,1,9991
9992,9992,1,9992
9993,9993,1,9993
9994,9994,1,9994
9995,9995,1,9995
9996,9996,1,9996
9997,9997,1,9997
9998,9998,1,9998
9999,9999,1,9999
10000,10000,1,10000
10001,10001,1,10001
10002,10002,1,10002
10003,10003,1,10003
10004,10004,1,10004
10005,10005,1,10005
10006,10006,1,10006
10007,10007,1,10007
10008,10008,1,10008
10009,10009,1,10009
10010,10010,1,10010
10011,10011,1,10011
10012,10012,1,10012
10013,10013,1,10013
10014,10014,1,10014
10015,10015,1,10015
10016,10016,1,10016
10017,10017,1,10017
10018,10018,1,10018
10019,10019,1,10019
10020,10020,1,10020
10021,10021,1,10021
10022,10022,1,10022
10023,10023,1,10023
10024,10024,1,10024
10025,10025,1,10025
10026,10026,1,10026
10027,10027,1,10027
10028,10028,1,10028
10029,10029,1,10029
10030,10030,1,10030
10031,10031,1,10031
10032,10032,1,10032
10033,10033,1,10033
10034,10034,1,10034
10035,10035,1,10035
10036,10036,1,10036
10037,10037,1,10037
10038,10038,1,10038
10039,10039,1,10039
10040,10040,1,10040
10041,10041,1,10041
10042,10042,1,10042
10043,10043,1,10043
10044,10044,1,10044
10045,10045,1,10045
10046,10046,1,10046
10047,10047,1,10047
10048,10048,1,10048
10049,10049,1,10049
10050,10050,1,10050
10051,10051,1,10051
10052,10052,1,10052
10053,10053,1,10053
10054,10054,1,10054
10055,10055,1,10055
10056,10056,1,10056
10057,10057,1,10057
10058,10058,1,10058
10059,10059,1,10059
10060,10060,1,10060
10061,10061,1,10061
10062,10062,1,10062
10063,10063,1,10063
10064,10064,1,10064
10065,10065,1,10065
10066,10066,1,10066
10067,10067,1,10067
10068,10068,1,10068
10069,10069,1,10069
10070,10070,1,10070
10071,10071,1,10071
10072,10072,1,10072
10073,10073,1,10073
10074,10074,1,10074
10075,10075,1,10075
10076,10076,1,10076
10077,10077,1,10077
10078,10078,1,10078
10079,10079,1,10079
10080,10080,1,10080
10081,10081,1,10081
10082,10082,1,10082
10083,10083,1,10083
10084,10084,1,10084
10085,10085,1,10085
10086,10086,1,10086
10087,10087,1,10087
10088,10088,1,10088
10089,10089,1,10089
10090,10090,1,9371
10091,10091,1,10091
10092,10092,1,10092
10093,10093,1,10093
10094,10094,1,10094
10095,10095,1,10095
10096,10096,1,10096
10097,10097,1,10097
10098,10098,1,10098
10099,10099,1,10099
10100,10100,1,10100
10101,10101,1,10101
10102,10102,1,10102
10103,10103,1,10103
10104,10104,1,10104
10105,10105,1,10105
10106,10106,1,10106
10107,10107,1,10107
10108,10108,1,10108
10109,10109,1,10109
10110,10110,1,10110
10111,10111,1,10111
10112,10112,1,10112
10113,10113,1,10113
10114,10114,1,10114
10115,10115,1,10115
10116,10116,1,10116
10117,10117,1,10117
10118,10118,1,10118
10119,10119,1,10119
10120,10120,1,10120
10121,10121,1,10121
10122,10122,1,10122
10123,10123,1,10123
10124,10124,1,10124
10125,10125,1,10125
10126,10126,1,10126
10127,10127,1,10127
10128,10128,1,10128
10129,10129,1,10129
10130,10130,1,10130
10131,10131,1,10131
10132,10132,1,10132
10133,10133,1,10133
10134,10134,1,10134
10135,10135,1,10135
10136,10136,1,10136
10137,10137,1,10137
10138,10138,1,10138
10139,10139,1,10139
10140,10140,1,10140
10141,10141,1,10141
10142,10142,1,10142
10143,10143,1,10143
10144,10144,1,10144
10145,10145,1,10145
10146,10146,1,10146
10147,10147,1,10147
10148,10148,1,10148
10149,10149,1,10149
10150,10150,1,10150
10151,10151,1,10151
10152,10152,1,10152
10153,10153,1,10153
10154,10154,1,10154
10155,10155,1,10155
10156,10156,1,10156
10157,10157,1,10157
10158,10158,1,10158
10159,10159,1,10159
10160,10160,1,10160
10161,10161,1,10161
10162,10162,1,10162
10163,10163,1,10163
10164,10164,1,10164
10165,10165,1,10165
10166,10166,1,10166
10167,10167,1,10167
10168,10168,1,10168
10169,10169,1,10169
10170,10170,1,10170
10171,10171,1,10171
10172,10172,1,10172
10173,10173,1,10173
10174,10174,1,10174
10175,10175,1,10175
10176,10176,1,10176
10177,10177,1,10177
10178,10178,1,10178
10179,10179,1,10179
10180,10180,1,10180
10181,10181,1,10181
10182,10182,1,10182
10183,10183,1,10183
10184,10184,1,10184
10185,10185,1,10185
10186,10186,1,10186
10187,10187,1,10187
10188,10188,1,10188
10189,10189,1,10189
10190,10190,1,10190
10191,10191,1,10191
10192,10192,1,10192
10193,10193,1,10193
10194,10194,1,10194
10195,10195,1,10195
10196,10196,1,10196
10197,10197,1,10197
10198,10198,1,10198
10199,10199,1,10199
10200,10200,1,10200
10201,10201,1,10201
10202,10202,1,10202
10203,10203,1,10203
10204,10204,1,10204
10205,10205,1,10205
10206,10206,1,10206
10207,10207,1,10207
10208,10208,1,10208
10209,10209,1,10209
10210,10210,1,10210
10211,10211,1,10211
10212,10212,1,10212
10213,10213,1,10213
10214,10214,1,10214
10215,10215,1,10215
10216,10216,1,10216
10217,10217,1,10217
10218,10218,1,10218
10219,10219,1,10219
10220,10220,1,10220
10221,10221,1,10221
10222,10222,1,10222
10223,10223,1,10223
10224,10224,1,10224
10225,10225,1,10225
10226,10226,1,10226
10227,10227,1,10227
10228,10228,1,10228
10229,10229,1,10229
10230,10230,1,10230
10231,10231,1,10231
10232,10232,1,10232
10233,10233,1,10233
10234,10234,1,10234
10235,10235,1,10235
10236,10236,1,10236
10237,10237,1,10237
10238,10238,1,10238
10239,10239,1,10239
10240,10240,1,10240
10241,10241,1,10241
10242,10242,1,10242
10243,10243,1,10243
10244,10244,1,10244
10245,10245,1,10245
10246,10246,1,10246
10247,10247,1,10247
10248,10248,1,10248
10249,10249,1,10249
10250,10250,1,10250
10251,10251,1,10251
10252,10252,1,10252
10253,10253,1,10253
10254,10254,1,10254
10255,10255,1,10255
10256,10256,1,10256
10257,10257,1,10257
10258,10258,1,10258
10259,10259,1,10259
10260,10260,1,10260
10261,10261,1,10261
10262,10262,1,10262
10263,10263,1,10263
10264,10264,1,10264
10265,10265,1,10265
10266,10266,1,10266
10267,10267,1,10267
10268,10268,1,10268
10269,10269,1,10269
10270,10270,1,334
10271,10271,1,10271
10272,10272,1,10272
10273,10273,1,10273
10274,10274,1,10274
10275,10275,1,10275
10276,10276,1,10276
10277,10277,1,10277
10278,10278,1,10278
10279,10279,1,10279
10280,10280,1,10280
10281,10281,1,10281
10282,10282,1,10282
10283,10283,1,10283
10284,10284,1,10284
10285,10285,1,10285
10286,10286,1,10286
10287,10287,1,10287
10288,10288,1,10288
10289,10289,1,10289
10290,10290,1,10290
10291,10291,1,10291
10292,10292,1,10292
10293,10293,1,10293
10294,10294,1,10294
10295,10295,1,10295
10296,10296,1,10296
10297,10297,1,10297
10298,10298,1,10298
10299,10299,1,10299
10300,10300,1,10300
10301,10301,1,10301
10302,10302,1,10302
10303,10303,1,10303
10304,10304,1,10304
10305,10305,1,10305
10306,10306,1,10306
10307,10307,1,10307
10308,10308,1,10308
10309,10309,1,10309
10310,10310,1,10310
10311,10311,1,10311
10312,10312,1,10312
10313,10313,1,10313
10314,10314,1,10314
10315,10315,1,10315
10316,10316,1,10316
10317,10317,1,10317
10318,10318,1,10318
10319,10319,1,10319
10320,10320,1,10320
10321,10321,1,10321
10322,10322,1,10322
10323,10323,1,10323
10324,10324,1,10324
10325,10325,1,10325
10326,10326,1,10326
10327,10327,1,10327
10328,10328,1,10328
10329,10329,1,10329
10330,10330,1,10330
10331,10331,1,10331
10332,10332,1,10332
10333,10333,1,10333
10334,10334,1,10334
10335,10335,1,10335
10336,10336,1,10336
10337,10337,1,10337
10338,10338,1,10338
10339,10339,1,10339
10340,10340,1,10340
10341,10341,1,10341
10342,10342,1,10342
10343,10343,1,10343
10344,10344,1,10344
10345,10345,1,10345
10346,10346,1,10346
10347,10347,1,10347
10348,10348,1,10348
10349,10349,1,10349
10350,10350,1,10350
10351,10351,1,10351
10352,10352,1,10352
10353,10353,1,10353
10354,10354,1,10354
10355,10355,1,10355
10356,10356,1,10356
10357,10357,1,10357
10358,10358,1,10358
10359,10359,1,10359
10360,10360,1,10360
10361,10361,1,10361
10362,10362,1,10362
10363,10363,1,10363
10364,10364,1,10364
10365,10365,1,10365
10366,10366,1,10366
10367,10367,1,10367
10368,10368,1,10368
10369,10369,1,10369
10370,10370,1,10370
10371,10371,1,10371
10372,10372,1,10372
10373,10373,1,10373
10374,10374,1,10374
10375,10375,1,10375
10376,10376,1,10376
10377,10377,1,10377
10378,10378,1,10378
10379,10379,1,10379
10380,10380,1,10380
10381,10381,1,10381
10382,10382,1,10382
10383,10383,1,10383
10384,10384,1,10384
10385,10385,1,10385
10386,10386,1,10386
10387,10387,1,10387
10388,10388,1,10388
10389,10389,1,10389
10390,10390,1,10390
10391,10391,1,10391
10392,10392,1,10392
10393,10393,1,10393
10394,10394,1,10394
10395,10395,1,10395
10396,10396,1,10396
10397,10397,1,10397
10398,10398,1,10398
10399,10399,1,10399
10400,10400,1,10400
10401,10401,1,10401
10402,10402,1,10402
10403,10403,1,10403
10404,10404,1,10404
10405,10405,1,10405
10406,10406,1,10406
10407,10407,1,10407
10408,10408,1,10408
10409,10409,1,10409
10410,10410,1,10410
10411,10411,1,10411
10412,10412,1,10412
10413,10413,1,10413
10414,10414,1,10414
10415,10415,1,10415
10416,10416,1,10416
10417,10417,1,10417
10418,10418,1,10418
10419,10419,1,10419
10420,10420,1,10420
10421,10421,1,10421
10422,10422,1,10422
10423,10423,1,10423
10424,10424,1,10424
10425,10425,1,10425
10426,10426,1,10426
10427,10427,1,10427
10428,10428,1,10428
10429,10429,1,10429
10430,10430,1,10430
10431,10431,1,10431
10432,10432,1,10432
10433,10433,1,10433
10434,10434,1,10434
10435,10435,1,10435
10436,10436,1,10436
10437,10437,1,10437
10438,10438,1,10438
10439,10439,1,10439
10440,10440,1,10440
10441,10441,1,10441
10442,10442,1,10442
10443,10443,1,10443
10444,10444,1,10444
10445,10445,1,10445
10446,10446,1,10446
10447,10447,1,10447
10448,10448,1,10448
10449,10449,1,10449
10450,10450,1,10450
10451,10451,1,10451
10452,10452,1,10452
10453,10453,1,10453
10454,10454,1,10454
10455,10455,1,10455
10456,10456,1,10456
10457,10457,1,10457
10458,10458,1,10458
10459,10459,1,10459
10460,10460,1,10460
10461,10461,1,10461
10462,10462,1,10462
10463,10463,1,10463
10464,10464,1,10464
10465,10465,1,10465
10466,10466,1,10466
10467,10467,1,10467
10468,10468,1,10468
10469,10469,1,10469
10470,10470,1,10470
10471,10471,1,10471
10472,10472,1,10472
10473,10473,1,10473
10474,10474,1,10474
10475,10475,1,10475
10476,10476,1,10476
10477,10477,1,10477
10478,10478,1,10478
10479,10479,1,10479
10480,10480,1,10480
10481,10481,1,10481
10482,10482,1,10482
10483,10483,1,10483
10484,10484,1,10484
10485,10485,1,10485
10486,10486,1,10486
10487,10487,1,10487
10488,10488,1,10488
10489,10489,1,10489
10490,10490,1,10490
10491,10491,1,10491
10492,10492,1,10492
10493,10493,1,10493
10494,10494,1,10494
10495,10495,1,10495
10496,10496,1,10496
10497,10497,1,10497
10498,10498,1,10498
10499,10499,1,10499
10500,10500,1,10500
10501,10501,1,10501
10502,10502,1,10502
10503,10503,1,10503
10504,10504,1,10504
10505,10505,1,10505
10506,10506,1,10506
10507,10507,1,10507
10508,10508,1,10508
10509,10509,1,10509
10510,10510,1,10510
10511,10511,1,10511
10512,10512,1,10512
10513,10513,1,10513
10514,10514,1,10514
10515,10515,1,10515
10516,10516,1,10516
10517,10517,1,10517
10518,10518,1,10518
10519,10519,1,10519
10520,10520,1,10520
10521,10521,1,10521
10522,10522,1,10522
10523,10523,1,10523
10524,10524,1,10524
10525,10525,1,10525
10526,10526,1,10526
10527,10527,1,10527
10528,10528,1,10528
10529,10529,1,10529
10530,10530,1,10530
10531,10531,1,10531
10532,10532,1,10532
10533,10533,1,10533
10534,10534,1,10534
10535,10535,1,10535
10536,10536,1,10536
10537,10537,1,10537
10538,10538,1,10538
10539,10539,1,10539
10540,10540,1,10540
10541,10541,1,10541
10542,10542,1,10542
10543,10543,1,10543
10544,10544,1,10544
10545,10545,1,10545
10546,10546,1,10546
10547,10547,1,10547
10548,10548,1,10548
10549,10549,1,10549
10550,10550,1,10550
10551,10551,1,10551
10552,10552,1,10552
10553,10553,1,10553
10554,10554,1,10554
10555,10555,1,10555
10556,10556,1,10556
10557,10557,1,10557
10558,10558,1,10558
10559,10559,1,10559
10560,10560,1,10560
10561,10561,1,10561
10562,10562,1,10562
10563,10563,1,10563
10564,10564,1,10564
10565,10565,1,10565
10566,10566,1,10566
10567,10567,1,10567
10568,10568,1,10568
10569,10569,1,10569
10570,10570,1,10570
10571,10571,1,10571
10572,10572,1,10572
10573,10573,1,10573
10574,10574,1,10574
10575,10575,1,10575
10576,10576,1,10576
10577,10577,1,10577
10578,10578,1,10578
10579,10579,1,10579
10580,10580,1,10580
10581,10581,1,10581
10582,10582,1,10582
10583,10583,1,10583
10584,10584,1,10584
10585,10585,1,10585
10586,10586,1,10586
10587,10587,1,10587
10588,10588,1,10588
10589,10589,1,10589
10590,10590,1,10590
10591,10591,1,10591
10592,10592,1,10592
10593,10593,1,10593
10594,10594,1,10594
10595,10595,1,10595
10596,10596,1,10596
10597,10597,1,10597
10598,10598,1,10598
10599,10599,1,10599
10600,10600,1,10600
10601,10601,1,10601
10602,10602,1,10602
10603,10603,1,10603
10604,10604,1,10604
10605,10605,1,10605
10606,10606,1,10606
10607,10607,1,10607
10608,10608,1,10608
10609,10609,1,10609
10610,10610,1,10610
10611,10611,1,10611
10612,10612,1,10612
10613,10613,1,10613
10614,10614,1,10614
10615,10615,1,10615
10616,10616,1,10616
10617,10617,1,10617
10618,10618,1,10618
10619,10619,1,10619
10620,10620,1,10620
10621,10621,1,10621
10622,10622,1,10622
10623,10623,1,10623
10624,10624,1,10624
10625,10625,1,10625
10626,10626,1,10626
10627,10627,1,10627
10628,10628,1,10628
10629,10629,1,10629
10630,10630,1,10630
10631,10631,1,10631
10632,10632,1,10632
10633,10633,1,10633
10634,10634,1,10634
10635,10635,1,10635
10636,10636,1,10636
10637,10637,1,10637
10638,10638,1,10638
10639,10639,1,10639
10640,10640,1,10640
10641,10641,1,10641
10642,10642,1,10642
10643,10643,1,10643
10644,10644,1,10644
10645,10645,1,10645
10646,10646,1,10646
10647,10647,1,10647
10648,10648,1,10648
10649,10649,1,10649
10650,10650,1,10650
10651,10651,1,10651
10652,10652,1,10652
10653,10653,1,10653
10654,10654,1,10654
10655,10655,1,10655
10656,10656,1,10656
10657,10657,1,10657
10658,10658,1,10658
10659,10659,1,10659
10660,10660,1,10660
10661,10661,1,10661
10662,10662,1,10662
10663,10663,1,10663
10664,10664,1,10664
10665,10665,1,10665
10666,10666,1,10666
10667,10667,1,10667
10668,10668,1,10668
10669,10669,1,10669
10670,10670,1,10670
10671,10671,1,10671
10672,10672,1,10672
10673,10673,1,10673
10674,10674,1,10674
10675,10675,1,10675
10676,10676,1,10676
10677,10677,1,10677
10678,10678,1,10678
10679,10679,1,10679
10680,10680,1,10680
10681,10681,1,10681
10682,10682,1,10682
10683,10683,1,10683
10684,10684,1,10684
10685,10685,1,10685
10686,10686,1,10686
10687,10687,1,10687
10688,10688,1,10688
10689,10689,1,10689
10690,10690,1,10690
10691,10691,1,10691
10692,10692,1,10692
10693,10693,1,10693
10694,10694,1,10694
10695,10695,1,10695
10696,10696,1,10696
10697,10697,1,10697
10698,10698,1,10698
10699,10699,1,10699
10700,10700,1,10700
10701,10701,1,10701
10702,10702,1,10702
10703,10703,1,10703
10704,10704,1,10704
10705,10705,1,10705
10706,10706,1,10706
10707,10707,1,10707
10708,10708,1,10708
10709,10709,1,10709
10710,10710,1,10710
10711,10711,1,10711
10712,10712,1,10712
10713,10713,1,10713
10714,10714,1,10714
10715,10715,1,10715
10716,10716,1,10716
10717,10717,1,10717
10718,10718,1,10718
10719,10719,1,10719
10720,10720,1,10720
10721,10721,1,10721
10722,10722,1,10722
10723,10723,1,10723
10724,10724,1,10724
10725,10725,1,10725
10726,10726,1,10726
10727,10727,1,10727
10728,10728,1,10728
10729,10729,1,10729
10730,10730,1,10730
10731,10731,1,10731
10732,10732,1,10732
10733,10733,1,10733
10734,10734,1,10734
10735,10735,1,10735
10736,10736,1,10736
10737,10737,1,10737
10738,10738,1,10738
10739,10739,1,10739
10740,10740,1,10740
10741,10741,1,10741
10742,10742,1,10742
10743,10743,1,10743
10744,10744,1,10744
10745,10745,1,10745
10746,10746,1,10746
10747,10747,1,10747
10748,10748,1,10748
10749,10749,1,10749
10750,10750,1,10750
10751,10751,1,10751
10752,10752,1,10752
10753,10753,1,10753
10754,10754,1,10754
10755,10755,1,10755
10756,10756,1,10756
10757,10757,1,10757
10758,10758,1,10758
10759,10759,1,10759
10760,10760,1,10760
10761,10761,1,10761
10762,10762,1,10762
10763,10763,1,10763
10764,10764,1,10764
10765,10765,1,10765
10766,10766,1,10766
10767,10767,1,10767
10768,10768,1,10768
10769,10769,1,10769
10770,10770,1,10770
10771,10771,1,10771
10772,10772,1,10772
10773,10773,1,10773
10774,10774,1,10774
10775,10775,1,10775
10776,10776,1,10776
10777,10777,1,10777
10778,10778,1,10778
10779,10779,1,10779
10780,10780,1,10780
10781,10781,1,10781
10782,10782,1,10782
10783,10783,1,10783
10784,10784,1,10784
10785,10785,1,10785
10786,10786,1,10786
10787,10787,1,10787
10788,10788,1,10788
10789,10789,1,10789
10790,10790,1,10790
10791,10791,1,10791
10792,10792,1,10792
10793,10793,1,10793
10794,10794,1,10794
10795,10795,1,10795
10796,10796,1,10796
10797,10797,1,10797
10798,10798,1,10798
10799,10799,1,10799
10800,10800,1,10800
10801,10801,1,10801
10802,10802,1,10802
10803,10803,1,10803
10804,10804,1,10804
10805,10805,1,10805
10806,10806,1,10806
10807,10807,1,10807
10808,10808,1,10808
10809,10809,1,10809
10810,10810,1,10810
10811,10811,1,10811
10812,10812,1,10812
10813,10813,1,10813
10814,10814,1,10814
10815,10815,1,10815
10816,10816,1,10816
10817,10817,1,10817
10818,10818,1,10818
10819,10819,1,10819
10820,10820,1,10820
10821,10821,1,10821
10822,10822,1,10822
10823,10823,1,10823
10824,10824,1,10824
10825,10825,1,10825
10826,10826,1,10826
10827,10827,1,10827
10828,10828,1,10828
10829,10829,1,10829
10830,10830,1,10830
10831,10831,1,10831
10832,10832,1,10832
10833,10833,1,10833
10834,10834,1,10834
10835,10835,1,10835
10836,10836,1,10836
10837,10837,1,10837
10838,10838,1,10838
10839,10839,1,10839
10840,10840,1,10840
10841,10841,1,10841
10842,10842,1,10842
10843,10843,1,10843
10844,10844,1,10844
10845,10845,1,10845
10846,10846,1,10846
10847,10847,1,10847
10848,10848,1,10848
10849,10849,1,10849
10850,10850,1,10850
10851,10851,1,10851
10852,10852,1,10852
10853,10853,1,10853
10854,10854,1,10854
10855,10855,1,10855
10856,10856,1,10856
10857,10857,1,10857
10858,10858,1,10858
10859,10859,1,10859
10860,10860,1,10860
10861,10861,1,10861
10862,10862,1,10862
10863,10863,1,10863
10864,10864,1,10864
10865,10865,1,10865
10866,10866,1,10866
10867,10867,1,10867
10868,10868,1,10868
10869,10869,1,10869
10870,10870,1,10870
10871,10871,1,10871
10872,10872,1,10872
10873,10873,1,10873
10874,10874,1,10874
10875,10875,1,10875
10876,10876,1,10876
10877,10877,1,10877
10878,10878,1,10878
10879,10879,1,10879
10880,10880,1,10880
10881,10881,1,10881
10882,10882,1,10882
10883,10883,1,10883
10884,10884,1,10884
10885,10885,1,10885
10886,10886,1,10886
10887,10887,1,10887
10888,10888,1,10888
10889,10889,1,10889
10890,10890,1,10890
10891,10891,1,10891
10892,10892,1,10892
10893,10893,1,10893
10894,10894,1,10894
10895,10895,1,10895
10896,10896,1,10896
10897,10897,1,10897
10898,10898,1,10898
10899,10899,1,10899
10900,10900,1,10900
10901,10901,1,10901
10902,10902,1,10902
10903,10903,1,10903
10904,10904,1,10904
10905,10905,1,10905
10906,10906,1,10906
10907,10907,1,10907
10908,10908,1,10908
10909,10909,1,10909
10910,10910,1,10910
10911,10911,1,10911
10912,10912,1,10912
10913,10913,1,10913
10914,10914,1,10914
10915,10915,1,10915
10916,10916,1,10916
10917,10917,1,10917
10918,10918,1,10918
10919,10919,1,10919
10920,10920,1,10920
10921,10921,1,10921
10922,10922,1,10922
10923,10923,1,10923
10924,10924,1,10924
10925,10925,1,10925
10926,10926,1,10926
10927,10927,1,10927
10928,10928,1,10928
10929,10929,1,10929
10930,10930,1,10930
10931,10931,1,8771
10932,10932,1,10932
10933,10933,1,10933
10934,10934,1,10934
10935,10935,1,10935
10936,10936,1,10936
10937,10937,1,10937
10938,10938,1,10938
10939,10939,1,10939
10940,10940,1,10940
10941,10941,1,10941
10942,10942,1,10942
10943,10943,1,10943
10944,10944,1,10944
10945,10945,1,10945
10946,10946,1,10946
10947,10947,1,10947
10948,10948,1,10948
10949,10949,1,10949
10950,10950,1,10950
10951,10951,1,10951
10952,10952,1,10952
10953,10953,1,10953
10954,10954,1,10954
10955,10955,1,10955
10956,10956,1,10956
10957,10957,1,10957
10958,10958,1,10958
10959,10959,1,10959
10960,10960,1,10960
10961,10961,1,10961
10962,10962,1,10962
10963,10963,1,10963
10964,10964,1,10964
10965,10965,1,10965
10966,10966,1,10966
10967,10967,1,10967
10968,10968,1,10968
10969,10969,1,10969
10970,10970,1,10970
10971,10971,1,10971
10972,10972,1,10972
10973,10973,1,10973
10974,10974,1,10974
10975,10975,1,10975
10976,10976,1,10976
10977,10977,1,10977
10978,10978,1,10978
10979,10979,1,10979
10980,10980,1,10980
10981,10981,1,10981
10982,10982,1,10982
10983,10983,1,10983
10984,10984,1,10984
10985,10985,1,10985
10986,10986,1,10986
10987,10987,1,10987
10988,10988,1,10988
10989,10989,1,10989
10990,10990,1,10990
10991,10991,1,10991
10992,10992,1,10992
10993,10993,1,10993
10994,10994,1,10994
10995,10995,1,10995
10996,10996,1,10996
10997,10997,1,10997
10998,10998,1,10998
10999,10999,1,10999
11000,11000,1,11000
11001,11001,1,11001
11002,11002,1,11002
11003,11003,1,11003
11004,11004,1,11004
11005,11005,1,11005
11006,11006,1,11006
11007,11007,1,11007
11008,11008,1,11008
11009,11009,1,11009
11010,11010,1,11010
11011,11011,1,11011
11012,11012,1,11012
11013,11013,1,11013
11014,11014,1,11014
11015,11015,1,11015
11016,11016,1,11016
11017,11017,1,11017
11018,11018,1,11018
11019,11019,1,11019
11020,11020,1,11020
11021,11021,1,11021
11022,11022,1,11022
11023,11023,1,11023
11024,11024,1,11024
11025,11025,1,11025
11026,11026,1,11026
11027,11027,1,11027
11028,11028,1,11028
11029,11029,1,11029
11030,11030,1,11030
11031,11031,1,11031
11032,11032,1,11032
11033,11033,1,11033
11034,11034,1,10701
11035,11035,1,11035
11036,11036,1,11036
11037,11037,1,11037
11038,11038,1,11038
11039,11039,1,11039
11040,11040,1,11040
11041,11041,1,11041
11042,11042,1,11042
11043,11043,1,11043
11044,11044,1,11044
11045,11045,1,11045
11046,11046,1,11046
11047,11047,1,11047
11048,11048,1,11048
11049,11049,1,11049
11050,11050,1,11050
11051,11051,1,11051
11052,11052,1,11052
11053,11053,1,11053
11054,11054,1,11054
11055,11055,1,11055
11056,11056,1,11056
11057,11057,1,11057
11058,11058,1,11058
11059,11059,1,11059
11060,11060,1,11060
11061,11061,1,11061
11062,11062,1,11062
11063,11063,1,11063
11064,11064,1,11064
11065,11065,1,11065
11066,11066,1,11066
11067,11067,1,11067
11068,11068,1,11068
11069,11069,1,11069
11070,11070,1,11070
11071,11071,1,11071
11072,11072,1,11072
11073,11073,1,11073
11074,11074,1,11074
11075,11075,1,11075
11076,11076,1,11076
11077,11077,1,11077
11078,11078,1,11078
11079,11079,1,11079
11080,11080,1,11080
11081,11081,1,11081
11082,11082,1,11082
11083,11083,1,11083
11084,11084,1,11084
11085,11085,1,11085
11086,11086,1,11086
11087,11087,1,11087
11088,11088,1,11088
11089,11089,1,11089
11090,11090,1,11090
11091,11091,1,11091
11092,11092,1,11092
11093,11093,1,11093
11094,11094,1,11094
11095,11095,1,11095
11096,11096,1,11096
11097,11097,1,11097
11098,11098,1,11098
11099,11099,1,11099
11100,11100,1,11100
11101,11101,1,11101
11102,11102,1,11102
11103,11103,1,11103
11104,11104,1,11104
11105,11105,1,11105
11106,11106,1,11106
11107,11107,1,11107
11108,11108,1,11108
11109,11109,1,11109
11110,11110,1,11110
11111,11111,1,11111
11112,11112,1,11112
11113,11113,1,11113
11114,11114,1,11114
11115,11115,1,11115
11116,11116,1,11116
11117,11117,1,11117
11118,11118,1,11118
11119,11119,1,11119
11120,11120,1,11120
11121,11121,1,11121
11122,11122,1,11122
11123,11123,1,11123
11124,11124,1,11124
11125,11125,1,11125
11126,11126,1,11126
11127,11127,1,11127
11128,11128,1,11128
11129,11129,1,11129
11130,11130,1,11130
11131,11131,1,11131
11132,11132,1,11132
11133,11133,1,11133
11134,11134,1,11134
11135,11135,1,11135
11136,11136,1,11136
11137,11137,1,11137
11138,11138,1,11138
11139,11139,1,11139
11140,11140,1,11140
11141,11141,1,11141
11142,11142,1,11142
11143,11143,1,11143
11144,11144,1,11144
11145,11145,1,11145
11146,11146,1,11146
11147,11147,1,11147
11148,11148,1,11148
11149,11149,1,11149
11150,11150,1,11150
11151,11151,1,11151
11152,11152,1,11152
11153,11153,1,11153
11154,11154,1,11154
11155,11155,1,11155
11156,11156,1,11156
11157,11157,1,11157
11158,11158,1,11158
11159,11159,1,11159
11160,11160,1,11160
11161,11161,1,11161
11162,11162,1,11162
11163,11163,1,11163
11164,11164,1,11164
11165,11165,1,11165
11166,11166,1,11166
11167,11167,1,11167
11168,11168,1,11168
11169,11169,1,11169
11170,11170,1,11170
11171,11171,1,11171
11172,11172,1,11172
11173,11173,1,11173
11174,11174,1,11174
11175,11175,1,11175
11176,11176,1,11176
11177,11177,1,11177
11178,11178,1,11178
11179,11179,1,11179
11180,11180,1,11180
11181,11181,1,11181
11182,11182,1,11182
11183,11183,1,11183
11184,11184,1,11184
11185,11185,1,11185
11186,11186,1,11186
11187,11187,1,11187
11188,11188,1,11188
11189,11189,1,11189
11190,11190,1,11190
11191,11191,1,11191
11192,11192,1,11192
11193,11193,1,11193
11194,11194,1,9936
11195,11195,1,11195
11196,11196,1,11196
11197,11197,1,11197
11198,11198,1,11198
11199,11199,1,11199
11200,11200,1,11200
11201,11201,1,11201
11202,11202,1,11202
11203,11203,1,10688
11204,11204,1,11204
11205,11205,1,11205
11206,11206,1,11206
11207,11207,1,11207
11208,11208,1,11208
11209,11209,1,11209
11210,11210,1,11210
11211,11211,1,11211
11212,11212,1,11212
11213,11213,1,11213
11214,11214,1,11214
11215,11215,1,11215
11216,11216,1,11216
11217,11217,1,11217
11218,11218,1,11218
11219,11219,1,11219
11220,11220,1,11220
11221,11221,1,11221
11222,11222,1,11222
11223,11223,1,11223
11224,11224,1,11224
11225,11225,1,11225
11226,11226,1,11226
11227,11227,1,11227
11228,11228,1,11228
11229,11229,1,11229
11230,11230,1,11230
11231,11231,1,11231
11232,11232,1,11232
11233,11233,1,11233
11234,11234,1,11234
11235,11235,1,11235
11236,11236,1,11236
11237,11237,1,11237
11238,11238,1,11238
11239,11239,1,11239
11240,11240,1,11240
11241,11241,1,11241
11242,11242,1,11242
11243,11243,1,11243
11244,11244,1,11244
11245,11245,1,11245
11246,11246,1,11246
11247,11247,1,11247
11248,11248,1,11248
11249,11249,1,11249
11250,11250,1,11250
11251,11251,1,11251
11252,11252,1,11252
11253,11253,1,11253
11729,11729,1,11729
11730,11730,1,11730
11731,11731,1,11731
11732,11732,1,11732
11733,11733,1,11733
11734,11734,1,11734
11735,11735,1,11735
11736,11736,1,11736
11737,11737,1,11737
11738,11738,1,11738
11739,11739,1,11739
11740,11740,1,11740
11741,11741,1,11741
11742,11742,1,11742
11743,11743,1,11743
11744,11744,1,11744
11745,11745,1,11745
11746,11746,1,11746
11747,11747,1,11747
11748,11748,1,11748
11749,11749,1,11749
11750,11750,1,11750
11751,11751,1,11751
11752,11752,1,11752
11753,11753,1,11753
11754,11754,1,11754
11755,11755,1,11755
11756,11756,1,11756
11757,11757,1,11757
11758,11758,1,11758
11759,11759,1,11759
11760,11760,1,11760
11761,11761,1,11761
11762,11762,1,11762
11763,11763,1,11763
11764,11764,1,11764
11765,11765,1,11765
11766,11766,1,11766
11767,11767,1,11767
11768,11768,1,11768
11769,11769,1,11769
11770,11770,1,11770
11771,11771,1,11771
11772,11772,1,11772
11773,11773,1,11773
11774,11774,1,11774
11775,11775,1,11775
11776,11776,1,11776
11777,11777,1,11777
11778,11778,1,11778
11304,11254,1,11254
11305,11255,1,11255
11306,11256,1,11256
11307,11257,1,11257
11308,11258,1,11258
11309,11259,1,11259
11310,11260,1,11260
11311,11261,1,11261
11312,11262,1,11262
11313,11263,1,11263
11314,11264,1,11264
11315,11265,1,11265
11316,11266,1,11266
11317,11267,1,11267
11318,11268,1,11268
11319,11269,1,11269
11320,11270,1,11270
11321,11271,1,11271
11322,11272,1,11272
11323,11273,1,11273
11324,11274,1,11274
11325,11275,1,11275
11326,11276,1,11276
11327,11277,1,11277
11328,11278,1,11278
11329,11279,1,11279
11330,11280,1,11280
11331,11281,1,11281
11332,11282,1,11282
11333,11283,1,11283
11334,11284,1,11284
11335,11285,1,11285
11336,11286,1,11286
11337,11287,1,11287
11338,11288,1,11288
11339,11289,1,11289
11340,11290,1,11290
11341,11291,1,11291
11342,11292,1,11292
11343,11293,1,11293
11344,11294,1,11294
11345,11295,1,11295
11346,11296,1,10532
11347,11297,1,11297
11348,11298,1,11298
11349,11299,1,11299
11350,11300,1,11300
11351,11301,1,11301
11352,11302,1,11302
11353,11303,1,11303
11354,11354,1,11354
11355,11355,1,11355
11356,11356,1,11356
11357,11357,1,11357
11358,11358,1,11358
11359,11359,1,11359
11360,11360,1,11360
11361,11361,1,11361
11362,11362,1,11362
11363,11363,1,11363
11364,11364,1,11364
11365,11365,1,11365
11366,11366,1,11366
11367,11367,1,11367
11368,11368,1,11368
11369,11369,1,11369
11370,11370,1,11370
11371,11371,1,11371
11372,11372,1,11372
11373,11373,1,11373
11374,11374,1,11374
11375,11375,1,11375
11376,11376,1,11376
11377,11377,1,11377
11378,11378,1,11378
11379,11379,1,11379
11380,11380,1,11380
11381,11381,1,11381
11382,11382,1,11382
11383,11383,1,11383
11384,11384,1,11384
11385,11385,1,11385
11386,11386,1,11386
11387,11387,1,11387
11388,11388,1,11388
11389,11389,1,11389
11390,11390,1,11390
11391,11391,1,11391
11392,11392,1,11392
11393,11393,1,11393
11394,11394,1,11394
11395,11395,1,11395
11396,11396,1,11396
11397,11397,1,11397
11398,11398,1,11398
11399,11399,1,11399
11400,11400,1,11400
11401,11401,1,11401
11402,11402,1,11402
11403,11403,1,11403
11404,11404,1,11404
11405,11405,1,11405
11406,11406,1,11406
11407,11407,1,11407
11408,11408,1,11408
11409,11409,1,11409
11410,11410,1,11410
11411,11411,1,11411
11412,11412,1,11412
11413,11413,1,11413
11414,11414,1,11414
11415,11415,1,11415
11416,11416,1,11416
11417,11417,1,11417
11418,11418,1,11418
11419,11419,1,11419
11420,11420,1,11420
11421,11421,1,11421
11422,11422,1,11422
11423,11423,1,11423
11424,11424,1,11424
11425,11425,1,11425
11426,11426,1,11426
11427,11427,1,11427
11428,11428,1,11428
11429,11429,1,11429
11430,11430,1,11430
11431,11431,1,11431
11432,11432,1,11432
11433,11433,1,11433
11434,11434,1,11434
11435,11435,1,11435
11436,11436,1,11436
11437,11437,1,11437
11438,11438,1,11438
11439,11439,1,11439
11440,11440,1,11440
11441,11441,1,11441
11442,11442,1,11442
11443,11443,1,11443
11444,11444,1,11444
11445,11445,1,11445
11446,11446,1,11446
11447,11447,1,11447
11448,11448,1,11448
11449,11449,1,11449
11450,11450,1,11450
11451,11451,1,11451
11452,11452,1,11452
11453,11453,1,11453
11454,11454,1,11454
11455,11455,1,11455
11456,11456,1,11456
11457,11457,1,11457
11458,11458,1,11458
11459,11459,1,11459
11460,11460,1,11460
11461,11461,1,11461
11462,11462,1,11462
11463,11463,1,11463
11464,11464,1,11464
11465,11465,1,11465
11466,11466,1,11466
11467,11467,1,11467
11468,11468,1,11468
11469,11469,1,11469
11470,11470,1,11470
11471,11471,1,11471
11472,11472,1,11472
11473,11473,1,11473
11474,11474,1,11474
11475,11475,1,11475
11476,11476,1,11476
11477,11477,1,11477
11478,11478,1,11478
11479,11479,1,11479
11480,11480,1,11480
11481,11481,1,11481
11482,11482,1,11482
11483,11483,1,11483
11484,11484,1,11484
11485,11485,1,11485
11486,11486,1,11486
11487,11487,1,11487
11488,11488,1,11488
11489,11489,1,11489
11490,11490,1,11490
11491,11491,1,11491
11492,11492,1,11492
11493,11493,1,11493
11494,11494,1,11494
11495,11495,1,11495
11496,11496,1,11496
11497,11497,1,11497
11498,11498,1,11498
11499,11499,1,11499
11500,11500,1,11500
11501,11501,1,11501
11502,11502,1,11502
11503,11503,1,11503
11504,11504,1,11504
11505,11505,1,11505
11506,11506,1,11506
11507,11507,1,11507
11508,11508,1,11508
11509,11509,1,11509
11510,11510,1,11510
11511,11511,1,11511
11512,11512,1,11512
11513,11513,1,11513
11514,11514,1,11514
11515,11515,1,11515
11516,11516,1,11516
11517,11517,1,11517
11518,11518,1,11518
11519,11519,1,11519
11520,11520,1,11520
11521,11521,1,11521
11522,11522,1,11522
11523,11523,1,11523
11524,11524,1,11524
11525,11525,1,11525
11526,11526,1,11526
11527,11527,1,11527
11528,11528,1,11528
11529,11529,1,11529
11530,11530,1,11530
11531,11531,1,11531
11532,11532,1,11532
11533,11533,1,11533
11534,11534,1,11534
11535,11535,1,11535
11536,11536,1,11536
11537,11537,1,11537
11538,11538,1,11538
11539,11539,1,11539
11540,11540,1,11540
11541,11541,1,11541
11542,11542,1,11542
11543,11543,1,11543
11544,11544,1,11544
11545,11545,1,11545
11546,11546,1,11546
11547,11547,1,11547
11548,11548,1,11548
11549,11549,1,11549
11550,11550,1,11550
11551,11551,1,11551
11552,11552,1,11552
11553,11553,1,11553
11554,11554,1,11554
11555,11555,1,11555
11556,11556,1,11556
11557,11557,1,11557
11558,11558,1,11558
11559,11559,1,11559
11560,11560,1,11560
11561,11561,1,11561
11562,11562,1,11562
11563,11563,1,11563
11564,11564,1,11564
11565,11565,1,11565
11566,11566,1,11566
11567,11567,1,11567
11568,11568,1,11568
11569,11569,1,11569
11570,11570,1,11570
11571,11571,1,11571
11572,11572,1,11572
11573,11573,1,11573
11574,11574,1,11574
11575,11575,1,11575
11576,11576,1,11576
11577,11577,1,11577
11578,11578,1,11578
11579,11579,1,11579
11580,11580,1,11580
11581,11581,1,11581
11582,11582,1,11582
11583,11583,1,11583
11584,11584,1,11584
11585,11585,1,11585
11586,11586,1,11586
11587,11587,1,11587
11588,11588,1,11588
11589,11589,1,11589
11590,11590,1,11590
11591,11591,1,11591
11592,11592,1,11592
11593,11593,1,11593
11594,11594,1,11594
11595,11595,1,11595
11596,11596,1,11596
11597,11597,1,11597
11598,11598,1,11598
11599,11599,1,11599
11600,11600,1,11600
11601,11601,1,11601
11602,11602,1,11602
11603,11603,1,11603
11604,11604,1,11604
11605,11605,1,11605
11606,11606,1,11606
11607,11607,1,11607
11608,11608,1,11608
11609,11609,1,11609
11610,11610,1,11610
11611,11611,1,11611
11612,11612,1,11612
11613,11613,1,11613
11614,11614,1,11614
11615,11615,1,11615
11616,11616,1,11616
11617,11617,1,11617
11618,11618,1,11618
11619,11619,1,11619
11620,11620,1,11620
11621,11621,1,11621
11622,11622,1,11622
11623,11623,1,11623
11624,11624,1,11624
11625,11625,1,11625
11626,11626,1,11626
11627,11627,1,11627
11628,11628,1,11628
11629,11629,1,11629
11630,11630,1,11630
11631,11631,1,11631
11632,11632,1,11632
11633,11633,1,11633
11634,11634,1,11634
11635,11635,1,11635
11636,11636,1,11636
11637,11637,1,11637
11638,11638,1,11638
11639,11639,1,11639
11640,11640,1,11640
11641,11641,1,11641
11642,11642,1,11642
11643,11643,1,11643
11644,11644,1,11644
11645,11645,1,11645
11646,11646,1,11646
11647,11647,1,11647
11648,11648,1,11648
11649,11649,1,11649
11650,11650,1,11650
11651,11651,1,11651
11652,11652,1,11652
11653,11653,1,11653
11654,11654,1,11654
11655,11655,1,11655
11656,11656,1,11656
11657,11657,1,11657
11658,11658,1,11658
11659,11659,1,11659
11660,11660,1,11660
11661,11661,1,11661
11662,11662,1,11662
11663,11663,1,11663
11664,11664,1,11664
11665,11665,1,11665
11666,11666,1,11666
11667,11667,1,11667
11668,11668,1,11668
11669,11669,1,11669
11670,11670,1,11670
11671,11671,1,11671
11672,11672,1,11672
11673,11673,1,11673
11674,11674,1,11674
11675,11675,1,11675
11676,11676,1,11676
11677,11677,1,11677
11678,11678,1,11678
11679,11679,1,11679
11680,11680,1,11680
11681,11681,1,11681
11682,11682,1,11682
11683,11683,1,11683
11684,11684,1,11684
11685,11685,1,11685
11686,11686,1,11686
11687,11687,1,11687
11688,11688,1,11688
11689,11689,1,11689
11690,11690,1,11690
11691,11691,1,11691
11692,11692,1,11692
11693,11693,1,11693
11694,11694,1,11694
11695,11695,1,11695
11696,11696,1,11696
11697,11697,1,11697
11698,11698,1,11698
11699,11699,1,11699
11700,11700,1,11700
11701,11701,1,11701
11702,11702,1,11702
11703,11703,1,11703
11704,11704,1,11704
11705,11705,1,9225
11706,11706,1,11706
11707,11707,1,11707
11708,11708,1,11708
11709,11709,1,11709
11710,11710,1,11710
11711,11711,1,11711
11712,11712,1,11712
11713,11713,1,11713
11714,11714,1,11714
11715,11715,1,11715
11716,11716,1,11716
11717,11717,1,11717
11718,11718,1,11718
11719,11719,1,11719
11720,11720,1,11720
11721,11721,1,11721
11722,11722,1,11722
11723,11723,1,11723
11724,11724,1,11724
11725,11725,1,11725
11726,11726,1,11726
11727,11727,1,11727
11728,11728,1,11728
11779,11779,1,11779
11780,11780,1,11780
11781,11781,1,11781
11782,11782,1,11782
11783,11783,1,11783
11784,11784,1,11784
11785,11785,1,11785
11786,11786,1,11786
11787,11787,1,11787
11788,11788,1,11788
11789,11789,1,11789
11790,11790,1,11790
11791,11791,1,11791
11792,11792,1,11792
11793,11793,1,11793
11794,11794,1,11794
11795,11795,1,11795
11796,11796,1,11796
11797,11797,1,11797
11798,11798,1,11798
11799,11799,1,11799
11800,11800,1,11800
11801,11801,1,11801
11802,11802,1,11802
11803,11803,1,11803
11804,11804,1,11804
11805,11805,1,11805
11806,11806,1,11806
11807,11807,1,11807
11808,11808,1,11808
11809,11809,1,11809
11810,11810,1,11810
11811,11811,1,11811
11812,11812,1,11812
11813,11813,1,11813
11814,11814,1,11814
11815,11815,1,11815
11816,11816,1,11816
11817,11817,1,11817
11818,11818,1,11818
11819,11819,1,11819
11820,11820,1,11820
11821,11821,1,11821
11822,11822,1,11822
11823,11823,1,11823
11824,11824,1,11824
11825,11825,1,11825
11826,11826,1,11826
11827,11827,1,11827
11828,11828,1,11828
11829,11829,1,11829
11830,11830,1,11830
11831,11831,1,11831
11832,11832,1,11832
11833,11833,1,11833
11834,11834,1,11834
11835,11835,1,11835
11836,11836,1,11836
11837,11837,1,11837
11838,11838,1,11838
11839,11839,1,11839
11840,11840,1,11840
11841,11841,1,11841
11842,11842,1,11842
11843,11843,1,11843
11844,11844,1,11844
11845,11845,1,11845
11846,11846,1,11846
11847,11847,1,11847
11848,11848,1,11848
11849,11849,1,11849
11850,11850,1,11850
11851,11851,1,11851
11852,11852,1,11852
11853,11853,1,11853
11854,11854,1,11854
11855,11855,1,11855
11856,11856,1,11856
11857,11857,1,11857
11858,11858,1,11858
11859,11859,1,11859
11860,11860,1,11860
11861,11861,1,11861
11862,11862,1,11862
11863,11863,1,11863
11864,11864,1,11864
11865,11865,1,11865
11866,11866,1,11866
11867,11867,1,11867
11868,11868,1,11868
11869,11869,1,11869
11870,11870,1,11870
11871,11871,1,11871
11872,11872,1,11872
11873,11873,1,11873
11874,11874,1,11874
11875,11875,1,11875
11876,11876,1,11876
11877,11877,1,11877
11878,11878,1,11878
11879,11879,1,11879
11880,11880,1,11880
11881,11881,1,11881
11882,11882,1,11882
11883,11883,1,11883
11884,11884,1,11884
11885,11885,1,11885
11886,11886,1,11886
11887,11887,1,11887
11888,11888,1,11888
11889,11889,1,11889
11890,11890,1,11890
11891,11891,1,11891
11892,11892,1,11892
11893,11893,1,11893
11894,11894,1,11894
11895,11895,1,11895
11896,11896,1,11896
11897,11897,1,11897
11898,11898,1,11898
11899,11899,1,11899
11900,11900,1,11900
11901,11901,1,11901
11902,11902,1,11902
11903,11903,1,11903
11904,11904,1,11904
11905,11905,1,11905
11906,11906,1,11906
11907,11907,1,11907
11908,11908,1,11908
11909,11909,1,11909
11910,11910,1,11910
11911,11911,1,11911
11912,11912,1,11912
11913,11913,1,11913
11914,11914,1,11914
11915,11915,1,11915
11916,11916,1,11916
11917,11917,1,11917
11918,11918,1,11918
11919,11919,1,11919
11920,11920,1,11920
11921,11921,1,11921
11922,11922,1,11922
11923,11923,1,11923
11924,11924,1,11924
11925,11925,1,11925
11926,11926,1,11926
11927,11927,1,11927
11928,11928,1,11928
11929,11929,1,11929
11930,11930,1,11930
11931,11931,1,11931
11932,11932,1,11932
11933,11933,1,11933
11934,11934,1,11934
11935,11935,1,11935
11936,11936,1,11936
11937,11937,1,11937
11938,11938,1,11938
11939,11939,1,11939
11940,11940,1,11940
11941,11941,1,11941
11942,11942,1,11942
11943,11943,1,11943
11944,11944,1,11944
11945,11945,1,11945
11946,11946,1,11946
11947,11947,1,11947
11948,11948,1,11948
11949,11949,1,11949
11950,11950,1,11950
11951,11951,1,11951
11952,11952,1,11952
11953,11953,1,11953
11954,11954,1,11954
11955,11955,1,11955
11956,11956,1,11956
11957,11957,1,11957
11958,11958,1,11958
11959,11959,1,11959
11960,11960,1,11960
11961,11961,1,11961
11962,11962,1,9721
11963,11963,1,11963
11964,11964,1,11964
11965,11965,1,11965
11966,11966,1,11966
11967,11967,1,11967
11968,11968,1,11968
11969,11969,1,11969
11970,11970,1,11970
11971,11971,1,11971
11972,11972,1,11972
11973,11973,1,11973
11974,11974,1,11974
11975,11975,1,11975
11976,11976,1,11976
11977,11977,1,11977
11978,11978,1,11978
11979,11979,1,11979
11980,11980,1,11980
11981,11981,1,11981
11982,11982,1,11982
11983,11983,1,11983
11984,11984,1,11984
11985,11985,1,11985
11986,11986,1,11986
11987,11987,1,11987
11988,11988,1,11988
11989,11989,1,11989
11990,11990,1,11990
11991,11991,1,11991
11992,11992,1,11992
11993,11993,1,11993
11994,11994,1,11994
11995,11995,1,11995
11996,11996,1,11996
11997,11997,1,11997
11998,11998,1,11998
11999,11999,1,11999
12000,12000,1,12000
12001,12001,1,12001
12002,12002,1,12002
12003,12003,1,12003
12004,12004,1,12004
12005,12005,1,12005
12006,12006,1,12006
12007,12007,1,12007
12008,12008,1,12008
12009,12009,1,12009
12010,12010,1,12010
12011,12011,1,12011
12012,12012,1,12012
12013,12013,1,12013
12014,12014,1,12014
12015,12015,1,12015
12016,12016,1,12016
12017,12017,1,12017
12018,12018,1,12018
12019,12019,1,12019
12020,12020,1,12020
12021,12021,1,12021
12022,12022,1,12022
12023,12023,1,12023
12024,12024,1,12024
12025,12025,1,12025
12026,12026,1,12026
12027,12027,1,12027
12028,12028,1,12028
12029,12029,1,12029
12030,12030,1,12030
12031,12031,1,12031
12032,12032,1,12032
12033,12033,1,12033
12034,12034,1,12034
12035,12035,1,12035
12036,12036,1,12036
12037,12037,1,12037
12038,12038,1,12038
12039,12039,1,12039
12040,12040,1,12040
12041,12041,1,12041
12042,12042,1,12042
12043,12043,1,12043
12044,12044,1,12044
12045,12045,1,12045
12046,12046,1,12046
12047,12047,1,12047
12048,12048,1,12048
12049,12049,1,12049
12050,12050,1,12050
12051,12051,1,12051
12052,12052,1,12052
12053,12053,1,12053
12054,12054,1,12054
12055,12055,1,12055
12056,12056,1,12056
12057,12057,1,12057
12058,12058,1,12058
12059,12059,1,12059
12060,12060,1,12060
12061,12061,1,12061
12062,12062,1,12062
12063,12063,1,12063
12064,12064,1,12064
12065,12065,1,12065
12066,12066,1,12066
12067,12067,1,12067
12068,12068,1,12068
12069,12069,1,12069
12070,12070,1,12070
12071,12071,1,12071
12072,12072,1,12072
12073,12073,1,12073
12074,12074,1,12074
12075,12075,1,12075
12076,12076,1,12076
12077,12077,1,12077
12078,12078,1,12078
12079,12079,1,12079
12080,12080,1,12080
12081,12081,1,12081
12082,12082,1,12082
12083,12083,1,12083
12084,12084,1,12084
12085,12085,1,12085
12086,12086,1,12086
12087,12087,1,12087
12088,12088,1,12088
12089,12089,1,12089
12090,12090,1,12090
12091,12091,1,12091
12092,12092,1,12092
12093,12093,1,12093
12094,12094,1,12094
12095,12095,1,12095
12096,12096,1,12096
12097,12097,1,12097
12098,12098,1,12098
12099,12099,1,12099
12100,12100,1,12100
12101,12101,1,12101
12102,12102,1,12102
12103,12103,1,12103
12104,12104,1,12104
12105,12105,1,12105
12106,12106,1,12106
12107,12107,1,12107
12108,12108,1,12108
12109,12109,1,12109
12110,12110,1,12110
12111,12111,1,12111
12112,12112,1,12112
12113,12113,1,12113
12114,12114,1,12114
12115,12115,1,12115
12116,12116,1,12116
12117,12117,1,12117
12118,12118,1,12118
12119,12119,1,12119
12120,12120,1,12120
12121,12121,1,12121
12122,12122,1,12122
12123,12123,1,12123
12124,12124,1,12124
12125,12125,1,12125
12126,12126,1,12126
12127,12127,1,12127
12128,12128,1,12128
12129,12129,1,12129
12130,12130,1,12130
12131,12131,1,12131
12132,12132,1,12132
12133,12133,1,12133
12134,12134,1,12134
12135,12135,1,12135
12136,12136,1,12136
12137,12137,1,12137
12138,12138,1,12138
12139,12139,1,12139
12140,12140,1,12140
12141,12141,1,12141
12142,12142,1,12142
12143,12143,1,12143
12144,12144,1,12144
12145,12145,1,12145
12146,12146,1,12146
12147,12147,1,12147
12148,12148,1,12148
12149,12149,1,12149
12150,12150,1,12150
12151,12151,1,12151
12152,12152,1,12152
12153,12153,1,12153
12154,12154,1,12154
12155,12155,1,12155
12156,12156,1,12156
12157,12157,1,12157
12158,12158,1,12158
12159,12159,1,12159
12160,12160,1,12160
12161,12161,1,12161
12162,12162,1,12162
12163,12163,1,12163
12164,12164,1,12164
12165,12165,1,12165
12166,12166,1,12166
12167,12167,1,12167
12168,12168,1,12168
12169,12169,1,12169
12170,12170,1,12170
12171,12171,1,12171
12172,12172,1,12172
12173,12173,1,12173
12174,12174,1,12174
12175,12175,1,12175
12176,12176,1,12176
12177,12177,1,12177
12178,12178,1,12178
12179,12179,1,12179
12180,12180,1,12180
12181,12181,1,12181
12182,12182,1,12182
12183,12183,1,12183
12184,12184,1,12184
12185,12185,1,12185
12186,12186,1,12186
12187,12187,1,12187
12188,12188,1,11740
12189,12189,1,12189
12190,12190,1,12190
12191,12191,1,12191
12192,12192,1,12192
12193,12193,1,12193
12194,12194,1,12194
12195,12195,1,12195
12196,12196,1,12196
12197,12197,1,12197
12198,12198,1,12198
12199,12199,1,12199
12200,12200,1,12200
12201,12201,1,12201
12202,12202,1,12202
12203,12203,1,12203
12204,12204,1,12204
12205,12205,1,12205
12206,12206,1,12206
12207,12207,1,12207
12208,12208,1,12208
12209,12209,1,12209
12210,12210,1,12210
12211,12211,1,12211
12212,12212,1,12212
12213,12213,1,12213
12214,12214,1,12214
12215,12215,1,12215
12216,12216,1,12216
12217,12217,1,12217
12218,12218,1,12218
12219,12219,1,12219
12220,12220,1,12220
12221,12221,1,12221
12222,12222,1,12222
12223,12223,1,12223
12224,12224,1,12224
12225,12225,1,12225
12226,12226,1,12226
12227,12227,1,12227
12228,12228,1,12228
12229,12229,1,12229
12230,12230,1,12230
12231,12231,1,12231
12232,12232,1,12232
12233,12233,1,12233
12234,12234,1,12234
12235,12235,1,12235
12236,12236,1,12236
12237,12237,1,12237
12238,12238,1,12238
12239,12239,1,12239
12240,12240,1,12240
12241,12241,1,12241
12242,12242,1,12242
12243,12243,1,12243
12244,12244,1,12244
12245,12245,1,12245
12246,12246,1,12246
12247,12247,1,12247
12248,12248,1,12248
12249,12249,1,12249
12250,12250,1,12250
12251,12251,1,12251
12252,12252,1,12252
12253,12253,1,12253
12254,12254,1,12254
12255,12255,1,12255
12256,12256,1,12256
12257,12257,1,12257
12258,12258,1,12258
12259,12259,1,12259
12260,12260,1,12260
12261,12261,1,12261
12262,12262,1,12262
12263,12263,1,12263
12264,12264,1,12264
12265,12265,1,12265
12266,12266,1,12266
12267,12267,1,12267
12268,12268,1,12268
12269,12269,1,12269
12270,12270,1,12270
12271,12271,1,12271
12272,12272,1,12272
12273,12273,1,12273
12274,12274,1,12274
12275,12275,1,12275
12276,12276,1,12276
12277,12277,1,12277
12278,12278,1,12278
12279,12279,1,12279
12280,12280,1,12280
12281,12281,1,12281
12282,12282,1,12282
12283,12283,1,12283
12284,12284,1,12284
12285,12285,1,12285
12286,12286,1,12286
12287,12287,1,12287
12288,12288,1,12288
12289,12289,1,12289
12290,12290,1,12290
12291,12291,1,12291
12292,12292,1,12292
12293,12293,1,12293
12294,12294,1,12294
12295,12295,1,12295
12296,12296,1,12296
12297,12297,1,12297
12298,12298,1,12298
12299,12299,1,12299
12300,12300,1,12300
12301,12301,1,12301
12302,12302,1,12302
12303,12303,1,12303
12304,12304,1,12304
12305,12305,1,12305
12306,12306,1,12306
12307,12307,1,12307
12308,12308,1,12308
12309,12309,1,12309
12310,12310,1,12310
12311,12311,1,12311
12312,12312,1,12312
12313,12313,1,12313
12314,12314,1,12314
12315,12315,1,12315
12316,12316,1,12316
12317,12317,1,12317
12318,12318,1,12318
12319,12319,1,12319
12320,12320,1,12320
12321,12321,1,12321
12322,12322,1,12322
12323,12323,1,12323
12324,12324,1,12324
12325,12325,1,12325
12326,12326,1,12326
12327,12327,1,12327
12328,12328,1,12328
12329,12329,1,12329
12330,12330,1,12330
12331,12331,1,12331
12332,12332,1,12332
12333,12333,1,12333
12334,12334,1,12334
12335,12335,1,12335
12336,12336,1,12336
12337,12337,1,12337
12338,12338,1,12338
12339,12339,1,12339
12340,12340,1,12340
12341,12341,1,12341
12342,12342,1,12342
12343,12343,1,12343
12344,12344,1,12344
12345,12345,1,12345
12346,12346,1,12346
12347,12347,1,12347
12348,12348,1,12348
12349,12349,1,11789
12350,12350,1,12350
12351,12351,1,12351
12352,12352,1,12352
12353,12353,1,12353
12354,12354,1,12354
12355,12355,1,12355
12356,12356,1,12356
12357,12357,1,12357
12358,12358,1,12358
12359,12359,1,12359
12360,12360,1,12360
12361,12361,1,12361
12362,12362,1,12362
12363,12363,1,12363
12364,12364,1,12364
12365,12365,1,12365
12366,12366,1,12366
12367,12367,1,12367
12368,12368,1,12368
12369,12369,1,12369
12370,12370,1,12370
12371,12371,1,12371
12372,12372,1,12372
12373,12373,1,12373
12374,12374,1,12374
12375,12375,1,12375
12376,12376,1,12376
12377,12377,1,12377
12378,12378,1,12378
12379,12379,1,12379
12380,12380,1,12380
12381,12381,1,12381
12382,12382,1,12382
12383,12383,1,12383
12384,12384,1,12384
12385,12385,1,12385
12386,12386,1,12386
12387,12387,1,12387
12388,12388,1,12388
12389,12389,1,12389
12390,12390,1,12390
12391,12391,1,12391
12392,12392,1,12392
12393,12393,1,12393
12394,12394,1,12394
12395,12395,1,12395
12396,12396,1,12396
12397,12397,1,12397
12398,12398,1,12398
12399,12399,1,12399
12400,12400,1,12400
12401,12401,1,12401
12402,12402,1,12402
12403,12403,1,12403
12404,12404,1,12404
12405,12405,1,12405
12406,12406,1,12406
12407,12407,1,12407
12408,12408,1,12408
12409,12409,1,12409
12410,12410,1,12410
12411,12411,1,12411
12412,12412,1,12412
12413,12413,1,12413
12414,12414,1,12414
12415,12415,1,12415
12416,12416,1,12416
12417,12417,1,12417
12418,12418,1,12418
12419,12419,1,12419
12420,12420,1,12420
12421,12421,1,12421
12422,12422,1,12422
12423,12423,1,12423
12424,12424,1,12424
12425,12425,1,12425
12426,12426,1,12426
12427,12427,1,12427
12428,12428,1,12428
12429,12429,1,12429
12430,12430,1,12430
12431,12431,1,12431
12432,12432,1,12432
12433,12433,1,12433
12434,12434,1,12434
12435,12435,1,12435
12436,12436,1,147
12437,12437,1,12437
12438,12438,1,12438
12439,12439,1,12439
12440,12440,1,12440
12441,12441,1,12441
12442,12442,1,12442
12443,12443,1,12443
12444,12444,1,12444
12445,12445,1,12445
12446,12446,1,12446
12447,12447,1,12447
12448,12448,1,12448
12449,12449,1,12449
12450,12450,1,12450
12451,12451,1,12451
12452,12452,1,12452
12453,12453,1,12453
12454,12454,1,12454
12455,12455,1,12455
12456,12456,1,12456
12457,12457,1,12457
12458,12458,1,12458
12459,12459,1,12459
12460,12460,1,12460
12461,12461,1,12461
12462,12462,1,12462
12463,12463,1,12463
12464,12464,1,12464
12465,12465,1,12465
12466,12466,1,12466
12467,12467,1,12467
12468,12468,1,12468
12469,12469,1,12469
12470,12470,1,12470
12471,12471,1,12471
12472,12472,1,12472
12473,12473,1,12473
12474,12474,1,12474
12475,12475,1,12475
12476,12476,1,12476
12477,12477,1,12477
12478,12478,1,12478
12479,12479,1,12479
12480,12480,1,12480
12481,12481,1,12481
12482,12482,1,12482
12483,12483,1,12483
12484,12484,1,12484
12485,12485,1,12485
12486,12486,1,12486
12487,12487,1,12487
12488,12488,1,12488
12489,12489,1,12489
12490,12490,1,12490
12491,12491,1,12491
12492,12492,1,12492
12493,12493,1,12493
12494,12494,1,12494
12495,12495,1,12495
12496,12496,1,12496
12497,12497,1,12497
12498,12498,1,12498
12499,12499,1,12499
12500,12500,1,12500
12501,12501,1,12501
12502,12502,1,12502
12503,12503,1,12503
12504,12504,1,12504
12505,12505,1,12505
12506,12506,1,12506
12507,12507,1,12507
12508,12508,1,12508
12509,12509,1,12509
12510,12510,1,12510
12511,12511,1,12511
12512,12512,1,12512
12513,12513,1,12513
12514,12514,1,12514
12515,12515,1,12515
12516,12516,1,12516
12517,12517,1,12517
12518,12518,1,12518
12519,12519,1,12519
12520,12520,1,12520
12521,12521,1,12521
12522,12522,1,12522
12523,12523,1,12523
12524,12524,1,12524
12525,12525,1,12525
12526,12526,1,12526
12527,12527,1,12527
12528,12528,1,12528
12529,12529,1,12529
12530,12530,1,12530
12531,12531,1,12531
12532,12532,1,12532
12533,12533,1,12533
12534,12534,1,12534
12535,12535,1,12535
12536,12536,1,12536
12537,12537,1,12537
12538,12538,1,12538
12539,12539,1,12539
12540,12540,1,12540
12541,12541,1,12541
12542,12542,1,12542
12543,12543,1,12543
12544,12544,1,12544
12545,12545,1,12545
12546,12546,1,12546
12547,12547,1,460
12548,12548,1,12548
12549,12549,1,12549
12550,12550,1,12550
12551,12551,1,12551
12552,12552,1,12552
12553,12553,1,12553
12554,12554,1,12554
12555,12555,1,12555
12556,12556,1,12556
12557,12557,1,12557
12558,12558,1,12558
12559,12559,1,12559
12560,12560,1,12560
12561,12561,1,12561
12562,12562,1,12562
12563,12563,1,12563
12564,12564,1,12564
12565,12565,1,12565
12566,12566,1,12566
12567,12567,1,12567
12568,12568,1,12568
12569,12569,1,12569
12570,12570,1,12570
12571,12571,1,12571
12572,12572,1,12572
12573,12573,1,12573
12574,12574,1,12574
12575,12575,1,12575
12576,12576,1,12576
12577,12577,1,12577
12578,12578,1,12578
12579,12579,1,12579
12580,12580,1,12580
12581,12581,1,12581
12582,12582,1,12582
12583,12583,1,12583
12584,12584,1,12584
12585,12585,1,12585
12586,12586,1,12586
12587,12587,1,12587
12588,12588,1,12588
12589,12589,1,12589
12590,12590,1,12590
12591,12591,1,12591
12592,12592,1,12592
12593,12593,1,12593
12594,12594,1,12594
12595,12595,1,12595
12596,12596,1,12596
12597,12597,1,12597
12598,12598,1,12598
12599,12599,1,12599
12600,12600,1,12600
12601,12601,1,12601
12602,12602,1,12602
12603,12603,1,12603
12604,12604,1,12604
12605,12605,1,12605
12606,12606,1,12606
12607,12607,1,12607
12608,12608,1,12608
12609,12609,1,12609
12610,12610,1,12610
12611,12611,1,12611
12612,12612,1,12612
12613,12613,1,12613
12614,12614,1,12614
12615,12615,1,12615
12616,12616,1,12616
12617,12617,1,12617
12618,12618,1,12618
12619,12619,1,12619
12620,12620,1,12620
12621,12621,1,12621
12622,12622,1,12622
12623,12623,1,12623
12624,12624,1,12624
12625,12625,1,12625
12626,12626,1,12626
12627,12627,1,12627
12628,12628,1,12628
12629,12629,1,12629
12630,12630,1,12630
12631,12631,1,12631
12632,12632,1,12632
12633,12633,1,12633
12634,12634,1,12634
12635,12635,1,12635
12636,12636,1,12636
12637,12637,1,12637
12638,12638,1,12638
12639,12639,1,12639
12640,12640,1,12640
12641,12641,1,12641
12642,12642,1,12642
12643,12643,1,12643
12644,12644,1,12644
12645,12645,1,12645
12646,12646,1,12646
12647,12647,1,12647
12648,12648,1,12648
12649,12649,1,12649
12650,12650,1,12650
12651,12651,1,12651
12652,12652,1,12652
12653,12653,1,12653
12654,12654,1,12654
12655,12655,1,12655
12656,12656,1,12656
12657,12657,1,12657
12658,12658,1,12658
12659,12659,1,12659
12660,12660,1,12660
12661,12661,1,12661
12662,12662,1,12662
12663,12663,1,12663
12664,12664,1,12664
12665,12665,1,12665
12666,12666,1,12666
12667,12667,1,12667
12668,12668,1,12668
12669,12669,1,12669
12670,12670,1,12670
12671,12671,1,12671
12672,12672,1,12672
12673,12673,1,12673
12674,12674,1,12674
12675,12675,1,12675
12676,12676,1,12676
12677,12677,1,12677
12678,12678,1,12678
12679,12679,1,12679
12680,12680,1,12680
12681,12681,1,12681
12682,12682,1,12682
12683,12683,1,12683
12684,12684,1,12684
12685,12685,1,12685
12686,12686,1,12686
12687,12687,1,12687
12688,12688,1,12688
12689,12689,1,12689
12690,12690,1,12690
12691,12691,1,12691
12692,12692,1,12692
12693,12693,1,12693
12694,12694,1,12694
12695,12695,1,12695
12696,12696,1,12696
12697,12697,1,12697
12698,12698,1,12698
12699,12699,1,12699
12700,12700,1,12700
12701,12701,1,12701
12702,12702,1,12702
12703,12703,1,12703
12704,12704,1,12704
12705,12705,1,12705
12706,12706,1,12706
12707,12707,1,12707
12708,12708,1,12708
12709,12709,1,12709
12710,12710,1,12710
12711,12711,1,12711
12712,12712,1,12712
12713,12713,1,12713
12714,12714,1,12714
12715,12715,1,12715
12716,12716,1,12716
12717,12717,1,12717
12718,12718,1,12718
12719,12719,1,12719
12720,12720,1,12720
12721,12721,1,12721
12722,12722,1,12722
12723,12723,1,12723
12724,12724,1,12724
12725,12725,1,12725
12726,12726,1,12726
12727,12727,1,12727
12728,12728,1,12728
12729,12729,1,12729
12730,12730,1,12730
12731,12731,1,12731
12732,12732,1,12732
12733,12733,1,12733
12734,12734,1,12734
12735,12735,1,12735
12736,12736,1,12736
12737,12737,1,12737
12738,12738,1,12738
12739,12739,1,12739
12740,12740,1,12740
12741,12741,1,12741
12742,12742,1,12742
12743,12743,1,12743
12744,12744,1,12744
12745,12745,1,12745
12746,12746,1,12746
12747,12747,1,12747
12748,12748,1,12748
12749,12749,1,12749
12750,12750,1,12750
12751,12751,1,12751
12752,12752,1,12752
12753,12753,1,12753
12754,12754,1,12754
12755,12755,1,12755
12756,12756,1,12756
12757,12757,1,12757
12758,12758,1,12758
12759,12759,1,12759
12760,12760,1,12760
12761,12761,1,12761
12762,12762,1,12762
12763,12763,1,12763
12764,12764,1,12764
12765,12765,1,12765
12766,12766,1,12766
12767,12767,1,12767
12768,12768,1,12768
12769,12769,1,12769
12770,12770,1,12770
12771,12771,1,12771
12772,12772,1,12772
12773,12773,1,12773
12774,12774,1,12774
12775,12775,1,12775
12776,12776,1,12776
12777,12777,1,12777
12778,12778,1,12778
12779,12779,1,12779
12780,12780,1,12780
12781,12781,1,12781
12782,12782,1,12782
12783,12783,1,12783
12784,12784,1,12784
12785,12785,1,12785
12786,12786,1,12786
12787,12787,1,12787
12788,12788,1,12788
12789,12789,1,12789
12790,12790,1,12790
12791,12791,1,12791
12792,12792,1,12792
12793,12793,1,12793
12794,12794,1,12794
12795,12795,1,12795
12796,12796,1,12796
12797,12797,1,12797
12798,12798,1,12798
12799,12799,1,12799
12800,12800,1,12800
12801,12801,1,12801
12802,12802,1,12802
12803,12803,1,12803
12804,12804,1,12804
12805,12805,1,12805
12806,12806,1,12806
12807,12807,1,12807
12808,12808,1,12808
12809,12809,1,12809
12810,12810,1,12810
12811,12811,1,12811
12812,12812,1,12812
12813,12813,1,12813
12814,12814,1,12814
12815,12815,1,12815
12816,12816,1,12816
12817,12817,1,12817
12818,12818,1,12818
12819,12819,1,12819
12820,12820,1,12820
12821,12821,1,12821
12822,12822,1,12822
12823,12823,1,12823
12824,12824,1,12824
12825,12825,1,12825
12826,12826,1,12826
12827,12827,1,12827
12828,12828,1,12828
12829,12829,1,12829
12830,12830,1,12830
12831,12831,1,12831
12832,12832,1,12832
12833,12833,1,12833
12834,12834,1,12834
12835,12835,1,12835
12836,12836,1,12836
12837,12837,1,12837
12838,12838,1,12838
12839,12839,1,12839
12840,12840,1,12840
12841,12841,1,12841
12842,12842,1,12842
12843,12843,1,12843
12844,12844,1,12844
12845,12845,1,12845
12846,12846,1,12846
12847,12847,1,12847
12848,12848,1,12848
12849,12849,1,12849
12850,12850,1,12850
12851,12851,1,12851
12852,12852,1,12852
12853,12853,1,12853
12854,12854,1,12854
12855,12855,1,12855
12856,12856,1,12856
12857,12857,1,12857
12858,12858,1,12858
12859,12859,1,12859
12860,12860,1,12860
12861,12861,1,12861
12862,12862,1,12862
12863,12863,1,12863
12864,12864,1,12864
12865,12865,1,12865
12866,12866,1,12866
12867,12867,1,12867
12868,12868,1,12868
12869,12869,1,12869
12870,12870,1,12870
12871,12871,1,12871
12872,12872,1,12872
12873,12873,1,12873
12874,12874,1,12874
12875,12875,1,12875
12876,12876,1,12876
12877,12877,1,12877
12878,12878,1,12878
12879,12879,1,12879
12880,12880,1,12880
12881,12881,1,12881
12882,12882,1,12882
12883,12883,1,12883
12884,12884,1,12884
12885,12885,1,12885
12886,12886,1,12886
12887,12887,1,12887
12888,12888,1,12888
12889,12889,1,12889
12890,12890,1,12890
12891,12891,1,12891
12892,12892,1,12892
12893,12893,1,12893
12894,12894,1,12894
12895,12895,1,12895
12896,12896,1,12896
12897,12897,1,12897
12898,12898,1,12898
12899,12899,1,12899
12900,12900,1,12900
12901,12901,1,12901
12902,12902,1,12902
12903,12903,1,12903
12904,12904,1,12904
12905,12905,1,12905
12906,12906,1,12906
12907,12907,1,12907
12908,12908,1,12908
12909,12909,1,12909
12910,12910,1,12910
12911,12911,1,12911
12912,12912,1,12912
12913,12913,1,12913
12914,12914,1,12914
12915,12915,1,12915
12916,12916,1,12916
12917,12917,1,12917
12918,12918,1,12918
12919,12919,1,12919
12920,12920,1,12920
12921,12921,1,12921
12922,12922,1,12922
12923,12923,1,12923
12924,12924,1,12924
12925,12925,1,12925
12926,12926,1,12926
12927,12927,1,12927
12928,12928,1,12928
12929,12929,1,12929
12930,12930,1,12930
12931,12931,1,12931
12932,12932,1,12932
12933,12933,1,12933
12934,12934,1,12934
12935,12935,1,12935
12936,12936,1,12936
12937,12937,1,12937
12938,12938,1,12938
12939,12939,1,12939
12940,12940,1,12940
12941,12941,1,12941
12942,12942,1,12942
12943,12943,1,12943
12944,12944,1,12944
12945,12945,1,12945
12946,12946,1,12946
12947,12947,1,12947
12948,12948,1,12948
12949,12949,1,12949
12950,12950,1,12950
12951,12951,1,12951
12952,12952,1,12952
12953,12953,1,12953
12954,12954,1,12954
12955,12955,1,12955
12956,12956,1,12956
12957,12957,1,12957
12958,12958,1,12958
12959,12959,1,12959
12960,12960,1,12960
12961,12961,1,12961
12962,12962,1,12962
12963,12963,1,12963
12964,12964,1,12964
12965,12965,1,12965
12966,12966,1,12966
12967,12967,1,12967
12968,12968,1,12968
12969,12969,1,12969
12970,12970,1,12970
12971,12971,1,12971
12972,12972,1,12972
12973,12973,1,12973
12974,12974,1,12974
12975,12975,1,12975
12976,12976,1,12976
12977,12977,1,12977
12978,12978,1,12978
12979,12979,1,12979
12980,12980,1,12980
12981,12981,1,12981
12982,12982,1,12982
12983,12983,1,12983
12984,12984,1,12984
12985,12985,1,12985
12986,12986,1,12986
12987,12987,1,12987
12988,12988,1,12988
12989,12989,1,12989
12990,12990,1,12990
12991,12991,1,12991
12992,12992,1,12992
12993,12993,1,12993
12994,12994,1,12994
12995,12995,1,12995
12996,12996,1,12996
12997,12997,1,12997
12998,12998,1,12998
12999,12999,1,12999
13000,13000,1,13000
13001,13001,1,13001
13002,13002,1,13002
13003,13003,1,13003
13004,13004,1,13004
13005,13005,1,13005
13006,13006,1,13006
13007,13007,1,13007
13008,13008,1,13008
13009,13009,1,13009
13010,13010,1,13010
13011,13011,1,13011
13012,13012,1,13012
13013,13013,1,9067
13014,13014,1,13014
13015,13015,1,13015
13016,13016,1,13016
13017,13017,1,13017
13018,13018,1,13018
13019,13019,1,13019
13020,13020,1,13020
13021,13021,1,13021
13022,13022,1,13022
13023,13023,1,13023
13024,13024,1,13024
13025,13025,1,13025
13026,13026,1,13026
13027,13027,1,13027
13028,13028,1,13028
13029,13029,1,13029
13030,13030,1,13030
13031,13031,1,13031
13032,13032,1,13032
13033,13033,1,13033
13034,13034,1,13034
13035,13035,1,13035
13036,13036,1,13036
13037,13037,1,13037
13038,13038,1,13038
13039,13039,1,13039
13040,13040,1,13040
13041,13041,1,13041
13042,13042,1,13042
13043,13043,1,13043
13044,13044,1,13044
13045,13045,1,13045
13046,13046,1,13046
13047,13047,1,13047
13048,13048,1,13048
13049,13049,1,13049
13050,13050,1,13050
13051,13051,1,13051
13052,13052,1,13052
13053,13053,1,13053
13054,13054,1,13054
13055,13055,1,13055
13056,13056,1,13056
13057,13057,1,13057
13058,13058,1,13058
13059,13059,1,13059
13060,13060,1,13060
13061,13061,1,13061
13062,13062,1,13062
13063,13063,1,13063
13064,13064,1,13064
13065,13065,1,13065
13066,13066,1,13066
13067,13067,1,13067
13068,13068,1,13068
13069,13069,1,13069
13070,13070,1,13070
13071,13071,1,13071
13072,13072,1,13072
13073,13073,1,13073
13074,13074,1,13074
13075,13075,1,13075
13076,13076,1,13076
13077,13077,1,13077
13078,13078,1,13078
13079,13079,1,13079
13080,13080,1,13080
13081,13081,1,13081
13082,13082,1,13082
13083,13083,1,13083
13084,13084,1,13084
13085,13085,1,13085
13086,13086,1,13086
13087,13087,1,13087
13088,13088,1,13088
13089,13089,1,13089
13090,13090,1,13090
13091,13091,1,13091
13092,13092,1,13092
13093,13093,1,13093
13094,13094,1,13094
13095,13095,1,13095
13096,13096,1,13096
13097,13097,1,13097
13098,13098,1,13098
13099,13099,1,13099
13100,13100,1,13100
13101,13101,1,13101
13102,13102,1,13102
13103,13103,1,13103
13104,13104,1,13104
13105,13105,1,13105
13106,13106,1,13106
13107,13107,1,13107
13108,13108,1,13108
13109,13109,1,13109
13110,13110,1,13110
13111,13111,1,13111
13112,13112,1,13112
13113,13113,1,13113
13114,13114,1,13114
13115,13115,1,13115
13116,13116,1,13116
13117,13117,1,13117
13118,13118,1,13118
13119,13119,1,13119
13120,13120,1,13120
13121,13121,1,13121
13122,13122,1,13122
13123,13123,1,13123
13124,13124,1,13124
13125,13125,1,13125
13126,13126,1,13126
13127,13127,1,13127
13128,13128,1,13128
13129,13129,1,13129
13130,13130,1,13130
13131,13131,1,13131
13132,13132,1,13132
13133,13133,1,13133
13134,13134,1,13134
13135,13135,1,13135
13136,13136,1,13136
13137,13137,1,13137
13138,13138,1,13138
13139,13139,1,13139
13140,13140,1,13140
13141,13141,1,13141
13142,13142,1,13142
13143,13143,1,13143
13144,13144,1,13144
13145,13145,1,13145
13146,13146,1,13146
13147,13147,1,13147
13148,13148,1,13148
13149,13149,1,13149
13150,13150,1,13150
13151,13151,1,13151
13152,13152,1,13152
13153,13153,1,13153
13154,13154,1,13154
13155,13155,1,13155
13156,13156,1,13156
13157,13157,1,13157
13158,13158,1,13158
13159,13159,1,13159
13160,13160,1,13160
13161,13161,1,13161
13162,13162,1,13162
13163,13163,1,13163
13164,13164,1,13164
13165,13165,1,13165
13166,13166,1,13166
13167,13167,1,13167
13168,13168,1,13168
13169,13169,1,13169
13170,13170,1,13170
13171,13171,1,13171
13172,13172,1,13172
13173,13173,1,13173
13174,13174,1,13174
13175,13175,1,13175
13176,13176,1,13176
13177,13177,1,13177
13178,13178,1,13178
13179,13179,1,13179
13180,13180,1,13180
13181,13181,1,13181
13182,13182,1,13182
13183,13183,1,13183
13184,13184,1,13184
13185,13185,1,13185
13186,13186,1,13186
13187,13187,1,13187
13188,13188,1,13188
13189,13189,1,13189
13190,13190,1,13190
13191,13191,1,13191
13192,13192,1,13192
13193,13193,1,13193
13194,13194,1,13194
13195,13195,1,13195
13196,13196,1,13196
13197,13197,1,13197
13198,13198,1,13198
13199,13199,1,13199
13200,13200,1,13200
13201,13201,1,13201
13202,13202,1,13202
13203,13203,1,13203
13204,13204,1,13204
13205,13205,1,13205
13206,13206,1,13206
13207,13207,1,13207
13208,13208,1,13208
13209,13209,1,13209
13210,13210,1,13210
13211,13211,1,13211
13212,13212,1,13212
13213,13213,1,13213
13214,13214,1,13214
13215,13215,1,13215
13216,13216,1,13216
13217,13217,1,13217
13218,13218,1,13218
13219,13219,1,13219
13220,13220,1,13220
13221,13221,1,13221
13222,13222,1,13222
13223,13223,1,13223
13224,13224,1,13224
13225,13225,1,13225
13226,13226,1,13226
13227,13227,1,13227
13228,13228,1,13228
13229,13229,1,13229
13230,13230,1,13230
13231,13231,1,13231
13232,13232,1,13232
13233,13233,1,13233
13234,13234,1,13234
13235,13235,1,13235
13236,13236,1,13236
13237,13237,1,13237
13238,13238,1,13238
13239,13239,1,13239
13240,13240,1,13240
13241,13241,1,13241
13242,13242,1,13242
13243,13243,1,13243
13244,13244,1,13244
13245,13245,1,13245
13246,13246,1,13246
13247,13247,1,13247
13248,13248,1,13248
13249,13249,1,13249
13250,13250,1,13250
13251,13251,1,13251
13252,13252,1,13252
13253,13253,1,13253
13254,13254,1,13254
13255,13255,1,13255
13256,13256,1,13256
13257,13257,1,13257
13258,13258,1,13258
13259,13259,1,13259
13260,13260,1,13260
13261,13261,1,13261
13262,13262,1,13262
13263,13263,1,13263
13264,13264,1,13264
13265,13265,1,13265
13266,13266,1,13266
13267,13267,1,13267
13268,13268,1,13268
13269,13269,1,13269
13270,13270,1,13270
13271,13271,1,13271
13272,13272,1,13272
13273,13273,1,13273
13274,13274,1,13274
13275,13275,1,13275
13276,13276,1,13276
13277,13277,1,13277
13278,13278,1,13278
13279,13279,1,13279
13280,13280,1,13280
13281,13281,1,13281
13282,13282,1,13282
13283,13283,1,13283
13284,13284,1,13284
13285,13285,1,13285
13286,13286,1,13286
13287,13287,1,13287
13288,13288,1,13288
13289,13289,1,13289
13290,13290,1,13290
13291,13291,1,13291
13292,13292,1,13292
13293,13293,1,13293
13294,13294,1,13294
13295,13295,1,13295
13296,13296,1,13296
13297,13297,1,13297
13298,13298,1,13298
13299,13299,1,13299
13300,13300,1,13300
13301,13301,1,13301
13302,13302,1,13302
13303,13303,1,13303
13304,13304,1,13304
13305,13305,1,13305
13306,13306,1,13306
13307,13307,1,13307
13308,13308,1,13308
13309,13309,1,13309
13310,13310,1,13310
13311,13311,1,13311
13312,13312,1,13312
13313,13313,1,13313
13314,13314,1,13314
13315,13315,1,13315
13316,13316,1,13316
13317,13317,1,13317
13318,13318,1,13318
13319,13319,1,12942
13320,13320,1,13320
13321,13321,1,13321
13322,13322,1,13322
13323,13323,1,13323
13324,13324,1,13324
13325,13325,1,13325
13326,13326,1,13326
13327,13327,1,13327
13328,13328,1,13328
13329,13329,1,13329
13330,13330,1,13330
13331,13331,1,13331
13332,13332,1,13332
13333,13333,1,13333
13334,13334,1,13334
13335,13335,1,13335
13336,13336,1,13336
13337,13337,1,13337
13338,13338,1,13338
13339,13339,1,13339
13340,13340,1,13340
13341,13341,1,13341
13342,13342,1,13342
13343,13343,1,13343
13344,13344,1,13344
13345,13345,1,13345
13346,13346,1,13346
13347,13347,1,13347
13348,13348,1,13348
13349,13349,1,13349
13350,13350,1,13350
13351,13351,1,13351
13352,13352,1,13352
13353,13353,1,13353
13354,13354,1,13354
13355,13355,1,13355
13356,13356,1,13356
13357,13357,1,13357
13358,13358,1,13358
13359,13359,1,13359
13360,13360,1,13360
13361,13361,1,13361
13362,13362,1,13362
13363,13363,1,13363
13364,13364,1,13364
13365,13365,1,13365
13366,13366,1,13366
13367,13367,1,13367
13368,13368,1,13368
13369,8679,1,8679
13370,8680,1,8680
13371,8681,1,8681
13372,8682,1,8682
13373,8683,1,8683
13374,8684,1,8684
13375,8685,1,8685
13376,8686,1,8686
13377,8687,1,8687
13378,8688,1,8688
13379,8689,1,8689
13380,8690,1,8690
13381,8691,1,8691
13382,8692,1,8692
13383,8693,1,8693
13384,8694,1,8694
13385,8695,1,8695
13386,8696,1,8696
13387,8697,1,8697
13388,8698,1,8698
13389,8699,1,76
13390,8700,1,8700
13391,8701,1,8701
13392,8702,1,8702
13393,8703,1,8703
