year,city,voivodeship,city_tier,population_approx,avg_salary_gross_pln,median_salary_gross_pln,median_salary_net_pln,national_avg_salary_gross_pln,national_min_wage_pln,salary_to_national_ratio,cpi_annual_pct,cost_of_living_index,rent_1br_city_center_pln,rent_1br_outside_center_pln,meal_cheap_restaurant_pln,groceries_monthly_pln,public_transport_monthly_pln,est_monthly_cost_single_pln,affordability_ratio,rent_to_income_pct,data_source
2010,Warszawa,Mazowieckie,metropolis,1800000,4145,3171,2277,3224,1317,1.286,2.6,93.1,2238,1661,28,835,90,3329,0.68,40.1,numbeo
2011,Warszawa,Mazowieckie,metropolis,1800000,4447,3402,2443,3399,1386,1.308,4.3,94.0,2518,1775,28,897,93,3515,0.7,39.9,numbeo
2012,Warszawa,Mazowieckie,metropolis,1800000,4666,3569,2563,3521,1500,1.325,3.7,94.1,2473,1877,29,933,101,3688,0.69,40.2,numbeo
2013,Warszawa,Mazowieckie,metropolis,1800000,4641,3550,2549,3650,1600,1.272,0.9,95.3,2531,1911,30,923,98,3731,0.68,41.2,numbeo
2014,Warszawa,Mazowieckie,metropolis,1800000,4687,3586,2575,3783,1680,1.239,0.0,94.5,2647,1866,30,960,100,3725,0.69,39.8,numbeo
2015,Warszawa,Mazowieckie,metropolis,1800000,5159,3947,2834,3899,1750,1.323,-0.9,95.1,2430,1920,29,943,99,3739,0.76,37.2,numbeo
2016,Warszawa,Mazowieckie,metropolis,1800000,5345,4089,2936,4047,1850,1.321,-0.2,96.4,2536,1754,28,918,101,3530,0.83,32.8,numbeo
2017,Warszawa,Mazowieckie,metropolis,1800000,5285,4043,2903,4271,2000,1.237,2.0,95.9,2440,1840,29,925,101,3647,0.8,34.8,numbeo
2018,Warszawa,Mazowieckie,metropolis,1800000,5710,4368,3136,4585,2100,1.245,1.6,96.8,2472,1851,30,946,104,3705,0.85,32.4,numbeo
2019,Warszawa,Mazowieckie,metropolis,1800000,6178,4726,3393,4918,2250,1.256,2.3,97.1,2758,1878,32,983,107,3817,0.89,30.4,numbeo
2020,Warszawa,Mazowieckie,metropolis,1800000,6593,5044,3622,5167,2600,1.276,3.4,96.9,2626,1944,31,982,105,3867,0.94,29.5,numbeo
2021,Warszawa,Mazowieckie,metropolis,1800000,7009,5362,3850,5663,2800,1.238,5.1,97.5,2953,2182,35,1027,116,4252,0.91,31.1,numbeo
2022,Warszawa,Mazowieckie,metropolis,1800000,7825,5986,4298,6346,3010,1.233,14.4,97.1,3220,2445,37,1184,129,4758,0.9,31.2,numbeo
2023,Warszawa,Mazowieckie,metropolis,1800000,9204,7041,5055,7155,3490,1.286,11.5,98.0,3636,2668,42,1392,150,5340,0.95,29.0,numbeo
2024,Warszawa,Mazowieckie,metropolis,1800000,10968,8391,6025,8604,4242,1.275,3.6,98.3,3779,2747,46,1417,148,5532,1.09,25.0,numbeo
2010,Radom,Mazowieckie,city_large,210000,2815,2153,1546,3224,1317,0.873,2.6,63.2,1538,1192,24,745,72,2672,0.58,42.3,numbeo
2011,Radom,Mazowieckie,city_large,210000,2937,2247,1613,3399,1386,0.864,4.3,62.5,1640,1262,24,794,79,2805,0.58,43.0,numbeo
2012,Radom,Mazowieckie,city_large,210000,3062,2342,1682,3521,1500,0.87,3.7,63.8,1717,1304,24,848,78,2907,0.58,42.6,numbeo
2013,Radom,Mazowieckie,city_large,210000,3120,2387,1714,3650,1600,0.855,0.9,63.8,1689,1284,25,863,81,2927,0.59,41.2,numbeo
2014,Radom,Mazowieckie,city_large,210000,3178,2431,1745,3783,1680,0.84,0.0,63.6,1794,1242,26,843,83,2887,0.6,39.1,numbeo
2015,Radom,Mazowieckie,city_large,210000,3212,2457,1764,3899,1750,0.824,-0.9,64.3,1655,1268,25,839,81,2885,0.61,39.5,numbeo
2016,Radom,Mazowieckie,city_large,210000,3335,2551,1832,4047,1850,0.824,-0.2,64.9,1681,1235,24,823,76,2811,0.65,37.0,numbeo
2017,Radom,Mazowieckie,city_large,210000,3532,2702,1940,4271,2000,0.827,2.0,64.8,1785,1231,26,834,78,2864,0.68,34.9,numbeo
2018,Radom,Mazowieckie,city_large,210000,3901,2984,2143,4585,2100,0.851,1.6,65.2,1764,1297,26,860,83,2964,0.72,33.2,numbeo
2019,Radom,Mazowieckie,city_large,210000,4181,3198,2296,4918,2250,0.85,2.3,64.5,1724,1271,26,876,87,2963,0.77,30.4,numbeo
2020,Radom,Mazowieckie,city_large,210000,4277,3272,2349,5167,2600,0.828,3.4,65.0,1883,1429,28,885,88,3178,0.74,33.4,numbeo
2021,Radom,Mazowieckie,city_large,210000,4866,3722,2672,5663,2800,0.859,5.1,66.0,1948,1391,29,918,88,3204,0.83,28.6,numbeo
2022,Radom,Mazowieckie,city_large,210000,5240,4009,2878,6346,3010,0.826,14.4,66.3,2296,1631,34,1054,102,3727,0.77,31.1,numbeo
2023,Radom,Mazowieckie,city_large,210000,5824,4455,3199,7155,3490,0.814,11.5,66.1,2607,1812,38,1249,116,4227,0.76,31.1,numbeo
2024,Radom,Mazowieckie,city_large,210000,7295,5581,4007,8604,4242,0.848,3.6,66.8,2594,1837,36,1224,120,4201,0.95,25.2,numbeo
2010,Płock,Mazowieckie,city_medium,120000,2725,2085,1497,3224,1317,0.845,2.6,57.7,1277,928,21,704,64,2299,0.65,34.1,numbeo
2011,Płock,Mazowieckie,city_medium,120000,2995,2291,1645,3399,1386,0.881,4.3,58.3,1321,951,21,703,64,2328,0.71,31.8,numbeo
2012,Płock,Mazowieckie,city_medium,120000,3034,2321,1666,3521,1500,0.862,3.7,58.0,1418,985,22,769,69,2460,0.68,32.5,numbeo
2013,Płock,Mazowieckie,city_medium,120000,3241,2479,1780,3650,1600,0.888,0.9,58.0,1349,1006,22,767,68,2480,0.72,31.0,numbeo
2014,Płock,Mazowieckie,city_medium,120000,3295,2521,1810,3783,1680,0.871,0.0,59.1,1416,1062,21,775,71,2527,0.72,32.2,numbeo
2015,Płock,Mazowieckie,city_medium,120000,3451,2640,1896,3899,1750,0.885,-0.9,58.5,1325,1047,22,737,71,2492,0.76,30.3,numbeo
2016,Płock,Mazowieckie,city_medium,120000,3548,2714,1949,4047,1850,0.877,-0.2,59.4,1415,1029,21,728,68,2442,0.8,29.0,numbeo
2017,Płock,Mazowieckie,city_medium,120000,3713,2840,2039,4271,2000,0.869,2.0,59.0,1362,998,22,799,72,2510,0.81,26.9,numbeo
2018,Płock,Mazowieckie,city_medium,120000,3808,2913,2092,4585,2100,0.831,1.6,59.5,1455,1013,23,766,71,2514,0.83,26.6,numbeo
2019,Płock,Mazowieckie,city_medium,120000,4306,3294,2365,4918,2250,0.876,2.3,60.5,1401,1114,24,822,75,2700,0.88,25.9,numbeo
2020,Płock,Mazowieckie,city_medium,120000,4384,3354,2408,5167,2600,0.848,3.4,59.8,1443,1104,23,805,78,2663,0.9,25.2,numbeo
2021,Płock,Mazowieckie,city_medium,120000,4966,3799,2728,5663,2800,0.877,5.1,60.8,1557,1129,25,840,79,2775,0.98,22.7,numbeo
2022,Płock,Mazowieckie,city_medium,120000,5449,4168,2993,6346,3010,0.859,14.4,60.3,1788,1319,30,958,93,3230,0.93,24.2,numbeo
2023,Płock,Mazowieckie,city_medium,120000,6131,4690,3367,7155,3490,0.857,11.5,60.9,2066,1424,33,1091,101,3566,0.94,23.2,numbeo
2024,Płock,Mazowieckie,city_medium,120000,7306,5589,4013,8604,4242,0.849,3.6,61.6,2043,1554,35,1124,106,3784,1.06,21.3,numbeo
2010,Siedlce,Mazowieckie,city_small,80000,2490,1905,1368,3224,1317,0.772,2.6,54.6,1028,796,17,624,57,2000,0.68,32.0,numbeo
2011,Siedlce,Mazowieckie,city_small,80000,2623,2007,1441,3399,1386,0.772,4.3,54.4,1132,805,19,663,55,2093,0.69,30.7,numbeo
2012,Siedlce,Mazowieckie,city_small,80000,2801,2143,1539,3521,1500,0.796,3.7,55.0,1168,896,19,696,58,2227,0.69,32.0,numbeo
2013,Siedlce,Mazowieckie,city_small,80000,2795,2138,1535,3650,1600,0.766,0.9,55.8,1083,864,19,701,58,2202,0.7,30.9,numbeo
2014,Siedlce,Mazowieckie,city_small,80000,3040,2326,1670,3783,1680,0.804,0.0,55.3,1095,889,19,711,59,2238,0.75,29.2,numbeo
2015,Siedlce,Mazowieckie,city_small,80000,3124,2390,1716,3899,1750,0.801,-0.9,55.2,1136,870,20,712,59,2238,0.77,27.8,numbeo
2016,Siedlce,Mazowieckie,city_small,80000,3101,2372,1703,4047,1850,0.766,-0.2,55.8,1137,847,20,666,58,2168,0.79,27.3,numbeo
2017,Siedlce,Mazowieckie,city_small,80000,3390,2593,1862,4271,2000,0.794,2.0,55.7,1104,897,19,677,58,2213,0.84,26.5,numbeo
2018,Siedlce,Mazowieckie,city_small,80000,3487,2668,1916,4585,2100,0.761,1.6,55.5,1133,864,21,701,62,2251,0.85,24.8,numbeo
2019,Siedlce,Mazowieckie,city_small,80000,3760,2876,2065,4918,2250,0.765,2.3,56.7,1138,891,20,720,61,2281,0.91,23.7,numbeo
2020,Siedlce,Mazowieckie,city_small,80000,3986,3049,2189,5167,2600,0.771,3.4,57.3,1166,911,22,776,64,2407,0.91,22.9,numbeo
2021,Siedlce,Mazowieckie,city_small,80000,4330,3312,2378,5663,2800,0.765,5.1,56.5,1270,988,23,764,66,2505,0.95,22.8,numbeo
2022,Siedlce,Mazowieckie,city_small,80000,4795,3668,2634,6346,3010,0.756,14.4,57.2,1510,1077,25,881,78,2796,0.94,22.5,numbeo
2023,Siedlce,Mazowieckie,city_small,80000,5575,4265,3062,7155,3490,0.779,11.5,58.0,1620,1245,30,1035,90,3260,0.94,22.3,numbeo
2024,Siedlce,Mazowieckie,city_small,80000,6490,4965,3565,8604,4242,0.754,3.6,57.7,1752,1271,29,1086,88,3325,1.07,19.6,numbeo
2010,Pruszków,Mazowieckie,city_small,60000,3130,2394,1719,3224,1317,0.971,2.6,53.9,1073,801,18,636,55,2035,0.84,25.6,numbeo
2011,Pruszków,Mazowieckie,city_small,60000,3221,2464,1769,3399,1386,0.948,4.3,55.1,1033,815,19,655,58,2098,0.84,25.3,numbeo
2012,Pruszków,Mazowieckie,city_small,60000,3543,2710,1946,3521,1500,1.006,3.7,55.3,1111,892,19,719,60,2248,0.87,25.2,numbeo
2013,Pruszków,Mazowieckie,city_small,60000,3573,2733,1962,3650,1600,0.979,0.9,55.7,1084,845,20,673,62,2179,0.9,23.6,numbeo
2014,Pruszków,Mazowieckie,city_small,60000,3674,2811,2018,3783,1680,0.971,0.0,55.3,1185,828,19,701,60,2168,0.93,22.5,numbeo
2015,Pruszków,Mazowieckie,city_small,60000,3887,2974,2135,3899,1750,0.997,-0.9,55.1,1162,869,20,664,61,2191,0.97,22.4,numbeo
2016,Pruszków,Mazowieckie,city_small,60000,3848,2944,2114,4047,1850,0.951,-0.2,56.0,1172,812,20,714,58,2181,0.97,21.1,numbeo
2017,Pruszków,Mazowieckie,city_small,60000,4232,3237,2324,4271,2000,0.991,2.0,56.5,1161,914,21,681,62,2278,1.02,21.6,numbeo
2018,Pruszków,Mazowieckie,city_small,60000,4506,3447,2475,4585,2100,0.983,1.6,56.0,1110,864,20,700,64,2232,1.11,19.2,numbeo
2019,Pruszków,Mazowieckie,city_small,60000,4626,3539,2541,4918,2250,0.941,2.3,56.0,1139,928,22,717,62,2356,1.08,20.1,numbeo
2020,Pruszków,Mazowieckie,city_small,60000,5103,3904,2803,5167,2600,0.988,3.4,56.7,1189,983,22,744,65,2448,1.15,19.3,numbeo
2021,Pruszków,Mazowieckie,city_small,60000,5433,4156,2984,5663,2800,0.959,5.1,57.0,1281,949,22,771,68,2455,1.22,17.5,numbeo
2022,Pruszków,Mazowieckie,city_small,60000,6123,4684,3363,6346,3010,0.965,14.4,57.2,1408,1132,27,914,77,2923,1.15,18.5,numbeo
2023,Pruszków,Mazowieckie,city_small,60000,6971,5333,3829,7155,3490,0.974,11.5,57.0,1689,1193,28,1010,84,3137,1.22,17.1,numbeo
2024,Pruszków,Mazowieckie,city_small,60000,8025,6139,4408,8604,4242,0.933,3.6,58.1,1747,1274,29,1069,91,3314,1.33,15.9,numbeo
2010,Grodzisk Mazowiecki,Mazowieckie,city_small,40000,2983,2282,1638,3224,1317,0.925,2.6,54.6,1049,759,18,615,56,1973,0.83,25.4,numbeo
2011,Grodzisk Mazowiecki,Mazowieckie,city_small,40000,3166,2422,1739,3399,1386,0.931,4.3,54.5,1030,837,19,669,56,2132,0.82,26.4,numbeo
2012,Grodzisk Mazowiecki,Mazowieckie,city_small,40000,3284,2512,1804,3521,1500,0.933,3.7,54.2,1099,891,21,714,61,2283,0.79,27.1,numbeo
2013,Grodzisk Mazowiecki,Mazowieckie,city_small,40000,3508,2684,1927,3650,1600,0.961,0.9,55.4,1141,882,21,703,60,2264,0.85,25.1,numbeo
2014,Grodzisk Mazowiecki,Mazowieckie,city_small,40000,3608,2760,1982,3783,1680,0.954,0.0,55.9,1133,822,20,689,58,2168,0.91,22.8,numbeo
2015,Grodzisk Mazowiecki,Mazowieckie,city_small,40000,3536,2705,1942,3899,1750,0.907,-0.9,55.6,1170,861,20,673,58,2189,0.89,24.3,numbeo
2016,Grodzisk Mazowiecki,Mazowieckie,city_small,40000,3903,2986,2144,4047,1850,0.964,-0.2,56.1,1142,836,20,681,58,2172,0.99,21.4,numbeo
2017,Grodzisk Mazowiecki,Mazowieckie,city_small,40000,3887,2974,2135,4271,2000,0.91,2.0,55.5,1093,861,21,706,60,2248,0.95,22.2,numbeo
2018,Grodzisk Mazowiecki,Mazowieckie,city_small,40000,4308,3296,2367,4585,2100,0.94,1.6,56.9,1129,922,21,706,59,2311,1.02,21.4,numbeo
2019,Grodzisk Mazowiecki,Mazowieckie,city_small,40000,4624,3537,2540,4918,2250,0.94,2.3,57.1,1168,888,20,709,63,2269,1.12,19.2,numbeo
2020,Grodzisk Mazowiecki,Mazowieckie,city_small,40000,4716,3608,2591,5167,2600,0.913,3.4,57.3,1213,901,22,785,63,2405,1.08,19.1,numbeo
2021,Grodzisk Mazowiecki,Mazowieckie,city_small,40000,5407,4136,2970,5663,2800,0.955,5.1,57.1,1321,1028,23,797,66,2578,1.15,19.0,numbeo
2022,Grodzisk Mazowiecki,Mazowieckie,city_small,40000,5816,4449,3194,6346,3010,0.916,14.4,57.1,1437,1118,26,934,77,2909,1.1,19.2,numbeo
2023,Grodzisk Mazowiecki,Mazowieckie,city_small,40000,6767,5177,3717,7155,3490,0.946,11.5,56.8,1666,1255,28,1036,90,3231,1.15,18.5,numbeo
2024,Grodzisk Mazowiecki,Mazowieckie,city_small,40000,7694,5886,4226,8604,4242,0.894,3.6,57.9,1627,1281,31,1089,93,3383,1.25,16.6,numbeo
2010,Otwock,Mazowieckie,town,45000,3707,2836,2036,3224,1317,1.15,2.6,47.5,861,611,16,607,44,1765,1.15,16.5,gus_modeled
2011,Otwock,Mazowieckie,town,45000,3926,3003,2156,3399,1386,1.155,4.3,47.5,879,666,17,608,43,1847,1.17,17.0,gus_modeled
2012,Otwock,Mazowieckie,town,45000,3993,3055,2193,3521,1500,1.134,3.7,48.3,882,718,18,667,46,1988,1.1,18.0,gus_modeled
2013,Otwock,Mazowieckie,town,45000,4150,3175,2280,3650,1600,1.137,0.9,47.8,921,713,16,628,45,1905,1.2,17.2,gus_modeled
2014,Otwock,Mazowieckie,town,45000,4280,3274,2351,3783,1680,1.131,0.0,47.7,885,715,18,640,46,1960,1.2,16.7,gus_modeled
2015,Otwock,Mazowieckie,town,45000,4603,3521,2528,3899,1750,1.181,-0.9,48.3,847,679,18,647,45,1928,1.31,14.8,gus_modeled
2016,Otwock,Mazowieckie,town,45000,4612,3528,2533,4047,1850,1.14,-0.2,48.5,858,673,18,638,46,1914,1.32,14.6,gus_modeled
2017,Otwock,Mazowieckie,town,45000,5053,3866,2776,4271,2000,1.183,2.0,49.1,887,668,17,682,48,1939,1.43,13.2,gus_modeled
2018,Otwock,Mazowieckie,town,45000,5135,3928,2820,4585,2100,1.12,1.6,49.2,954,730,17,669,47,1990,1.42,14.2,gus_modeled
2019,Otwock,Mazowieckie,town,45000,5506,4212,3024,4918,2250,1.12,2.3,48.6,931,759,18,664,47,2039,1.48,13.8,gus_modeled
2020,Otwock,Mazowieckie,town,45000,5857,4481,3217,5167,2600,1.134,3.4,48.6,1005,766,19,687,51,2100,1.53,13.1,gus_modeled
2021,Otwock,Mazowieckie,town,45000,6507,4978,3574,5663,2800,1.149,5.1,48.4,1011,808,19,769,52,2236,1.6,12.4,gus_modeled
2022,Otwock,Mazowieckie,town,45000,6988,5346,3838,6346,3010,1.101,14.4,49.6,1225,934,23,837,59,2550,1.51,13.4,gus_modeled
2023,Otwock,Mazowieckie,town,45000,7831,5991,4302,7155,3490,1.094,11.5,49.0,1320,988,26,920,66,2784,1.55,12.6,gus_modeled
2024,Otwock,Mazowieckie,town,45000,9629,7366,5289,8604,4242,1.119,3.6,50.3,1329,1017,27,948,70,2875,1.84,10.6,gus_modeled
2010,Legionowo,Mazowieckie,town,55000,3670,2808,2016,3224,1317,1.138,2.6,47.9,816,639,17,604,44,1810,1.11,17.4,gus_modeled
2011,Legionowo,Mazowieckie,town,55000,3920,2999,2153,3399,1386,1.153,4.3,47.9,851,652,17,628,43,1853,1.16,16.6,gus_modeled
2012,Legionowo,Mazowieckie,town,55000,4092,3130,2247,3521,1500,1.162,3.7,47.8,856,690,17,629,47,1903,1.18,16.9,gus_modeled
2013,Legionowo,Mazowieckie,town,55000,4209,3220,2312,3650,1600,1.153,0.9,47.8,900,705,18,650,48,1962,1.18,16.7,gus_modeled
2014,Legionowo,Mazowieckie,town,55000,4479,3426,2460,3783,1680,1.184,0.0,47.8,863,697,17,671,46,1953,1.26,15.6,gus_modeled
2015,Legionowo,Mazowieckie,town,55000,4342,3322,2385,3899,1750,1.114,-0.9,47.5,922,665,18,641,46,1909,1.25,15.3,gus_modeled
2016,Legionowo,Mazowieckie,town,55000,4723,3613,2594,4047,1850,1.167,-0.2,48.8,852,696,17,667,47,1947,1.33,14.7,gus_modeled
2017,Legionowo,Mazowieckie,town,55000,4802,3674,2638,4271,2000,1.124,2.0,48.1,947,736,18,632,46,1975,1.34,15.3,gus_modeled
2018,Legionowo,Mazowieckie,town,55000,5272,4033,2896,4585,2100,1.15,1.6,48.1,920,679,18,666,49,1958,1.48,12.9,gus_modeled
2019,Legionowo,Mazowieckie,town,55000,5541,4239,3044,4918,2250,1.127,2.3,49.4,916,696,18,664,51,1980,1.54,12.6,gus_modeled
2020,Legionowo,Mazowieckie,town,55000,6004,4593,3298,5167,2600,1.162,3.4,49.6,944,784,19,693,52,2125,1.55,13.1,gus_modeled
2021,Legionowo,Mazowieckie,town,55000,6363,4868,3495,5663,2800,1.124,5.1,48.6,1040,781,19,750,54,2192,1.59,12.3,gus_modeled
2022,Legionowo,Mazowieckie,town,55000,6936,5306,3810,6346,3010,1.093,14.4,48.5,1173,872,22,878,63,2513,1.52,12.6,gus_modeled
2023,Legionowo,Mazowieckie,town,55000,8197,6271,4503,7155,3490,1.146,11.5,50.1,1328,1057,24,936,67,2830,1.59,12.9,gus_modeled
2024,Legionowo,Mazowieckie,town,55000,9582,7330,5263,8604,4242,1.114,3.6,49.3,1326,1076,27,1013,69,2998,1.76,11.2,gus_modeled
2010,Nowy Dwór Mazowiecki,Mazowieckie,town,30000,3772,2886,2072,3224,1317,1.17,2.6,46.7,806,665,16,577,43,1788,1.16,17.6,gus_modeled
2011,Nowy Dwór Mazowiecki,Mazowieckie,town,30000,4019,3075,2208,3399,1386,1.182,4.3,47.6,824,659,16,608,44,1821,1.21,16.4,gus_modeled
2012,Nowy Dwór Mazowiecki,Mazowieckie,town,30000,4169,3189,2290,3521,1500,1.184,3.7,47.6,915,684,18,620,45,1906,1.2,16.4,gus_modeled
2013,Nowy Dwór Mazowiecki,Mazowieckie,town,30000,4121,3153,2264,3650,1600,1.129,0.9,47.3,918,675,18,655,48,1937,1.17,16.4,gus_modeled
2014,Nowy Dwór Mazowiecki,Mazowieckie,town,30000,4211,3221,2313,3783,1680,1.113,0.0,47.1,855,731,17,628,46,1944,1.19,17.4,gus_modeled
2015,Nowy Dwór Mazowiecki,Mazowieckie,town,30000,4434,3392,2435,3899,1750,1.137,-0.9,47.6,872,673,17,641,45,1896,1.28,15.2,gus_modeled
2016,Nowy Dwór Mazowiecki,Mazowieckie,town,30000,4672,3574,2566,4047,1850,1.154,-0.2,48.7,858,699,17,634,46,1916,1.34,15.0,gus_modeled
2017,Nowy Dwór Mazowiecki,Mazowieckie,town,30000,4763,3644,2616,4271,2000,1.115,2.0,48.6,948,723,17,653,47,1964,1.33,15.2,gus_modeled
2018,Nowy Dwór Mazowiecki,Mazowieckie,town,30000,5153,3942,2830,4585,2100,1.124,1.6,49.3,954,711,17,681,48,1984,1.43,13.8,gus_modeled
2019,Nowy Dwór Mazowiecki,Mazowieckie,town,30000,5686,4350,3123,4918,2250,1.156,2.3,49.3,984,752,18,685,50,2056,1.52,13.2,gus_modeled
2020,Nowy Dwór Mazowiecki,Mazowieckie,town,30000,5738,4390,3152,5167,2600,1.111,3.4,49.7,950,782,18,682,48,2088,1.51,13.6,gus_modeled
2021,Nowy Dwór Mazowiecki,Mazowieckie,town,30000,6236,4771,3426,5663,2800,1.101,5.1,48.4,979,812,21,759,54,2272,1.51,13.0,gus_modeled
2022,Nowy Dwór Mazowiecki,Mazowieckie,town,30000,7320,5600,4021,6346,3010,1.153,14.4,48.7,1155,868,22,828,60,2456,1.64,11.9,gus_modeled
2023,Nowy Dwór Mazowiecki,Mazowieckie,town,30000,8317,6363,4569,7155,3490,1.162,11.5,49.2,1328,1030,25,911,66,2797,1.63,12.4,gus_modeled
2024,Nowy Dwór Mazowiecki,Mazowieckie,town,30000,9488,7258,5211,8604,4242,1.103,3.6,49.6,1325,1066,26,949,72,2907,1.79,11.2,gus_modeled
2010,Wołomin,Mazowieckie,town,40000,3723,2848,2045,3224,1317,1.155,2.6,46.7,783,638,15,608,42,1771,1.15,17.1,gus_modeled
2011,Wołomin,Mazowieckie,town,40000,3849,2944,2114,3399,1386,1.132,4.3,47.2,821,694,17,601,44,1869,1.13,18.0,gus_modeled
2012,Wołomin,Mazowieckie,town,40000,4167,3188,2289,3521,1500,1.183,3.7,47.9,892,703,17,651,47,1938,1.18,16.9,gus_modeled
2013,Wołomin,Mazowieckie,town,40000,4284,3277,2353,3650,1600,1.174,0.9,48.4,898,672,18,676,47,1954,1.2,15.7,gus_modeled
2014,Wołomin,Mazowieckie,town,40000,4489,3434,2466,3783,1680,1.187,0.0,48.3,919,718,17,630,45,1932,1.28,16.0,gus_modeled
2015,Wołomin,Mazowieckie,town,40000,4596,3516,2524,3899,1750,1.179,-0.9,48.3,859,673,18,626,46,1902,1.33,14.6,gus_modeled
2016,Wołomin,Mazowieckie,town,40000,4725,3615,2596,4047,1850,1.168,-0.2,47.9,844,682,17,663,46,1928,1.35,14.4,gus_modeled
2017,Wołomin,Mazowieckie,town,40000,4740,3626,2603,4271,2000,1.11,2.0,47.9,905,686,17,638,48,1913,1.36,14.5,gus_modeled
2018,Wołomin,Mazowieckie,town,40000,5178,3961,2844,4585,2100,1.129,1.6,49.1,961,704,18,652,47,1967,1.45,13.6,gus_modeled
2019,Wołomin,Mazowieckie,town,40000,5492,4201,3016,4918,2250,1.117,2.3,48.7,903,754,18,662,48,2033,1.48,13.7,gus_modeled
2020,Wołomin,Mazowieckie,town,40000,5772,4416,3171,5167,2600,1.117,3.4,49.6,1011,734,19,720,50,2100,1.51,12.7,gus_modeled
2021,Wołomin,Mazowieckie,town,40000,6323,4837,3473,5663,2800,1.117,5.1,49.7,972,829,20,749,52,2257,1.54,13.1,gus_modeled
2022,Wołomin,Mazowieckie,town,40000,6974,5335,3831,6346,3010,1.099,14.4,49.1,1170,916,22,840,59,2515,1.52,13.1,gus_modeled
2023,Wołomin,Mazowieckie,town,40000,7808,5973,4289,7155,3490,1.091,11.5,49.5,1301,1024,25,958,70,2842,1.51,13.1,gus_modeled
2024,Wołomin,Mazowieckie,town,40000,9623,7362,5286,8604,4242,1.118,3.6,49.8,1353,1049,25,947,70,2866,1.84,10.9,gus_modeled
2010,Piaseczno,Mazowieckie,city_small,50000,4068,3112,2234,3224,1317,1.262,2.6,54.3,1018,760,19,646,53,2022,1.1,18.7,gus_modeled
2011,Piaseczno,Mazowieckie,city_small,50000,4152,3176,2280,3399,1386,1.222,4.3,54.3,1056,830,20,670,58,2148,1.06,20.0,gus_modeled
2012,Piaseczno,Mazowieckie,city_small,50000,4337,3318,2382,3521,1500,1.232,3.7,54.8,1138,885,21,703,58,2263,1.05,20.4,gus_modeled
2013,Piaseczno,Mazowieckie,city_small,50000,4576,3501,2514,3650,1600,1.254,0.9,54.5,1093,858,20,681,59,2197,1.14,18.8,gus_modeled
2014,Piaseczno,Mazowieckie,city_small,50000,4636,3547,2547,3783,1680,1.225,0.0,54.7,1173,892,20,677,61,2229,1.14,19.2,gus_modeled
2015,Piaseczno,Mazowieckie,city_small,50000,4982,3811,2736,3899,1750,1.278,-0.9,54.9,1091,838,19,694,60,2169,1.26,16.8,gus_modeled
2016,Piaseczno,Mazowieckie,city_small,50000,5039,3855,2768,4047,1850,1.245,-0.2,56.4,1128,874,20,703,57,2231,1.24,17.3,gus_modeled
2017,Piaseczno,Mazowieckie,city_small,50000,5261,4025,2890,4271,2000,1.232,2.0,55.6,1125,860,19,704,59,2204,1.31,16.3,gus_modeled
2018,Piaseczno,Mazowieckie,city_small,50000,5658,4328,3108,4585,2100,1.234,1.6,56.2,1150,918,20,725,63,2310,1.35,16.2,gus_modeled
2019,Piaseczno,Mazowieckie,city_small,50000,6022,4607,3308,4918,2250,1.224,2.3,57.0,1173,862,20,716,63,2250,1.47,14.3,gus_modeled
2020,Piaseczno,Mazowieckie,city_small,50000,6193,4738,3402,5167,2600,1.199,3.4,56.8,1201,950,22,766,66,2438,1.4,15.3,gus_modeled
2021,Piaseczno,Mazowieckie,city_small,50000,6974,5335,3831,5663,2800,1.232,5.1,56.9,1284,1009,23,788,70,2554,1.5,14.5,gus_modeled
2022,Piaseczno,Mazowieckie,city_small,50000,7885,6032,4331,6346,3010,1.243,14.4,56.2,1444,1105,25,882,78,2825,1.53,14.0,gus_modeled
2023,Piaseczno,Mazowieckie,city_small,50000,8695,6652,4776,7155,3490,1.215,11.5,57.4,1623,1291,30,1049,84,3314,1.44,14.8,gus_modeled
2024,Piaseczno,Mazowieckie,city_small,50000,10700,8186,5878,8604,4242,1.244,3.6,58.2,1702,1303,31,1035,92,3350,1.75,12.2,gus_modeled
2010,Żyrardów,Mazowieckie,town,40000,2621,2005,1440,3224,1317,0.813,2.6,47.7,841,637,15,586,43,1749,0.82,24.3,numbeo
2011,Żyrardów,Mazowieckie,town,40000,2731,2089,1500,3399,1386,0.803,4.3,46.8,837,665,17,633,43,1871,0.8,24.4,numbeo
2012,Żyrardów,Mazowieckie,town,40000,2877,2201,1580,3521,1500,0.817,3.7,46.8,891,672,17,644,45,1898,0.83,23.4,numbeo
2013,Żyrardów,Mazowieckie,town,40000,2956,2261,1623,3650,1600,0.81,0.9,47.6,916,725,18,675,45,2004,0.81,24.5,numbeo
2014,Żyrardów,Mazowieckie,town,40000,3063,2343,1682,3783,1680,0.81,0.0,47.7,925,680,18,632,45,1916,0.88,22.2,numbeo
2015,Żyrardów,Mazowieckie,town,40000,3090,2364,1697,3899,1750,0.793,-0.9,47.8,916,683,17,663,45,1928,0.88,22.1,numbeo
2016,Żyrardów,Mazowieckie,town,40000,3255,2490,1788,4047,1850,0.804,-0.2,48.4,906,659,17,651,45,1892,0.95,20.2,numbeo
2017,Żyrardów,Mazowieckie,town,40000,3311,2533,1819,4271,2000,0.775,2.0,48.9,871,704,17,653,48,1946,0.93,21.3,numbeo
2018,Żyrardów,Mazowieckie,town,40000,3744,2864,2056,4585,2100,0.817,1.6,48.9,951,741,18,644,48,1997,1.03,19.8,numbeo
2019,Żyrardów,Mazowieckie,town,40000,3838,2936,2108,4918,2250,0.78,2.3,49.4,965,754,18,677,48,2048,1.03,19.6,numbeo
2020,Żyrardów,Mazowieckie,town,40000,4246,3248,2332,5167,2600,0.822,3.4,49.5,938,724,19,694,51,2065,1.13,17.1,numbeo
2021,Żyrardów,Mazowieckie,town,40000,4542,3475,2495,5663,2800,0.802,5.1,49.0,981,795,20,739,52,2213,1.13,17.5,numbeo
2022,Żyrardów,Mazowieckie,town,40000,4909,3755,2696,6346,3010,0.774,14.4,50.0,1191,893,23,874,60,2547,1.06,18.2,numbeo
2023,Żyrardów,Mazowieckie,town,40000,5554,4249,3051,7155,3490,0.776,11.5,50.0,1315,1013,24,957,68,2808,1.09,18.2,numbeo
2024,Żyrardów,Mazowieckie,town,40000,6690,5118,3675,8604,4242,0.778,3.6,50.4,1348,1064,26,953,67,2904,1.27,15.9,numbeo
2010,Łomianki,Mazowieckie,town,25000,3844,2941,2112,3224,1317,1.192,2.6,46.9,817,621,16,608,42,1774,1.19,16.2,gus_modeled
2011,Łomianki,Mazowieckie,town,25000,3925,3003,2156,3399,1386,1.155,4.3,46.8,866,654,17,640,43,1867,1.15,16.7,gus_modeled
2012,Łomianki,Mazowieckie,town,25000,4098,3135,2251,3521,1500,1.164,3.7,47.2,867,673,17,624,45,1879,1.2,16.4,gus_modeled
2013,Łomianki,Mazowieckie,town,25000,4080,3121,2241,3650,1600,1.118,0.9,47.4,935,686,18,634,47,1926,1.16,16.8,gus_modeled
2014,Łomianki,Mazowieckie,town,25000,4495,3439,2469,3783,1680,1.188,0.0,47.4,904,713,16,626,46,1904,1.3,15.9,gus_modeled
2015,Łomianki,Mazowieckie,town,25000,4404,3369,2419,3899,1750,1.13,-0.9,47.8,892,710,17,663,45,1955,1.24,16.1,gus_modeled
2016,Łomianki,Mazowieckie,town,25000,4694,3591,2578,4047,1850,1.16,-0.2,48.8,852,721,16,622,46,1906,1.35,15.4,gus_modeled
2017,Łomianki,Mazowieckie,town,25000,4922,3765,2703,4271,2000,1.152,2.0,49.0,919,681,17,681,48,1951,1.39,13.8,gus_modeled
2018,Łomianki,Mazowieckie,town,25000,5312,4064,2918,4585,2100,1.159,1.6,48.2,914,721,17,662,47,1974,1.48,13.6,gus_modeled
2019,Łomianki,Mazowieckie,town,25000,5556,4250,3052,4918,2250,1.13,2.3,49.2,918,730,19,688,49,2056,1.48,13.1,gus_modeled
2020,Łomianki,Mazowieckie,town,25000,5967,4565,3278,5167,2600,1.155,3.4,49.2,977,746,19,730,50,2122,1.54,12.5,gus_modeled
2021,Łomianki,Mazowieckie,town,25000,6495,4969,3568,5663,2800,1.147,5.1,48.7,1024,779,19,724,52,2162,1.65,12.0,gus_modeled
2022,Łomianki,Mazowieckie,town,25000,6977,5337,3832,6346,3010,1.099,14.4,48.5,1222,925,22,845,62,2532,1.51,13.3,gus_modeled
2023,Łomianki,Mazowieckie,town,25000,7864,6016,4319,7155,3490,1.099,11.5,48.9,1251,1010,25,912,68,2780,1.55,12.8,gus_modeled
2024,Łomianki,Mazowieckie,town,25000,9748,7457,5354,8604,4242,1.133,3.6,49.9,1364,1001,25,979,68,2848,1.88,10.3,gus_modeled
2010,Mińsk Mazowiecki,Mazowieckie,town,40000,2745,2100,1508,3224,1317,0.851,2.6,47.4,838,628,16,578,41,1750,0.86,22.9,numbeo
2011,Mińsk Mazowiecki,Mazowieckie,town,40000,2860,2188,1571,3399,1386,0.841,4.3,47.9,862,677,16,625,46,1858,0.85,23.7,numbeo
2012,Mińsk Mazowiecki,Mazowieckie,town,40000,3027,2316,1663,3521,1500,0.86,3.7,47.8,875,677,18,659,44,1937,0.86,22.4,numbeo
2013,Mińsk Mazowiecki,Mazowieckie,town,40000,3094,2367,1700,3650,1600,0.848,0.9,47.1,869,688,17,672,48,1947,0.87,22.2,numbeo
2014,Mińsk Mazowiecki,Mazowieckie,town,40000,3265,2498,1794,3783,1680,0.863,0.0,47.6,886,724,17,646,45,1954,0.92,22.2,numbeo
2015,Mińsk Mazowiecki,Mazowieckie,town,40000,3356,2567,1843,3899,1750,0.861,-0.9,48.0,894,664,17,629,48,1878,0.98,19.8,numbeo
2016,Mińsk Mazowiecki,Mazowieckie,town,40000,3439,2631,1889,4047,1850,0.85,-0.2,47.5,859,688,17,649,48,1922,0.98,20.0,numbeo
2017,Mińsk Mazowiecki,Mazowieckie,town,40000,3614,2765,1985,4271,2000,0.846,2.0,48.5,883,729,18,682,47,2019,0.98,20.2,numbeo
2018,Mińsk Mazowiecki,Mazowieckie,town,40000,4002,3062,2199,4585,2100,0.873,1.6,48.0,956,717,17,672,47,1980,1.11,17.9,numbeo
2019,Mińsk Mazowiecki,Mazowieckie,town,40000,4016,3072,2206,4918,2250,0.817,2.3,48.0,894,726,19,688,49,2052,1.08,18.1,numbeo
2020,Mińsk Mazowiecki,Mazowieckie,town,40000,4247,3249,2333,5167,2600,0.822,3.4,49.1,966,728,19,725,51,2100,1.11,17.1,numbeo
2021,Mińsk Mazowiecki,Mazowieckie,town,40000,4867,3723,2673,5663,2800,0.859,5.1,48.3,997,834,19,722,53,2216,1.21,17.1,numbeo
2022,Mińsk Mazowiecki,Mazowieckie,town,40000,5172,3957,2841,6346,3010,0.815,14.4,48.8,1215,922,23,865,62,2569,1.11,17.8,numbeo
2023,Mińsk Mazowiecki,Mazowieckie,town,40000,5842,4469,3209,7155,3490,0.816,11.5,49.1,1240,997,26,935,68,2810,1.14,17.1,numbeo
2024,Mińsk Mazowiecki,Mazowieckie,town,40000,7451,5700,4093,8604,4242,0.866,3.6,49.5,1362,1055,26,950,69,2894,1.41,14.2,numbeo
2010,Wyszkow,Mazowieckie,town,28000,3825,2926,2101,3224,1317,1.186,2.6,47.5,853,664,16,591,44,1802,1.17,17.4,gus_modeled
2011,Wyszkow,Mazowieckie,town,28000,3898,2982,2141,3399,1386,1.147,4.3,47.0,828,650,17,636,43,1859,1.15,16.7,gus_modeled
2012,Wyszkow,Mazowieckie,town,28000,4156,3179,2283,3521,1500,1.18,3.7,48.2,893,664,17,635,46,1882,1.21,16.0,gus_modeled
2013,Wyszkow,Mazowieckie,town,28000,4068,3112,2234,3650,1600,1.115,0.9,46.9,885,682,18,628,45,1914,1.17,16.8,gus_modeled
2014,Wyszkow,Mazowieckie,town,28000,4404,3369,2419,3783,1680,1.164,0.0,48.2,937,710,17,639,47,1935,1.25,16.1,gus_modeled
2015,Wyszkow,Mazowieckie,town,28000,4482,3429,2462,3899,1750,1.15,-0.9,47.3,894,685,17,621,46,1889,1.3,15.3,gus_modeled
2016,Wyszkow,Mazowieckie,town,28000,4775,3653,2623,4047,1850,1.18,-0.2,48.3,877,668,16,640,46,1871,1.4,14.0,gus_modeled
2017,Wyszkow,Mazowieckie,town,28000,4911,3757,2698,4271,2000,1.15,2.0,47.7,891,727,17,642,48,1958,1.38,14.8,gus_modeled
2018,Wyszkow,Mazowieckie,town,28000,5138,3931,2822,4585,2100,1.121,1.6,48.4,929,745,18,663,48,2020,1.4,14.5,gus_modeled
2019,Wyszkow,Mazowieckie,town,28000,5611,4292,3082,4918,2250,1.141,2.3,48.4,959,698,18,657,48,1972,1.56,12.4,gus_modeled
2020,Wyszkow,Mazowieckie,town,28000,5797,4435,3184,5167,2600,1.122,3.4,49.3,943,749,19,680,51,2076,1.53,12.9,gus_modeled
2021,Wyszkow,Mazowieckie,town,28000,6279,4803,3449,5663,2800,1.109,5.1,48.4,1069,828,20,726,53,2234,1.54,13.2,gus_modeled
2022,Wyszkow,Mazowieckie,town,28000,7181,5493,3944,6346,3010,1.132,14.4,49.7,1138,877,23,874,62,2533,1.56,12.2,gus_modeled
2023,Wyszkow,Mazowieckie,town,28000,8184,6261,4495,7155,3490,1.144,11.5,49.4,1340,1052,26,915,66,2843,1.58,12.9,gus_modeled
2024,Wyszkow,Mazowieckie,town,28000,9530,7290,5234,8604,4242,1.108,3.6,49.9,1285,1084,27,960,69,2953,1.77,11.4,gus_modeled
2010,Ciechanów,Mazowieckie,city_small,45000,4132,3161,2270,3224,1317,1.282,2.6,54.5,1003,788,18,650,55,2036,1.11,19.1,gus_modeled
2011,Ciechanów,Mazowieckie,city_small,45000,4235,3240,2326,3399,1386,1.246,4.3,55.4,1116,801,19,664,55,2090,1.11,18.9,gus_modeled
2012,Ciechanów,Mazowieckie,city_small,45000,4295,3286,2359,3521,1500,1.22,3.7,54.7,1146,851,19,701,61,2190,1.08,19.8,gus_modeled
2013,Ciechanów,Mazowieckie,city_small,45000,4528,3464,2487,3650,1600,1.241,0.9,55.0,1104,866,19,673,61,2179,1.14,19.1,gus_modeled
2014,Ciechanów,Mazowieckie,city_small,45000,4585,3508,2519,3783,1680,1.212,0.0,55.7,1142,886,20,721,58,2264,1.11,19.3,gus_modeled
2015,Ciechanów,Mazowieckie,city_small,45000,4693,3590,2578,3899,1750,1.204,-0.9,55.6,1090,816,20,713,59,2185,1.18,17.4,gus_modeled
2016,Ciechanów,Mazowieckie,city_small,45000,4982,3811,2736,4047,1850,1.231,-0.2,56.3,1157,827,20,699,58,2181,1.25,16.6,gus_modeled
2017,Ciechanów,Mazowieckie,city_small,45000,5117,3915,2811,4271,2000,1.198,2.0,56.5,1106,866,20,716,61,2244,1.25,16.9,gus_modeled
2018,Ciechanów,Mazowieckie,city_small,45000,5741,4392,3153,4585,2100,1.252,1.6,56.9,1175,842,21,708,61,2235,1.41,14.7,gus_modeled
2019,Ciechanów,Mazowieckie,city_small,45000,5963,4562,3276,4918,2250,1.212,2.3,56.9,1169,864,21,714,62,2269,1.44,14.5,gus_modeled
2020,Ciechanów,Mazowieckie,city_small,45000,6124,4685,3364,5167,2600,1.185,3.4,57.1,1273,947,21,734,63,2380,1.41,15.5,gus_modeled
2021,Ciechanów,Mazowieckie,city_small,45000,6996,5352,3843,5663,2800,1.235,5.1,56.1,1278,1023,24,816,68,2614,1.47,14.6,gus_modeled
2022,Ciechanów,Mazowieckie,city_small,45000,7669,5867,4213,6346,3010,1.208,14.4,56.9,1504,1086,27,927,77,2890,1.46,14.2,gus_modeled
2023,Ciechanów,Mazowieckie,city_small,45000,8939,6838,4910,7155,3490,1.249,11.5,56.8,1577,1231,29,978,89,3168,1.55,13.8,gus_modeled
2024,Ciechanów,Mazowieckie,city_small,45000,10751,8225,5906,8604,4242,1.25,3.6,58.2,1661,1316,30,1046,91,3353,1.76,12.2,gus_modeled
2010,Ostrołęka,Mazowieckie,city_small,52000,4120,3152,2263,3224,1317,1.278,2.6,54.1,1039,821,19,662,53,2099,1.08,19.9,gus_modeled
2011,Ostrołęka,Mazowieckie,city_small,52000,4207,3218,2311,3399,1386,1.238,4.3,54.2,1052,824,19,671,59,2124,1.09,19.6,gus_modeled
2012,Ostrołęka,Mazowieckie,city_small,52000,4440,3397,2439,3521,1500,1.261,3.7,55.0,1069,888,19,694,58,2217,1.1,20.0,gus_modeled
2013,Ostrołęka,Mazowieckie,city_small,52000,4614,3530,2535,3650,1600,1.264,0.9,54.7,1150,888,20,684,61,2232,1.14,19.2,gus_modeled
2014,Ostrołęka,Mazowieckie,city_small,52000,4849,3709,2663,3783,1680,1.282,0.0,54.6,1163,888,21,699,58,2264,1.18,18.3,gus_modeled
2015,Ostrołęka,Mazowieckie,city_small,52000,4789,3664,2631,3899,1750,1.228,-0.9,55.9,1138,821,19,670,61,2129,1.24,17.1,gus_modeled
2016,Ostrołęka,Mazowieckie,city_small,52000,4843,3705,2660,4047,1850,1.197,-0.2,55.1,1071,815,19,706,61,2159,1.23,16.8,gus_modeled
2017,Ostrołęka,Mazowieckie,city_small,52000,5391,4124,2961,4271,2000,1.262,2.0,55.5,1122,841,21,692,59,2213,1.34,15.6,gus_modeled
2018,Ostrołęka,Mazowieckie,city_small,52000,5522,4224,3033,4585,2100,1.204,1.6,56.5,1173,926,21,713,62,2325,1.3,16.8,gus_modeled
2019,Ostrołęka,Mazowieckie,city_small,52000,5847,4473,3212,4918,2250,1.189,2.3,56.9,1139,934,21,754,64,2381,1.35,16.0,gus_modeled
2020,Ostrołęka,Mazowieckie,city_small,52000,6271,4797,3444,5167,2600,1.214,3.4,56.5,1250,907,21,784,63,2390,1.44,14.5,gus_modeled
2021,Ostrołęka,Mazowieckie,city_small,52000,7090,5424,3894,5663,2800,1.252,5.1,56.3,1289,1000,22,782,69,2518,1.55,14.1,gus_modeled
2022,Ostrołęka,Mazowieckie,city_small,52000,7841,5998,4307,6346,3010,1.236,14.4,56.2,1431,1142,26,922,76,2920,1.48,14.6,gus_modeled
2023,Ostrołęka,Mazowieckie,city_small,52000,8984,6873,4935,7155,3490,1.256,11.5,57.4,1575,1217,30,1012,87,3206,1.54,13.5,gus_modeled
2024,Ostrołęka,Mazowieckie,city_small,52000,10340,7910,5679,8604,4242,1.202,3.6,57.4,1659,1364,30,1065,88,3417,1.66,13.2,gus_modeled
2010,Sierpc,Mazowieckie,town,18000,3670,2808,2016,3224,1317,1.138,2.6,47.7,801,646,16,596,42,1787,1.13,17.6,gus_modeled
2011,Sierpc,Mazowieckie,town,18000,4069,3113,2235,3399,1386,1.197,4.3,46.5,825,648,17,631,44,1853,1.21,15.9,gus_modeled
2012,Sierpc,Mazowieckie,town,18000,4002,3062,2199,3521,1500,1.137,3.7,48.1,923,723,18,664,47,1991,1.1,18.1,gus_modeled
2013,Sierpc,Mazowieckie,town,18000,4345,3324,2387,3650,1600,1.19,0.9,47.2,865,720,18,653,47,1979,1.21,16.6,gus_modeled
2014,Sierpc,Mazowieckie,town,18000,4394,3361,2413,3783,1680,1.162,0.0,48.2,892,671,17,648,45,1903,1.27,15.3,gus_modeled
2015,Sierpc,Mazowieckie,town,18000,4342,3322,2385,3899,1750,1.114,-0.9,48.2,928,685,18,648,46,1936,1.23,15.8,gus_modeled
2016,Sierpc,Mazowieckie,town,18000,4664,3568,2562,4047,1850,1.152,-0.2,49.0,853,694,17,648,47,1926,1.33,14.9,gus_modeled
2017,Sierpc,Mazowieckie,town,18000,4827,3693,2652,4271,2000,1.13,2.0,48.0,891,670,18,641,46,1918,1.38,13.9,gus_modeled
2018,Sierpc,Mazowieckie,town,18000,5141,3933,2824,4585,2100,1.121,1.6,48.7,954,742,17,657,49,1992,1.42,14.4,gus_modeled
2019,Sierpc,Mazowieckie,town,18000,5753,4401,3160,4918,2250,1.17,2.3,48.2,905,725,19,677,48,2039,1.55,12.6,gus_modeled
2020,Sierpc,Mazowieckie,town,18000,5667,4335,3113,5167,2600,1.097,3.4,48.6,929,742,18,687,50,2055,1.51,13.1,gus_modeled
2021,Sierpc,Mazowieckie,town,18000,6363,4868,3495,5663,2800,1.124,5.1,49.7,1021,769,19,735,54,2165,1.61,12.1,gus_modeled
2022,Sierpc,Mazowieckie,town,18000,7020,5370,3856,6346,3010,1.106,14.4,50.0,1168,877,23,832,63,2492,1.55,12.5,gus_modeled
2023,Sierpc,Mazowieckie,town,18000,7954,6085,4369,7155,3490,1.112,11.5,50.0,1307,1046,26,941,70,2867,1.52,13.2,gus_modeled
2024,Sierpc,Mazowieckie,town,18000,9488,7258,5211,8604,4242,1.103,3.6,49.1,1384,1057,25,981,69,2907,1.79,11.1,gus_modeled
2010,Mlawa,Mazowieckie,town,30000,2438,1865,1339,3224,1317,0.756,2.6,47.9,860,653,15,584,43,1763,0.76,26.8,numbeo
2011,Mlawa,Mazowieckie,town,30000,2607,1994,1432,3399,1386,0.767,4.3,47.3,841,696,16,617,43,1866,0.77,26.7,numbeo
2012,Mlawa,Mazowieckie,town,30000,2767,2117,1520,3521,1500,0.786,3.7,47.8,858,711,18,643,47,1958,0.78,25.7,numbeo
2013,Mlawa,Mazowieckie,town,30000,2791,2135,1533,3650,1600,0.765,0.9,48.1,934,665,17,630,45,1879,0.82,23.8,numbeo
2014,Mlawa,Mazowieckie,town,30000,2799,2141,1537,3783,1680,0.74,0.0,48.0,863,728,17,657,45,1969,0.78,26.0,numbeo
2015,Mlawa,Mazowieckie,town,30000,2970,2272,1631,3899,1750,0.762,-0.9,47.8,930,702,17,627,45,1911,0.85,23.6,numbeo
2016,Mlawa,Mazowieckie,town,30000,3127,2392,1717,4047,1850,0.773,-0.2,48.3,910,661,17,650,47,1895,0.91,21.1,numbeo
2017,Mlawa,Mazowieckie,town,30000,3267,2499,1794,4271,2000,0.765,2.0,48.0,886,705,18,659,46,1971,0.91,21.6,numbeo
2018,Mlawa,Mazowieckie,town,30000,3563,2726,1957,4585,2100,0.777,1.6,47.8,937,733,17,654,49,1980,0.99,20.6,numbeo
2019,Mlawa,Mazowieckie,town,30000,3786,2896,2079,4918,2250,0.77,2.3,49.3,936,709,19,679,51,2028,1.03,18.7,numbeo
2020,Mlawa,Mazowieckie,town,30000,3759,2876,2065,5167,2600,0.728,3.4,48.3,967,781,19,693,50,2120,0.97,20.8,numbeo
2021,Mlawa,Mazowieckie,town,30000,4183,3200,2298,5663,2800,0.739,5.1,49.8,1010,775,20,738,54,2194,1.05,18.5,numbeo
2022,Mlawa,Mazowieckie,town,30000,4596,3516,2524,6346,3010,0.724,14.4,49.9,1143,900,23,821,60,2501,1.01,19.6,numbeo
2023,Mlawa,Mazowieckie,town,30000,5364,4103,2946,7155,3490,0.75,11.5,49.5,1255,1035,25,961,65,2851,1.03,19.3,numbeo
2024,Mlawa,Mazowieckie,town,30000,6612,5058,3632,8604,4242,0.768,3.6,49.9,1354,1057,26,969,70,2916,1.25,16.0,numbeo
2010,Sochaczew,Mazowieckie,town,37000,3811,2915,2093,3224,1317,1.182,2.6,46.6,781,660,16,576,43,1782,1.17,17.3,gus_modeled
2011,Sochaczew,Mazowieckie,town,37000,3906,2988,2145,3399,1386,1.149,4.3,47.1,875,669,16,647,45,1871,1.15,17.1,gus_modeled
2012,Sochaczew,Mazowieckie,town,37000,3987,3050,2190,3521,1500,1.132,3.7,47.8,848,684,17,623,47,1891,1.16,17.2,gus_modeled
2013,Sochaczew,Mazowieckie,town,37000,4311,3298,2368,3650,1600,1.181,0.9,47.2,919,691,17,629,46,1905,1.24,16.0,gus_modeled
2014,Sochaczew,Mazowieckie,town,37000,4418,3380,2427,3783,1680,1.168,0.0,47.2,873,713,18,661,47,1980,1.23,16.1,gus_modeled
2015,Sochaczew,Mazowieckie,town,37000,4444,3400,2441,3899,1750,1.14,-0.9,48.5,876,681,17,646,46,1910,1.28,15.3,gus_modeled
2016,Sochaczew,Mazowieckie,town,37000,4595,3515,2524,4047,1850,1.135,-0.2,48.6,920,676,17,669,45,1927,1.31,14.7,gus_modeled
2017,Sochaczew,Mazowieckie,town,37000,4928,3770,2707,4271,2000,1.154,2.0,47.8,899,738,18,670,48,2017,1.34,15.0,gus_modeled
2018,Sochaczew,Mazowieckie,town,37000,5314,4065,2919,4585,2100,1.159,1.6,48.8,954,736,17,658,47,1985,1.47,13.9,gus_modeled
2019,Sochaczew,Mazowieckie,town,37000,5505,4211,3023,4918,2250,1.119,2.3,48.0,904,728,19,679,47,2043,1.48,13.2,gus_modeled
2020,Sochaczew,Mazowieckie,town,37000,6020,4605,3306,5167,2600,1.165,3.4,49.0,978,751,18,681,50,2058,1.61,12.5,gus_modeled
2021,Sochaczew,Mazowieckie,town,37000,6614,5060,3633,5663,2800,1.168,5.1,48.3,1011,758,20,722,52,2159,1.68,11.5,gus_modeled
2022,Sochaczew,Mazowieckie,town,37000,6976,5337,3832,6346,3010,1.099,14.4,48.5,1153,922,22,880,63,2565,1.49,13.2,gus_modeled
2023,Sochaczew,Mazowieckie,town,37000,8304,6353,4561,7155,3490,1.161,11.5,49.3,1279,1031,24,968,70,2839,1.61,12.4,gus_modeled
2024,Sochaczew,Mazowieckie,town,37000,9473,7247,5203,8604,4242,1.101,3.6,49.6,1377,1067,25,944,69,2880,1.81,11.3,gus_modeled
2010,Gostynin,Mazowieckie,small_town,20000,3410,2609,1873,3224,1317,1.058,2.6,42.3,674,542,14,555,34,1594,1.18,15.9,gus_modeled
2011,Gostynin,Mazowieckie,small_town,20000,3706,2835,2036,3399,1386,1.09,4.3,41.8,678,519,15,572,35,1616,1.26,14.0,gus_modeled
2012,Gostynin,Mazowieckie,small_town,20000,3840,2938,2109,3521,1500,1.091,3.7,41.8,736,581,14,618,37,1713,1.23,15.1,gus_modeled
2013,Gostynin,Mazowieckie,small_town,20000,3863,2955,2122,3650,1600,1.058,0.9,42.0,750,591,16,600,36,1746,1.22,15.3,gus_modeled
2014,Gostynin,Mazowieckie,small_town,20000,3923,3001,2155,3783,1680,1.037,0.0,42.4,732,580,16,594,36,1729,1.25,14.8,gus_modeled
2015,Gostynin,Mazowieckie,small_town,20000,4157,3180,2283,3899,1750,1.066,-0.9,42.1,730,542,16,584,38,1681,1.36,13.0,gus_modeled
2016,Gostynin,Mazowieckie,small_town,20000,4371,3344,2401,4047,1850,1.08,-0.2,42.9,742,554,15,613,37,1701,1.41,12.7,gus_modeled
2017,Gostynin,Mazowieckie,small_town,20000,4674,3576,2568,4271,2000,1.094,2.0,42.6,736,552,16,613,37,1723,1.49,11.8,gus_modeled
2018,Gostynin,Mazowieckie,small_town,20000,4779,3656,2625,4585,2100,1.042,1.6,43.1,746,557,15,619,38,1718,1.53,11.7,gus_modeled
2019,Gostynin,Mazowieckie,small_town,20000,5400,4131,2966,4918,2250,1.098,2.3,42.9,769,562,15,665,38,1774,1.67,10.4,gus_modeled
2020,Gostynin,Mazowieckie,small_town,20000,5490,4200,3016,5167,2600,1.063,3.4,43.9,803,592,17,663,41,1852,1.63,10.8,gus_modeled
2021,Gostynin,Mazowieckie,small_town,20000,6163,4715,3385,5663,2800,1.088,5.1,43.4,863,657,17,673,41,1938,1.75,10.7,gus_modeled
2022,Gostynin,Mazowieckie,small_town,20000,6850,5240,3762,6346,3010,1.079,14.4,42.8,989,722,20,811,47,2240,1.68,10.5,gus_modeled
2023,Gostynin,Mazowieckie,small_town,20000,7672,5869,4214,7155,3490,1.072,11.5,43.7,1056,849,23,912,52,2563,1.64,11.1,gus_modeled
2024,Gostynin,Mazowieckie,small_town,20000,8757,6699,4810,8604,4242,1.018,3.6,43.6,1121,852,22,948,56,2596,1.85,9.7,gus_modeled
2010,Ostrów Mazowiecka,Mazowieckie,town,23000,3858,2951,2119,3224,1317,1.197,2.6,47.3,786,609,16,591,44,1747,1.21,15.8,gus_modeled
2011,Ostrów Mazowiecka,Mazowieckie,town,23000,3819,2922,2098,3399,1386,1.124,4.3,47.5,851,696,17,613,46,1885,1.11,18.2,gus_modeled
2012,Ostrów Mazowiecka,Mazowieckie,town,23000,4116,3149,2261,3521,1500,1.169,3.7,48.2,932,717,16,640,47,1921,1.18,17.4,gus_modeled
2013,Ostrów Mazowiecka,Mazowieckie,town,23000,4135,3163,2271,3650,1600,1.133,0.9,47.0,933,731,17,626,48,1944,1.17,17.7,gus_modeled
2014,Ostrów Mazowiecka,Mazowieckie,town,23000,4356,3332,2392,3783,1680,1.151,0.0,48.3,929,724,17,673,48,1984,1.21,16.6,gus_modeled
2015,Ostrów Mazowiecka,Mazowieckie,town,23000,4497,3440,2470,3899,1750,1.153,-0.9,47.5,918,712,18,654,46,1969,1.25,15.8,gus_modeled
2016,Ostrów Mazowiecka,Mazowieckie,town,23000,4581,3504,2516,4047,1850,1.132,-0.2,48.3,881,717,17,645,47,1946,1.29,15.7,gus_modeled
2017,Ostrów Mazowiecka,Mazowieckie,town,23000,5035,3852,2766,4271,2000,1.179,2.0,48.3,869,738,17,633,47,1959,1.41,14.7,gus_modeled
2018,Ostrów Mazowiecka,Mazowieckie,town,23000,5310,4062,2917,4585,2100,1.158,1.6,48.9,910,682,18,647,47,1940,1.5,12.8,gus_modeled
2019,Ostrów Mazowiecka,Mazowieckie,town,23000,5750,4399,3158,4918,2250,1.169,2.3,49.3,976,720,19,676,49,2034,1.55,12.5,gus_modeled
2020,Ostrów Mazowiecka,Mazowieckie,town,23000,5926,4533,3255,5167,2600,1.147,3.4,48.6,947,779,19,695,50,2120,1.54,13.1,gus_modeled
2021,Ostrów Mazowiecka,Mazowieckie,town,23000,6641,5080,3647,5663,2800,1.173,5.1,49.0,1055,785,19,722,55,2169,1.68,11.8,gus_modeled
2022,Ostrów Mazowiecka,Mazowieckie,town,23000,7317,5598,4019,6346,3010,1.153,14.4,49.1,1179,867,22,842,60,2469,1.63,11.8,gus_modeled
2023,Ostrów Mazowiecka,Mazowieckie,town,23000,8294,6345,4556,7155,3490,1.159,11.5,49.8,1314,991,26,917,66,2784,1.64,11.9,gus_modeled
2024,Ostrów Mazowiecka,Mazowieckie,town,23000,9521,7284,5230,8604,4242,1.107,3.6,50.1,1362,1040,27,975,70,2925,1.79,10.9,gus_modeled
2010,Przasnysz,Mazowieckie,small_town,15000,3459,2646,1900,3224,1317,1.073,2.6,41.6,669,504,14,578,32,1577,1.2,14.6,gus_modeled
2011,Przasnysz,Mazowieckie,small_town,15000,3797,2905,2086,3399,1386,1.117,4.3,42.3,731,535,14,584,36,1625,1.28,14.1,gus_modeled
2012,Przasnysz,Mazowieckie,small_town,15000,3715,2842,2041,3521,1500,1.055,3.7,42.4,743,563,15,628,36,1724,1.18,15.2,gus_modeled
2013,Przasnysz,Mazowieckie,small_town,15000,4026,3080,2211,3650,1600,1.103,0.9,42.7,743,568,16,596,37,1720,1.29,14.1,gus_modeled
2014,Przasnysz,Mazowieckie,small_town,15000,4042,3092,2220,3783,1680,1.068,0.0,42.7,709,550,15,591,38,1678,1.32,13.6,gus_modeled
2015,Przasnysz,Mazowieckie,small_town,15000,4050,3098,2224,3899,1750,1.039,-0.9,42.7,733,555,16,627,36,1735,1.28,13.7,gus_modeled
2016,Przasnysz,Mazowieckie,small_town,15000,4287,3280,2355,4047,1850,1.059,-0.2,42.2,706,576,16,615,36,1744,1.35,13.4,gus_modeled
2017,Przasnysz,Mazowieckie,small_town,15000,4624,3537,2540,4271,2000,1.083,2.0,42.8,714,557,16,612,38,1728,1.47,12.0,gus_modeled
2018,Przasnysz,Mazowieckie,small_town,15000,4917,3762,2701,4585,2100,1.072,1.6,43.5,754,581,16,638,37,1780,1.52,11.8,gus_modeled
2019,Przasnysz,Mazowieckie,small_town,15000,5383,4118,2957,4918,2250,1.095,2.3,43.2,768,576,16,649,37,1791,1.65,10.7,gus_modeled
2020,Przasnysz,Mazowieckie,small_town,15000,5459,4176,2998,5167,2600,1.057,3.4,43.1,831,604,17,656,39,1855,1.62,11.1,gus_modeled
2021,Przasnysz,Mazowieckie,small_town,15000,6019,4605,3306,5663,2800,1.063,5.1,42.9,818,654,18,703,41,1985,1.67,10.9,gus_modeled
2022,Przasnysz,Mazowieckie,small_town,15000,6537,5001,3591,6346,3010,1.03,14.4,42.9,915,769,20,790,46,2265,1.59,11.8,gus_modeled
2023,Przasnysz,Mazowieckie,small_town,15000,7716,5903,4238,7155,3490,1.078,11.5,43.0,1074,790,23,921,54,2515,1.69,10.2,gus_modeled
2024,Przasnysz,Mazowieckie,small_town,15000,8801,6733,4834,8604,4242,1.023,3.6,43.4,1149,831,22,931,54,2556,1.89,9.4,gus_modeled
2010,Katowice,Śląskie,metropolis,290000,3386,2590,1860,3224,1317,1.05,2.6,76.3,2415,1695,29,838,90,3386,0.55,50.1,numbeo
2011,Katowice,Śląskie,metropolis,290000,3461,2648,1901,3399,1386,1.018,4.3,77.0,2509,1738,30,863,94,3485,0.55,50.2,numbeo
2012,Katowice,Śląskie,metropolis,290000,3586,2743,1969,3521,1500,1.018,3.7,75.8,2582,1893,30,943,101,3734,0.53,52.8,numbeo
2013,Katowice,Śląskie,metropolis,290000,3721,2847,2044,3650,1600,1.019,0.9,77.6,2607,1821,29,899,103,3602,0.57,48.9,numbeo
2014,Katowice,Śląskie,metropolis,290000,3732,2855,2050,3783,1680,0.987,0.0,76.6,2554,1886,30,918,97,3700,0.55,50.5,numbeo
2015,Katowice,Śląskie,metropolis,290000,3854,2948,2117,3899,1750,0.988,-0.9,77.6,2523,1829,28,923,99,3608,0.59,47.5,numbeo
2016,Katowice,Śląskie,metropolis,290000,4115,3148,2260,4047,1850,1.017,-0.2,78.3,2516,1816,30,935,98,3646,0.62,44.1,numbeo
2017,Katowice,Śląskie,metropolis,290000,4409,3373,2422,4271,2000,1.032,2.0,78.4,2616,1794,31,928,101,3644,0.66,40.7,numbeo
2018,Katowice,Śląskie,metropolis,290000,4474,3423,2458,4585,2100,0.976,1.6,78.2,2590,1923,30,917,98,3742,0.66,43.0,numbeo
2019,Katowice,Śląskie,metropolis,290000,5031,3849,2764,4918,2250,1.023,2.3,79.1,2729,1938,31,1003,104,3874,0.71,38.5,numbeo
2020,Katowice,Śląskie,metropolis,290000,5253,4019,2886,5167,2600,1.017,3.4,79.1,2846,2095,33,1010,107,4088,0.71,39.9,numbeo
2021,Katowice,Śląskie,metropolis,290000,5650,4322,3103,5663,2800,0.998,5.1,78.6,2971,2037,34,1020,117,4081,0.76,36.1,numbeo
2022,Katowice,Śląskie,metropolis,290000,6339,4849,3482,6346,3010,0.999,14.4,79.1,3358,2393,37,1186,127,4706,0.74,37.8,numbeo
2023,Katowice,Śląskie,metropolis,290000,6927,5299,3805,7155,3490,0.968,11.5,80.5,3778,2809,45,1345,144,5488,0.69,40.6,numbeo
2024,Katowice,Śląskie,metropolis,290000,8428,6447,4629,8604,4242,0.98,3.6,80.5,3766,2733,45,1434,147,5514,0.84,32.4,numbeo
2010,Gliwice,Śląskie,city_large,180000,3196,2445,1756,3224,1317,0.991,2.6,69.2,1586,1190,22,770,73,2656,0.66,37.2,numbeo
2011,Gliwice,Śląskie,city_large,180000,3222,2465,1770,3399,1386,0.948,4.3,69.2,1602,1225,25,776,77,2768,0.64,38.0,numbeo
2012,Gliwice,Śląskie,city_large,180000,3348,2561,1839,3521,1500,0.951,3.7,69.1,1696,1193,24,805,78,2753,0.67,35.6,numbeo
2013,Gliwice,Śląskie,city_large,180000,3550,2716,1950,3650,1600,0.973,0.9,70.0,1781,1312,26,851,80,2962,0.66,37.0,numbeo
2014,Gliwice,Śląskie,city_large,180000,3584,2742,1969,3783,1680,0.947,0.0,70.9,1649,1293,26,799,77,2888,0.68,36.1,numbeo
2015,Gliwice,Śląskie,city_large,180000,3841,2938,2109,3899,1750,0.985,-0.9,70.8,1760,1229,26,793,78,2817,0.75,32.0,numbeo
2016,Gliwice,Śląskie,city_large,180000,3775,2888,2074,4047,1850,0.933,-0.2,71.6,1719,1291,24,808,77,2853,0.73,34.2,numbeo
2017,Gliwice,Śląskie,city_large,180000,3946,3019,2168,4271,2000,0.924,2.0,70.6,1719,1242,25,822,78,2843,0.76,31.5,numbeo
2018,Gliwice,Śląskie,city_large,180000,4404,3369,2419,4585,2100,0.961,1.6,71.5,1857,1244,27,818,83,2889,0.84,28.2,numbeo
2019,Gliwice,Śląskie,city_large,180000,4626,3539,2541,4918,2250,0.941,2.3,71.2,1743,1267,27,880,81,2977,0.85,27.4,numbeo
2020,Gliwice,Śląskie,city_large,180000,4915,3760,2700,5167,2600,0.951,3.4,71.6,1935,1335,28,902,87,3100,0.87,27.2,numbeo
2021,Gliwice,Śląskie,city_large,180000,5377,4113,2953,5663,2800,0.949,5.1,72.7,1871,1412,27,911,91,3181,0.93,26.3,numbeo
2022,Gliwice,Śląskie,city_large,180000,6048,4627,3322,6346,3010,0.953,14.4,72.2,2313,1692,32,1093,104,3789,0.88,28.0,numbeo
2023,Gliwice,Śląskie,city_large,180000,6761,5172,3713,7155,3490,0.945,11.5,72.4,2510,1754,36,1217,113,4094,0.91,25.9,numbeo
2024,Gliwice,Śląskie,city_large,180000,7907,6049,4343,8604,4242,0.919,3.6,73.3,2648,1909,37,1256,117,4322,1.0,24.1,numbeo
2010,Zabrze,Śląskie,city_large,170000,2775,2123,1524,3224,1317,0.861,2.6,62.1,1571,1147,23,771,72,2633,0.58,41.3,numbeo
2011,Zabrze,Śląskie,city_large,170000,2884,2206,1584,3399,1386,0.848,4.3,63.3,1687,1261,25,788,76,2815,0.56,43.7,numbeo
2012,Zabrze,Śląskie,city_large,170000,3167,2423,1740,3521,1500,0.899,3.7,62.7,1650,1250,25,807,77,2831,0.61,39.5,numbeo
2013,Zabrze,Śląskie,city_large,170000,3135,2398,1722,3650,1600,0.859,0.9,64.0,1787,1208,25,839,81,2827,0.61,38.5,numbeo
2014,Zabrze,Śląskie,city_large,170000,3313,2534,1819,3783,1680,0.876,0.0,63.0,1737,1228,25,861,81,2869,0.63,37.1,numbeo
2015,Zabrze,Śląskie,city_large,170000,3316,2537,1822,3899,1750,0.85,-0.9,63.2,1688,1227,26,808,81,2833,0.64,37.0,numbeo
2016,Zabrze,Śląskie,city_large,170000,3548,2714,1949,4047,1850,0.877,-0.2,64.9,1669,1233,25,827,78,2835,0.69,34.8,numbeo
2017,Zabrze,Śląskie,city_large,170000,3838,2936,2108,4271,2000,0.899,2.0,63.7,1825,1233,26,807,81,2842,0.74,32.1,numbeo
2018,Zabrze,Śląskie,city_large,170000,3981,3045,2186,4585,2100,0.868,1.6,65.0,1839,1261,27,841,80,2926,0.75,31.7,numbeo
2019,Zabrze,Śląskie,city_large,170000,4344,3323,2386,4918,2250,0.883,2.3,64.4,1832,1306,27,852,82,2989,0.8,30.1,numbeo
2020,Zabrze,Śląskie,city_large,170000,4409,3373,2422,5167,2600,0.853,3.4,65.6,1947,1347,29,899,84,3126,0.77,30.6,numbeo
2021,Zabrze,Śląskie,city_large,170000,4827,3693,2652,5663,2800,0.852,5.1,65.2,1998,1408,28,943,90,3228,0.82,29.2,numbeo
2022,Zabrze,Śląskie,city_large,170000,5463,4179,3001,6346,3010,0.861,14.4,65.3,2238,1632,32,1080,105,3717,0.81,29.9,numbeo
2023,Zabrze,Śląskie,city_large,170000,6030,4613,3312,7155,3490,0.843,11.5,65.7,2593,1837,36,1163,115,4125,0.8,30.5,numbeo
2024,Zabrze,Śląskie,city_large,170000,7461,5708,4098,8604,4242,0.867,3.6,65.8,2723,1977,37,1268,117,4402,0.93,26.5,numbeo
2010,Sosnowiec,Śląskie,city_large,200000,2621,2005,1440,3224,1317,0.813,2.6,60.6,1579,1178,22,778,73,2652,0.54,44.9,numbeo
2011,Sosnowiec,Śląskie,city_large,200000,2891,2212,1588,3399,1386,0.851,4.3,60.1,1642,1180,25,823,77,2770,0.57,40.8,numbeo
2012,Sosnowiec,Śląskie,city_large,200000,3041,2326,1670,3521,1500,0.864,3.7,60.5,1646,1276,25,815,77,2865,0.58,42.0,numbeo
2013,Sosnowiec,Śląskie,city_large,200000,3064,2344,1683,3650,1600,0.839,0.9,60.4,1710,1256,26,822,77,2874,0.59,41.0,numbeo
2014,Sosnowiec,Śląskie,city_large,200000,3055,2337,1678,3783,1680,0.808,0.0,60.5,1671,1299,26,825,82,2925,0.57,42.5,numbeo
2015,Sosnowiec,Śląskie,city_large,200000,3272,2503,1797,3899,1750,0.839,-0.9,61.7,1708,1296,26,798,79,2890,0.62,39.6,numbeo
2016,Sosnowiec,Śląskie,city_large,200000,3304,2528,1815,4047,1850,0.816,-0.2,61.7,1732,1222,25,852,77,2848,0.64,37.0,numbeo
2017,Sosnowiec,Śląskie,city_large,200000,3665,2804,2013,4271,2000,0.858,2.0,61.9,1686,1314,25,849,77,2941,0.68,35.9,numbeo
2018,Sosnowiec,Śląskie,city_large,200000,3844,2941,2112,4585,2100,0.838,1.6,61.7,1740,1331,26,837,80,2972,0.71,34.6,numbeo
2019,Sosnowiec,Śląskie,city_large,200000,4092,3130,2247,4918,2250,0.832,2.3,61.2,1748,1308,28,902,81,3060,0.73,32.0,numbeo
2020,Sosnowiec,Śląskie,city_large,200000,4357,3333,2393,5167,2600,0.843,3.4,62.4,1894,1431,29,903,88,3218,0.74,32.8,numbeo
2021,Sosnowiec,Śląskie,city_large,200000,4807,3677,2640,5663,2800,0.849,5.1,61.8,1964,1496,27,935,90,3288,0.8,31.1,numbeo
2022,Sosnowiec,Śląskie,city_large,200000,5130,3924,2817,6346,3010,0.808,14.4,62.4,2224,1600,34,1117,101,3758,0.75,31.2,numbeo
2023,Sosnowiec,Śląskie,city_large,200000,5982,4576,3286,7155,3490,0.836,11.5,63.2,2467,1835,36,1237,118,4200,0.78,30.7,numbeo
2024,Sosnowiec,Śląskie,city_large,200000,7302,5586,4011,8604,4242,0.849,3.6,63.0,2591,1864,37,1288,119,4311,0.93,25.5,numbeo
2010,Bytom,Śląskie,city_large,160000,2668,2041,1465,3224,1317,0.828,2.6,57.6,1649,1164,24,790,73,2690,0.54,43.6,numbeo
2011,Bytom,Śląskie,city_large,160000,2731,2089,1500,3399,1386,0.803,4.3,58.0,1592,1199,25,823,74,2786,0.54,43.9,numbeo
2012,Bytom,Śląskie,city_large,160000,2794,2137,1534,3521,1500,0.794,3.7,57.3,1636,1191,24,831,78,2777,0.55,42.6,numbeo
2013,Bytom,Śląskie,city_large,160000,2884,2206,1584,3650,1600,0.79,0.9,57.8,1721,1260,26,841,81,2901,0.55,43.7,numbeo
2014,Bytom,Śląskie,city_large,160000,3130,2394,1719,3783,1680,0.827,0.0,57.1,1733,1249,26,806,81,2855,0.6,39.9,numbeo
2015,Bytom,Śląskie,city_large,160000,3137,2400,1723,3899,1750,0.805,-0.9,57.8,1775,1273,26,830,77,2897,0.59,40.6,numbeo
2016,Bytom,Śląskie,city_large,160000,3237,2476,1778,4047,1850,0.8,-0.2,57.9,1758,1286,24,848,76,2887,0.62,39.7,numbeo
2017,Bytom,Śląskie,city_large,160000,3421,2617,1879,4271,2000,0.801,2.0,58.8,1805,1211,27,863,80,2895,0.65,35.4,numbeo
2018,Bytom,Śląskie,city_large,160000,3707,2836,2036,4585,2100,0.809,1.6,58.0,1738,1322,27,837,80,2983,0.68,35.7,numbeo
2019,Bytom,Śląskie,city_large,160000,3939,3013,2163,4918,2250,0.801,2.3,59.2,1806,1322,26,898,83,3032,0.71,33.6,numbeo
2020,Bytom,Śląskie,city_large,160000,4106,3141,2255,5167,2600,0.795,3.4,58.5,1792,1361,26,908,88,3093,0.73,33.1,numbeo
2021,Bytom,Śląskie,city_large,160000,4627,3540,2542,5663,2800,0.817,5.1,59.2,1917,1393,30,944,93,3257,0.78,30.1,numbeo
2022,Bytom,Śląskie,city_large,160000,4880,3733,2680,6346,3010,0.769,14.4,59.6,2155,1632,34,1119,105,3796,0.71,33.4,numbeo
2023,Bytom,Śląskie,city_large,160000,5813,4447,3193,7155,3490,0.812,11.5,59.6,2458,1844,37,1191,115,4180,0.76,31.7,numbeo
2024,Bytom,Śląskie,city_large,160000,6788,5193,3729,8604,4242,0.789,3.6,59.3,2700,1941,39,1213,119,4353,0.86,28.6,numbeo
2010,Rybnik,Śląskie,city_large,140000,2953,2259,1622,3224,1317,0.916,2.6,65.6,1589,1198,23,742,74,2657,0.61,40.6,numbeo
2011,Rybnik,Śląskie,city_large,140000,3228,2469,1773,3399,1386,0.95,4.3,66.5,1680,1164,23,778,77,2669,0.66,36.1,numbeo
2012,Rybnik,Śląskie,city_large,140000,3278,2508,1801,3521,1500,0.931,3.7,65.3,1702,1227,25,840,79,2843,0.63,37.4,numbeo
2013,Rybnik,Śląskie,city_large,140000,3418,2615,1878,3650,1600,0.936,0.9,66.4,1785,1325,25,821,77,2922,0.64,38.8,numbeo
2014,Rybnik,Śląskie,city_large,140000,3375,2582,1854,3783,1680,0.892,0.0,66.9,1779,1262,25,829,78,2868,0.65,37.4,numbeo
2015,Rybnik,Śląskie,city_large,140000,3694,2826,2029,3899,1750,0.947,-0.9,67.3,1737,1208,25,834,80,2819,0.72,32.7,numbeo
2016,Rybnik,Śląskie,city_large,140000,3657,2798,2009,4047,1850,0.904,-0.2,66.4,1730,1280,25,854,81,2912,0.69,35.0,numbeo
2017,Rybnik,Śląskie,city_large,140000,3879,2967,2130,4271,2000,0.908,2.0,67.3,1788,1240,24,822,83,2826,0.75,32.0,numbeo
2018,Rybnik,Śląskie,city_large,140000,4262,3260,2341,4585,2100,0.93,1.6,67.1,1707,1278,27,879,81,2982,0.79,30.0,numbeo
2019,Rybnik,Śląskie,city_large,140000,4587,3509,2519,4918,2250,0.933,2.3,67.7,1817,1270,26,846,80,2925,0.86,27.7,numbeo
2020,Rybnik,Śląskie,city_large,140000,4687,3586,2575,5167,2600,0.907,3.4,67.2,1949,1375,27,881,84,3096,0.83,29.3,numbeo
2021,Rybnik,Śląskie,city_large,140000,5133,3927,2820,5663,2800,0.906,5.1,67.8,1880,1387,30,953,94,3261,0.86,27.0,numbeo
2022,Rybnik,Śląskie,city_large,140000,5601,4285,3077,6346,3010,0.883,14.4,68.0,2300,1589,32,1069,101,3659,0.84,28.4,numbeo
2023,Rybnik,Śląskie,city_large,140000,6496,4969,3568,7155,3490,0.908,11.5,68.7,2473,1839,36,1226,119,4194,0.85,28.3,numbeo
2024,Rybnik,Śląskie,city_large,140000,7850,6005,4312,8604,4242,0.912,3.6,69.0,2546,1975,39,1255,117,4427,0.97,25.2,numbeo
2010,Tychy,Śląskie,city_large,129000,3000,2295,1648,3224,1317,0.931,2.6,66.3,1609,1208,23,748,74,2673,0.62,40.3,numbeo
2011,Tychy,Śląskie,city_large,129000,3171,2426,1742,3399,1386,0.933,4.3,66.7,1633,1229,24,812,76,2787,0.63,38.8,numbeo
2012,Tychy,Śląskie,city_large,129000,3440,2632,1890,3521,1500,0.977,3.7,67.2,1707,1273,26,818,77,2885,0.66,37.0,numbeo
2013,Tychy,Śląskie,city_large,129000,3392,2595,1863,3650,1600,0.929,0.9,66.7,1768,1281,26,815,78,2893,0.64,37.8,numbeo
2014,Tychy,Śląskie,city_large,129000,3564,2726,1957,3783,1680,0.942,0.0,67.7,1746,1260,25,862,83,2904,0.67,35.4,numbeo
2015,Tychy,Śląskie,city_large,129000,3570,2731,1961,3899,1750,0.916,-0.9,67.8,1662,1211,25,805,79,2792,0.7,33.9,numbeo
2016,Tychy,Śląskie,city_large,129000,3914,2994,2150,4047,1850,0.967,-0.2,68.2,1707,1267,26,830,78,2892,0.74,32.4,numbeo
2017,Tychy,Śląskie,city_large,129000,3940,3014,2164,4271,2000,0.923,2.0,68.4,1699,1323,25,853,79,2956,0.73,33.6,numbeo
2018,Tychy,Śląskie,city_large,129000,4409,3373,2422,4585,2100,0.962,1.6,69.2,1697,1353,26,880,81,3038,0.8,30.7,numbeo
2019,Tychy,Śląskie,city_large,129000,4453,3407,2446,4918,2250,0.905,2.3,69.5,1755,1320,27,897,83,3049,0.8,29.6,numbeo
2020,Tychy,Śląskie,city_large,129000,4804,3675,2639,5167,2600,0.93,3.4,68.5,1958,1428,28,865,86,3155,0.84,29.7,numbeo
2021,Tychy,Śląskie,city_large,129000,5378,4114,2954,5663,2800,0.95,5.1,69.6,1879,1457,28,931,90,3265,0.9,27.1,numbeo
2022,Tychy,Śląskie,city_large,129000,5893,4508,3237,6346,3010,0.929,14.4,69.6,2206,1709,32,1109,106,3824,0.85,29.0,numbeo
2023,Tychy,Śląskie,city_large,129000,6832,5226,3752,7155,3490,0.955,11.5,70.0,2558,1802,36,1202,112,4126,0.91,26.4,numbeo
2024,Tychy,Śląskie,city_large,129000,7972,6099,4379,8604,4242,0.927,3.6,70.0,2540,1971,38,1249,120,4400,1.0,24.7,numbeo
2010,Dąbrowa Górnicza,Śląskie,city_large,122000,2845,2176,1562,3224,1317,0.882,2.6,66.6,1607,1183,24,745,76,2667,0.59,41.6,numbeo
2011,Dąbrowa Górnicza,Śląskie,city_large,122000,2888,2209,1586,3399,1386,0.85,4.3,65.8,1608,1259,24,780,75,2784,0.57,43.6,numbeo
2012,Dąbrowa Górnicza,Śląskie,city_large,122000,2891,2212,1588,3521,1500,0.821,3.7,66.2,1643,1222,24,829,79,2807,0.57,42.3,numbeo
2013,Dąbrowa Górnicza,Śląskie,city_large,122000,3209,2455,1763,3650,1600,0.879,0.9,66.7,1680,1294,26,812,77,2902,0.61,40.3,numbeo
2014,Dąbrowa Górnicza,Śląskie,city_large,122000,3182,2434,1748,3783,1680,0.841,0.0,67.3,1702,1275,25,847,82,2903,0.6,40.1,numbeo
2015,Dąbrowa Górnicza,Śląskie,city_large,122000,3232,2472,1775,3899,1750,0.829,-0.9,67.0,1689,1209,24,807,79,2772,0.64,37.4,numbeo
2016,Dąbrowa Górnicza,Śląskie,city_large,122000,3536,2705,1942,4047,1850,0.874,-0.2,67.5,1707,1240,24,833,82,2832,0.69,35.1,numbeo
2017,Dąbrowa Górnicza,Śląskie,city_large,122000,3650,2792,2005,4271,2000,0.855,2.0,67.5,1801,1237,25,822,83,2843,0.71,33.9,numbeo
2018,Dąbrowa Górnicza,Śląskie,city_large,122000,3802,2909,2089,4585,2100,0.829,1.6,67.5,1785,1331,27,843,80,2998,0.7,35.0,numbeo
2019,Dąbrowa Górnicza,Śląskie,city_large,122000,4278,3273,2350,4918,2250,0.87,2.3,68.3,1723,1292,26,853,85,2959,0.79,30.2,numbeo
2020,Dąbrowa Górnicza,Śląskie,city_large,122000,4395,3362,2414,5167,2600,0.851,3.4,69.1,1815,1343,26,917,88,3084,0.78,30.6,numbeo
2021,Dąbrowa Górnicza,Śląskie,city_large,122000,4735,3622,2601,5663,2800,0.836,5.1,68.4,2029,1398,27,923,90,3178,0.82,29.5,numbeo
2022,Dąbrowa Górnicza,Śląskie,city_large,122000,5203,3980,2858,6346,3010,0.82,14.4,69.2,2276,1595,32,1063,107,3665,0.78,30.7,numbeo
2023,Dąbrowa Górnicza,Śląskie,city_large,122000,6016,4602,3304,7155,3490,0.841,11.5,68.9,2550,1915,37,1178,114,4237,0.78,31.8,numbeo
2024,Dąbrowa Górnicza,Śląskie,city_large,122000,7155,5474,3930,8604,4242,0.832,3.6,69.3,2661,1819,38,1289,124,4292,0.92,25.4,numbeo
2010,Chorzów,Śląskie,city_medium,108000,2939,2248,1614,3224,1317,0.912,2.6,57.9,1302,957,19,718,64,2302,0.7,32.6,numbeo
2011,Chorzów,Śląskie,city_medium,108000,3052,2335,1677,3399,1386,0.898,4.3,57.3,1278,971,20,713,69,2343,0.72,31.8,numbeo
2012,Chorzów,Śląskie,city_medium,108000,3091,2365,1698,3521,1500,0.878,3.7,58.4,1431,983,23,735,72,2447,0.69,31.8,numbeo
2013,Chorzów,Śląskie,city_medium,108000,3168,2424,1740,3650,1600,0.868,0.9,58.7,1438,1007,22,746,70,2462,0.71,31.8,numbeo
2014,Chorzów,Śląskie,city_medium,108000,3275,2505,1799,3783,1680,0.866,0.0,57.7,1361,1061,22,767,68,2535,0.71,32.4,numbeo
2015,Chorzów,Śląskie,city_medium,108000,3492,2671,1918,3899,1750,0.896,-0.9,59.2,1375,1015,22,770,70,2492,0.77,29.1,numbeo
2016,Chorzów,Śląskie,city_medium,108000,3621,2770,1989,4047,1850,0.895,-0.2,59.2,1324,1065,21,731,71,2484,0.8,29.4,numbeo
2017,Chorzów,Śląskie,city_medium,108000,3758,2875,2064,4271,2000,0.88,2.0,58.7,1356,1070,22,749,68,2528,0.82,28.5,numbeo
2018,Chorzów,Śląskie,city_medium,108000,3909,2990,2147,4585,2100,0.853,1.6,58.6,1471,1015,22,763,71,2493,0.86,26.0,numbeo
2019,Chorzów,Śląskie,city_medium,108000,4236,3241,2327,4918,2250,0.861,2.3,58.7,1433,1131,22,777,74,2631,0.88,26.7,numbeo
2020,Chorzów,Śląskie,city_medium,108000,4504,3446,2474,5167,2600,0.872,3.4,59.1,1492,1099,23,816,73,2664,0.93,24.4,numbeo
2021,Chorzów,Śląskie,city_medium,108000,4839,3702,2658,5663,2800,0.854,5.1,60.4,1574,1120,24,844,79,2750,0.97,23.1,numbeo
2022,Chorzów,Śląskie,city_medium,108000,5445,4165,2990,6346,3010,0.858,14.4,60.7,1788,1306,29,1022,91,3259,0.92,24.0,numbeo
2023,Chorzów,Śląskie,city_medium,108000,6165,4716,3386,7155,3490,0.862,11.5,60.4,2126,1503,33,1121,102,3676,0.92,24.4,numbeo
2024,Chorzów,Śląskie,city_medium,108000,7389,5653,4059,8604,4242,0.859,3.6,60.5,2090,1529,33,1170,104,3763,1.08,20.7,numbeo
2010,Jaworzno,Śląskie,city_medium,100000,2964,2267,1628,3224,1317,0.919,2.6,56.6,1325,948,20,698,66,2295,0.71,32.0,numbeo
2011,Jaworzno,Śląskie,city_medium,100000,3145,2406,1728,3399,1386,0.925,4.3,56.9,1268,950,21,743,65,2368,0.73,30.2,numbeo
2012,Jaworzno,Śląskie,city_medium,100000,3079,2355,1691,3521,1500,0.874,3.7,57.0,1364,1015,22,758,71,2481,0.68,33.0,numbeo
2013,Jaworzno,Śląskie,city_medium,100000,3282,2511,1803,3650,1600,0.899,0.9,57.6,1364,1036,21,772,70,2497,0.72,31.6,numbeo
2014,Jaworzno,Śląskie,city_medium,100000,3445,2635,1892,3783,1680,0.911,0.0,58.1,1456,1075,22,744,72,2530,0.75,31.2,numbeo
2015,Jaworzno,Śląskie,city_medium,100000,3508,2684,1927,3899,1750,0.9,-0.9,57.8,1351,1051,21,730,68,2466,0.78,30.0,numbeo
2016,Jaworzno,Śląskie,city_medium,100000,3629,2776,1993,4047,1850,0.897,-0.2,58.6,1424,998,22,774,70,2479,0.8,27.5,numbeo
2017,Jaworzno,Śląskie,city_medium,100000,3706,2835,2036,4271,2000,0.868,2.0,59.2,1434,992,22,783,69,2485,0.82,26.8,numbeo
2018,Jaworzno,Śląskie,city_medium,100000,4175,3194,2293,4585,2100,0.911,1.6,59.4,1392,1005,23,779,72,2520,0.91,24.1,numbeo
2019,Jaworzno,Śląskie,city_medium,100000,4284,3277,2353,4918,2250,0.871,2.3,59.4,1402,1067,23,821,76,2633,0.89,24.9,numbeo
2020,Jaworzno,Śląskie,city_medium,100000,4739,3625,2603,5167,2600,0.917,3.4,60.2,1448,1149,23,802,76,2703,0.96,24.2,numbeo
2021,Jaworzno,Śląskie,city_medium,100000,5095,3898,2799,5663,2800,0.9,5.1,59.0,1571,1163,24,901,81,2852,0.98,22.8,numbeo
2022,Jaworzno,Śląskie,city_medium,100000,5791,4430,3181,6346,3010,0.913,14.4,60.7,1864,1298,29,985,92,3215,0.99,22.4,numbeo
2023,Jaworzno,Śląskie,city_medium,100000,6482,4959,3561,7155,3490,0.906,11.5,60.9,2041,1527,32,1100,104,3661,0.97,23.6,numbeo
2024,Jaworzno,Śląskie,city_medium,100000,7616,5826,4183,8604,4242,0.885,3.6,61.2,2049,1482,32,1185,106,3713,1.13,19.5,numbeo
2010,Jastrzębie-Zdrój,Śląskie,city_medium,92000,2987,2285,1641,3224,1317,0.926,2.6,57.0,1240,947,19,722,66,2298,0.71,31.7,numbeo
2011,Jastrzębie-Zdrój,Śląskie,city_medium,92000,3243,2481,1781,3399,1386,0.954,4.3,57.4,1352,937,22,722,66,2355,0.76,28.9,numbeo
2012,Jastrzębie-Zdrój,Śląskie,city_medium,92000,3195,2444,1755,3521,1500,0.907,3.7,58.5,1415,972,23,744,72,2445,0.72,30.4,numbeo
2013,Jastrzębie-Zdrój,Śląskie,city_medium,92000,3439,2631,1889,3650,1600,0.942,0.9,57.5,1325,1009,22,782,72,2502,0.75,29.3,numbeo
2014,Jastrzębie-Zdrój,Śląskie,city_medium,92000,3505,2681,1925,3783,1680,0.927,0.0,58.7,1365,1033,22,734,68,2474,0.78,29.5,numbeo
2015,Jastrzębie-Zdrój,Śląskie,city_medium,92000,3599,2753,1977,3899,1750,0.923,-0.9,59.0,1332,989,21,750,72,2428,0.81,27.5,numbeo
2016,Jastrzębie-Zdrój,Śląskie,city_medium,92000,3884,2971,2133,4047,1850,0.96,-0.2,58.2,1371,1012,22,769,67,2485,0.86,26.1,numbeo
2017,Jastrzębie-Zdrój,Śląskie,city_medium,92000,3901,2984,2143,4271,2000,0.913,2.0,58.5,1410,1078,22,795,73,2587,0.83,27.6,numbeo
2018,Jastrzębie-Zdrój,Śląskie,city_medium,92000,4340,3320,2384,4585,2100,0.947,1.6,58.9,1362,1090,23,772,70,2596,0.92,25.1,numbeo
2019,Jastrzębie-Zdrój,Śląskie,city_medium,92000,4403,3368,2418,4918,2250,0.895,2.3,58.7,1506,1127,24,829,75,2720,0.89,25.6,numbeo
2020,Jastrzębie-Zdrój,Śląskie,city_medium,92000,4923,3766,2704,5167,2600,0.953,3.4,59.0,1564,1141,25,845,76,2778,0.97,23.2,numbeo
2021,Jastrzębie-Zdrój,Śląskie,city_medium,92000,5364,4103,2946,5663,2800,0.947,5.1,59.0,1593,1196,24,853,79,2835,1.04,22.3,numbeo
2022,Jastrzębie-Zdrój,Śląskie,city_medium,92000,6047,4626,3321,6346,3010,0.953,14.4,60.7,1768,1287,28,981,90,3178,1.04,21.3,numbeo
2023,Jastrzębie-Zdrój,Śląskie,city_medium,92000,6477,4955,3558,7155,3490,0.905,11.5,59.9,1955,1488,33,1144,102,3684,0.97,23.0,numbeo
2024,Jastrzębie-Zdrój,Śląskie,city_medium,92000,7737,5919,4250,8604,4242,0.899,3.6,61.1,2090,1591,34,1172,108,3851,1.1,20.6,numbeo
2010,Ruda Śląska,Śląskie,city_medium,140000,2817,2155,1547,3224,1317,0.874,2.6,57.0,1287,946,20,709,64,2302,0.67,33.6,numbeo
2011,Ruda Śląska,Śląskie,city_medium,140000,2835,2169,1557,3399,1386,0.834,4.3,57.4,1298,996,21,734,69,2409,0.65,35.1,numbeo
2012,Ruda Śląska,Śląskie,city_medium,140000,2997,2293,1646,3521,1500,0.851,3.7,57.3,1406,988,22,743,67,2435,0.68,33.0,numbeo
2013,Ruda Śląska,Śląskie,city_medium,140000,3140,2402,1725,3650,1600,0.86,0.9,58.8,1424,1001,23,773,71,2504,0.69,31.9,numbeo
2014,Ruda Śląska,Śląskie,city_medium,140000,3259,2493,1790,3783,1680,0.861,0.0,57.6,1434,1013,23,761,68,2501,0.72,31.1,numbeo
2015,Ruda Śląska,Śląskie,city_medium,140000,3333,2550,1831,3899,1750,0.855,-0.9,58.3,1316,996,23,729,68,2450,0.75,29.9,numbeo
2016,Ruda Śląska,Śląskie,city_medium,140000,3385,2590,1860,4047,1850,0.836,-0.2,59.3,1349,1030,21,769,67,2483,0.75,30.4,numbeo
2017,Ruda Śląska,Śląskie,city_medium,140000,3535,2704,1941,4271,2000,0.828,2.0,58.2,1388,1020,22,743,72,2476,0.78,28.9,numbeo
2018,Ruda Śląska,Śląskie,city_medium,140000,3835,2934,2107,4585,2100,0.836,1.6,59.1,1448,1079,23,780,73,2596,0.81,28.1,numbeo
2019,Ruda Śląska,Śląskie,city_medium,140000,4213,3223,2314,4918,2250,0.857,2.3,59.8,1419,1059,22,794,71,2573,0.9,25.1,numbeo
2020,Ruda Śląska,Śląskie,city_medium,140000,4260,3259,2340,5167,2600,0.824,3.4,59.0,1556,1060,23,832,79,2647,0.88,24.9,numbeo
2021,Ruda Śląska,Śląskie,city_medium,140000,4970,3802,2730,5663,2800,0.878,5.1,59.4,1639,1179,24,871,80,2837,0.96,23.7,numbeo
2022,Ruda Śląska,Śląskie,city_medium,140000,5251,4017,2884,6346,3010,0.827,14.4,60.1,1863,1351,28,976,90,3237,0.89,25.7,numbeo
2023,Ruda Śląska,Śląskie,city_medium,140000,6245,4777,3430,7155,3490,0.873,11.5,60.3,2050,1500,33,1128,102,3680,0.93,24.0,numbeo
2024,Ruda Śląska,Śląskie,city_medium,140000,7230,5531,3971,8604,4242,0.84,3.6,60.3,2109,1542,34,1162,107,3791,1.05,21.3,numbeo
2010,Bielsko-Biała,Śląskie,city_large,170000,3031,2319,1665,3224,1317,0.94,2.6,68.8,1515,1179,23,742,76,2640,0.63,38.9,numbeo
2011,Bielsko-Biała,Śląskie,city_large,170000,3152,2411,1731,3399,1386,0.927,4.3,69.2,1676,1208,23,803,73,2734,0.63,38.3,numbeo
2012,Bielsko-Biała,Śląskie,city_large,170000,3408,2607,1872,3521,1500,0.968,3.7,68.6,1687,1217,26,846,77,2857,0.66,35.7,numbeo
2013,Bielsko-Biała,Śląskie,city_large,170000,3449,2638,1894,3650,1600,0.945,0.9,69.2,1700,1313,26,835,78,2945,0.64,38.1,numbeo
2014,Bielsko-Biała,Śląskie,city_large,170000,3552,2717,1951,3783,1680,0.939,0.0,69.5,1732,1233,25,809,81,2822,0.69,34.7,numbeo
2015,Bielsko-Biała,Śląskie,city_large,170000,3739,2860,2053,3899,1750,0.959,-0.9,69.4,1780,1205,26,821,77,2820,0.73,32.2,numbeo
2016,Bielsko-Biała,Śląskie,city_large,170000,3726,2850,2046,4047,1850,0.921,-0.2,69.5,1736,1302,26,816,78,2913,0.7,34.9,numbeo
2017,Bielsko-Biała,Śląskie,city_large,170000,3895,2980,2140,4271,2000,0.912,2.0,69.6,1665,1238,25,823,79,2841,0.75,31.8,numbeo
2018,Bielsko-Biała,Śląskie,city_large,170000,4235,3240,2326,4585,2100,0.924,1.6,70.3,1796,1258,25,841,79,2882,0.81,29.7,numbeo
2019,Bielsko-Biała,Śląskie,city_large,170000,4656,3562,2558,4918,2250,0.947,2.3,70.1,1734,1305,26,847,86,2967,0.86,28.0,numbeo
2020,Bielsko-Biała,Śląskie,city_large,170000,4695,3592,2579,5167,2600,0.909,3.4,71.2,1955,1313,28,935,84,3108,0.83,28.0,numbeo
2021,Bielsko-Biała,Śląskie,city_large,170000,5370,4108,2950,5663,2800,0.948,5.1,71.2,1947,1432,30,961,92,3312,0.89,26.7,numbeo
2022,Bielsko-Biała,Śląskie,city_large,170000,5874,4494,3227,6346,3010,0.926,14.4,72.1,2186,1715,32,1066,102,3783,0.85,29.2,numbeo
2023,Bielsko-Biała,Śląskie,city_large,170000,6528,4994,3586,7155,3490,0.912,11.5,71.7,2445,1820,35,1211,120,4141,0.87,27.9,numbeo
2024,Bielsko-Biała,Śląskie,city_large,170000,8207,6278,4508,8604,4242,0.954,3.6,72.7,2546,1968,38,1288,118,4434,1.02,24.0,numbeo
2010,Częstochowa,Śląskie,city_large,220000,2683,2052,1473,3224,1317,0.832,2.6,65.3,1576,1130,24,773,71,2637,0.56,42.1,numbeo
2011,Częstochowa,Śląskie,city_large,220000,2850,2180,1565,3399,1386,0.838,4.3,66.4,1727,1250,24,820,73,2813,0.56,43.9,numbeo
2012,Częstochowa,Śląskie,city_large,220000,2873,2198,1578,3521,1500,0.816,3.7,67.1,1755,1218,25,829,78,2822,0.56,42.4,numbeo
2013,Częstochowa,Śląskie,city_large,220000,3072,2350,1687,3650,1600,0.842,0.9,66.8,1786,1225,25,858,82,2864,0.59,39.9,numbeo
2014,Częstochowa,Śląskie,city_large,220000,3196,2445,1756,3783,1680,0.845,0.0,66.6,1750,1316,25,803,82,2900,0.61,41.2,numbeo
2015,Częstochowa,Śląskie,city_large,220000,3158,2416,1735,3899,1750,0.81,-0.9,66.9,1713,1242,26,797,78,2834,0.61,39.3,numbeo
2016,Częstochowa,Śląskie,city_large,220000,3335,2551,1832,4047,1850,0.824,-0.2,67.1,1710,1217,24,825,80,2799,0.65,36.5,numbeo
2017,Częstochowa,Śląskie,city_large,220000,3503,2680,1924,4271,2000,0.82,2.0,68.1,1794,1234,27,862,82,2919,0.66,35.2,numbeo
2018,Częstochowa,Śląskie,city_large,220000,3858,2951,2119,4585,2100,0.841,1.6,68.3,1709,1306,26,880,80,2990,0.71,33.9,numbeo
2019,Częstochowa,Śląskie,city_large,220000,4091,3130,2247,4918,2250,0.832,2.3,68.6,1860,1263,26,837,85,2914,0.77,30.9,numbeo
2020,Częstochowa,Śląskie,city_large,220000,4242,3245,2330,5167,2600,0.821,3.4,68.9,1843,1414,28,931,85,3206,0.73,33.3,numbeo
2021,Częstochowa,Śląskie,city_large,220000,4571,3497,2511,5663,2800,0.807,5.1,68.1,1878,1499,28,956,93,3335,0.75,32.8,numbeo
2022,Częstochowa,Śląskie,city_large,220000,5077,3884,2789,6346,3010,0.8,14.4,68.5,2289,1608,34,1094,106,3748,0.74,31.7,numbeo
2023,Częstochowa,Śląskie,city_large,220000,5899,4513,3240,7155,3490,0.824,11.5,69.1,2469,1778,38,1184,120,4132,0.78,30.1,numbeo
2024,Częstochowa,Śląskie,city_large,220000,7164,5480,3935,8604,4242,0.833,3.6,70.2,2583,1992,38,1257,118,4427,0.89,27.8,numbeo
2010,Tarnowskie Góry,Śląskie,city_small,63000,2805,2146,1541,3224,1317,0.87,2.6,51.1,993,785,19,616,54,2018,0.76,28.0,numbeo
2011,Tarnowskie Góry,Śląskie,city_small,63000,3014,2306,1656,3399,1386,0.887,4.3,51.0,1035,845,18,663,56,2114,0.78,28.0,numbeo
2012,Tarnowskie Góry,Śląskie,city_small,63000,3135,2398,1722,3521,1500,0.89,3.7,51.2,1094,870,20,702,57,2226,0.77,27.8,numbeo
2013,Tarnowskie Góry,Śląskie,city_small,63000,3262,2495,1791,3650,1600,0.894,0.9,51.3,1115,865,19,719,61,2224,0.81,26.5,numbeo
2014,Tarnowskie Góry,Śląskie,city_small,63000,3490,2670,1917,3783,1680,0.923,0.0,51.8,1102,842,19,674,61,2156,0.89,24.1,numbeo
2015,Tarnowskie Góry,Śląskie,city_small,63000,3540,2708,1944,3899,1750,0.908,-0.9,50.7,1082,856,20,700,58,2211,0.88,24.2,numbeo
2016,Tarnowskie Góry,Śląskie,city_small,63000,3714,2841,2040,4047,1850,0.918,-0.2,51.2,1100,893,20,663,60,2213,0.92,24.0,numbeo
2017,Tarnowskie Góry,Śląskie,city_small,63000,3709,2837,2037,4271,2000,0.868,2.0,51.7,1131,849,20,693,62,2205,0.92,22.9,numbeo
2018,Tarnowskie Góry,Śląskie,city_small,63000,4030,3083,2214,4585,2100,0.879,1.6,52.6,1113,909,20,694,63,2270,0.98,22.6,numbeo
2019,Tarnowskie Góry,Śląskie,city_small,63000,4463,3414,2451,4918,2250,0.907,2.3,52.5,1158,863,22,718,62,2292,1.07,19.3,numbeo
2020,Tarnowskie Góry,Śląskie,city_small,63000,4563,3491,2507,5167,2600,0.883,3.4,51.9,1207,948,22,728,67,2399,1.05,20.8,numbeo
2021,Tarnowskie Góry,Śląskie,city_small,63000,5085,3890,2793,5663,2800,0.898,5.1,52.5,1300,993,23,773,66,2519,1.11,19.5,numbeo
2022,Tarnowskie Góry,Śląskie,city_small,63000,5741,4392,3153,6346,3010,0.905,14.4,53.3,1487,1070,26,905,80,2835,1.11,18.6,numbeo
2023,Tarnowskie Góry,Śląskie,city_small,63000,6387,4886,3508,7155,3490,0.893,11.5,52.8,1596,1220,29,985,85,3160,1.11,19.1,numbeo
2024,Tarnowskie Góry,Śląskie,city_small,63000,7752,5930,4258,8604,4242,0.901,3.6,53.0,1735,1314,31,1064,89,3387,1.26,17.0,numbeo
2010,Zawiercie,Śląskie,city_small,55000,2674,2046,1469,3224,1317,0.829,2.6,49.9,998,803,18,623,54,2023,0.73,30.0,numbeo
2011,Zawiercie,Śląskie,city_small,55000,2794,2137,1534,3399,1386,0.822,4.3,50.2,1112,823,19,682,58,2133,0.72,29.5,numbeo
2012,Zawiercie,Śląskie,city_small,55000,2777,2124,1525,3521,1500,0.789,3.7,51.5,1079,874,20,713,58,2242,0.68,31.5,numbeo
2013,Zawiercie,Śląskie,city_small,55000,2898,2217,1592,3650,1600,0.794,0.9,50.6,1127,842,19,722,60,2203,0.72,29.1,numbeo
2014,Zawiercie,Śląskie,city_small,55000,3155,2414,1733,3783,1680,0.834,0.0,50.8,1078,841,19,725,58,2203,0.79,26.7,numbeo
2015,Zawiercie,Śląskie,city_small,55000,3187,2438,1750,3899,1750,0.817,-0.9,51.1,1115,874,20,680,59,2210,0.79,27.4,numbeo
2016,Zawiercie,Śląskie,city_small,55000,3273,2504,1798,4047,1850,0.809,-0.2,52.1,1094,849,20,678,60,2184,0.82,25.9,numbeo
2017,Zawiercie,Śląskie,city_small,55000,3402,2603,1869,4271,2000,0.797,2.0,51.2,1140,856,20,723,59,2239,0.83,25.2,numbeo
2018,Zawiercie,Śląskie,city_small,55000,3585,2743,1969,4585,2100,0.782,1.6,51.5,1112,865,20,700,61,2230,0.88,24.1,numbeo
2019,Zawiercie,Śląskie,city_small,55000,4007,3065,2201,4918,2250,0.815,2.3,52.6,1143,935,21,703,65,2332,0.94,23.3,numbeo
2020,Zawiercie,Śląskie,city_small,55000,4312,3299,2369,5167,2600,0.835,3.4,52.2,1271,894,21,786,65,2381,0.99,20.7,numbeo
2021,Zawiercie,Śląskie,city_small,55000,4540,3473,2494,5663,2800,0.802,5.1,53.1,1337,943,23,824,65,2519,0.99,20.8,numbeo
2022,Zawiercie,Śląskie,city_small,55000,5066,3875,2782,6346,3010,0.798,14.4,52.5,1460,1117,26,944,80,2921,0.95,22.0,numbeo
2023,Zawiercie,Śląskie,city_small,55000,5752,4400,3159,7155,3490,0.804,11.5,53.5,1714,1193,30,974,87,3144,1.0,20.7,numbeo
2024,Zawiercie,Śląskie,city_small,55000,6835,5229,3754,8604,4242,0.794,3.6,52.8,1720,1325,31,1047,92,3384,1.11,19.4,numbeo
2010,Racibórz,Śląskie,city_small,55000,2795,2138,1535,3224,1317,0.867,2.6,51.0,1074,813,19,617,53,2046,0.75,29.1,numbeo
2011,Racibórz,Śląskie,city_small,55000,2832,2166,1555,3399,1386,0.833,4.3,51.3,1042,843,19,675,55,2143,0.73,29.8,numbeo
2012,Racibórz,Śląskie,city_small,55000,2927,2239,1608,3521,1500,0.831,3.7,50.6,1134,820,20,674,58,2149,0.75,28.0,numbeo
2013,Racibórz,Śląskie,city_small,55000,3045,2329,1672,3650,1600,0.834,0.9,51.2,1093,888,20,679,62,2228,0.75,29.2,numbeo
2014,Racibórz,Śląskie,city_small,55000,3154,2413,1733,3783,1680,0.834,0.0,51.3,1175,864,21,682,61,2226,0.78,27.4,numbeo
2015,Racibórz,Śląskie,city_small,55000,3348,2561,1839,3899,1750,0.859,-0.9,51.4,1110,858,21,666,61,2202,0.84,25.6,numbeo
2016,Racibórz,Śląskie,city_small,55000,3414,2612,1875,4047,1850,0.844,-0.2,51.5,1073,885,20,694,61,2237,0.84,25.9,numbeo
2017,Racibórz,Śląskie,city_small,55000,3586,2743,1969,4271,2000,0.84,2.0,51.3,1191,891,19,723,61,2256,0.87,24.8,numbeo
2018,Racibórz,Śląskie,city_small,55000,3821,2923,2099,4585,2100,0.833,1.6,52.6,1147,861,20,728,59,2252,0.93,22.5,numbeo
2019,Racibórz,Śląskie,city_small,55000,4026,3080,2211,4918,2250,0.819,2.3,51.4,1242,921,21,719,62,2331,0.95,22.9,numbeo
2020,Racibórz,Śląskie,city_small,55000,4175,3194,2293,5167,2600,0.808,3.4,51.6,1227,969,21,766,67,2438,0.94,23.2,numbeo
2021,Racibórz,Śląskie,city_small,55000,4738,3625,2603,5663,2800,0.837,5.1,52.7,1322,953,23,806,68,2514,1.04,20.1,numbeo
2022,Racibórz,Śląskie,city_small,55000,5351,4094,2939,6346,3010,0.843,14.4,52.6,1484,1133,26,893,76,2882,1.02,21.2,numbeo
2023,Racibórz,Śląskie,city_small,55000,5753,4401,3160,7155,3490,0.804,11.5,53.4,1562,1232,29,1028,86,3216,0.98,21.4,numbeo
2024,Racibórz,Śląskie,city_small,55000,7088,5422,3893,8604,4242,0.824,3.6,53.8,1767,1315,31,1073,92,3400,1.15,18.6,numbeo
2010,Cieszyn,Śląskie,city_small,36000,2834,2168,1557,3224,1317,0.879,2.6,50.7,1075,778,19,655,57,2053,0.76,27.5,numbeo
2011,Cieszyn,Śląskie,city_small,36000,3026,2315,1662,3399,1386,0.89,4.3,50.9,1046,863,19,671,55,2159,0.77,28.5,numbeo
2012,Cieszyn,Śląskie,city_small,36000,2984,2283,1639,3521,1500,0.847,3.7,51.4,1095,880,19,698,61,2216,0.74,29.5,numbeo
2013,Cieszyn,Śląskie,city_small,36000,3147,2407,1728,3650,1600,0.862,0.9,50.8,1085,886,20,707,60,2252,0.77,28.2,numbeo
2014,Cieszyn,Śląskie,city_small,36000,3295,2521,1810,3783,1680,0.871,0.0,51.8,1099,894,19,714,62,2249,0.8,27.1,numbeo
2015,Cieszyn,Śląskie,city_small,36000,3497,2675,1921,3899,1750,0.897,-0.9,52.1,1137,870,20,671,61,2199,0.87,24.9,numbeo
2016,Cieszyn,Śląskie,city_small,36000,3400,2601,1868,4047,1850,0.84,-0.2,51.0,1078,880,20,664,60,2201,0.85,25.9,numbeo
2017,Cieszyn,Śląskie,city_small,36000,3793,2902,2084,4271,2000,0.888,2.0,51.3,1178,867,21,698,59,2245,0.93,22.9,numbeo
2018,Cieszyn,Śląskie,city_small,36000,3977,3042,2184,4585,2100,0.867,1.6,51.8,1125,879,20,705,63,2251,0.97,22.1,numbeo
2019,Cieszyn,Śląskie,city_small,36000,4404,3369,2419,4918,2250,0.895,2.3,52.6,1134,893,22,707,62,2311,1.05,20.3,numbeo
2020,Cieszyn,Śląskie,city_small,36000,4433,3391,2435,5167,2600,0.858,3.4,52.9,1245,976,21,736,63,2411,1.01,22.0,numbeo
2021,Cieszyn,Śląskie,city_small,36000,4887,3739,2685,5663,2800,0.863,5.1,52.6,1313,965,24,763,67,2502,1.07,19.7,numbeo
2022,Cieszyn,Śląskie,city_small,36000,5534,4234,3040,6346,3010,0.872,14.4,52.9,1444,1085,25,920,75,2840,1.07,19.6,numbeo
2023,Cieszyn,Śląskie,city_small,36000,6127,4687,3365,7155,3490,0.856,11.5,53.5,1596,1239,29,998,85,3192,1.05,20.2,numbeo
2024,Cieszyn,Śląskie,city_small,36000,7289,5576,4004,8604,4242,0.847,3.6,52.9,1676,1266,31,1013,88,3287,1.22,17.4,numbeo
2010,Chrzanów,Śląskie,city_small,39000,2704,2069,1486,3224,1317,0.839,2.6,50.6,1019,820,18,641,54,2058,0.72,30.3,numbeo
2011,Chrzanów,Śląskie,city_small,39000,2918,2232,1603,3399,1386,0.858,4.3,50.4,1091,845,20,658,59,2152,0.74,29.0,numbeo
2012,Chrzanów,Śląskie,city_small,39000,3024,2313,1661,3521,1500,0.859,3.7,50.7,1100,844,19,698,60,2179,0.76,27.9,numbeo
2013,Chrzanów,Śląskie,city_small,39000,3129,2394,1719,3650,1600,0.857,0.9,51.7,1163,854,20,708,61,2222,0.77,27.3,numbeo
2014,Chrzanów,Śląskie,city_small,39000,3152,2411,1731,3783,1680,0.833,0.0,51.7,1076,844,20,701,62,2206,0.78,26.8,numbeo
2015,Chrzanów,Śląskie,city_small,39000,3381,2586,1857,3899,1750,0.867,-0.9,51.8,1093,840,19,682,57,2156,0.86,24.8,numbeo
2016,Chrzanów,Śląskie,city_small,39000,3408,2607,1872,4047,1850,0.842,-0.2,51.1,1153,862,21,676,61,2216,0.84,25.3,numbeo
2017,Chrzanów,Śląskie,city_small,39000,3587,2744,1970,4271,2000,0.84,2.0,52.3,1084,913,20,683,60,2257,0.87,25.5,numbeo
2018,Chrzanów,Śląskie,city_small,39000,3966,3034,2178,4585,2100,0.865,1.6,51.4,1103,920,21,721,62,2327,0.94,23.2,numbeo
2019,Chrzanów,Śląskie,city_small,39000,4116,3149,2261,4918,2250,0.837,2.3,51.7,1184,889,20,703,61,2262,1.0,21.6,numbeo
2020,Chrzanów,Śląskie,city_small,39000,4455,3408,2447,5167,2600,0.862,3.4,52.3,1216,935,21,747,67,2385,1.03,21.0,numbeo
2021,Chrzanów,Śląskie,city_small,39000,4767,3647,2619,5663,2800,0.842,5.1,52.9,1268,980,24,772,67,2526,1.04,20.6,numbeo
2022,Chrzanów,Śląskie,city_small,39000,5486,4197,3013,6346,3010,0.864,14.4,52.0,1542,1147,25,934,77,2918,1.03,20.9,numbeo
2023,Chrzanów,Śląskie,city_small,39000,5795,4433,3183,7155,3490,0.81,11.5,53.5,1615,1211,28,986,89,3136,1.01,20.9,numbeo
2024,Chrzanów,Śląskie,city_small,39000,7044,5389,3869,8604,4242,0.819,3.6,53.1,1682,1271,30,1060,90,3321,1.17,18.0,numbeo
2010,Lubliniec,Śląskie,town,24000,2474,1893,1359,3224,1317,0.767,2.6,43.6,802,660,16,591,43,1797,0.76,26.7,numbeo
2011,Lubliniec,Śląskie,town,24000,2637,2017,1448,3399,1386,0.776,4.3,43.5,832,678,16,613,43,1844,0.79,25.7,numbeo
2012,Lubliniec,Śląskie,town,24000,2727,2086,1498,3521,1500,0.774,3.7,43.4,852,660,17,666,46,1909,0.78,24.2,numbeo
2013,Lubliniec,Śląskie,town,24000,2819,2157,1549,3650,1600,0.772,0.9,43.8,860,709,18,649,46,1963,0.79,25.2,numbeo
2014,Lubliniec,Śląskie,town,24000,2916,2231,1602,3783,1680,0.771,0.0,44.4,940,688,18,660,48,1955,0.82,23.6,numbeo
2015,Lubliniec,Śląskie,town,24000,2940,2249,1615,3899,1750,0.754,-0.9,44.9,909,706,16,633,45,1901,0.85,24.0,numbeo
2016,Lubliniec,Śląskie,town,24000,3038,2324,1669,4047,1850,0.751,-0.2,44.4,886,694,18,629,47,1927,0.87,22.8,numbeo
2017,Lubliniec,Śląskie,town,24000,3316,2537,1822,4271,2000,0.776,2.0,44.8,929,673,17,658,48,1920,0.95,20.3,numbeo
2018,Lubliniec,Śląskie,town,24000,3422,2618,1880,4585,2100,0.746,1.6,45.6,880,728,18,693,49,2034,0.92,21.3,numbeo
2019,Lubliniec,Śląskie,town,24000,3729,2853,2048,4918,2250,0.758,2.3,45.1,950,725,19,685,49,2048,1.0,19.4,numbeo
2020,Lubliniec,Śląskie,town,24000,4053,3101,2227,5167,2600,0.784,3.4,45.6,950,767,18,731,51,2125,1.05,18.9,numbeo
2021,Lubliniec,Śląskie,town,24000,4229,3235,2323,5663,2800,0.747,5.1,44.8,994,831,20,752,54,2264,1.03,19.7,numbeo
2022,Lubliniec,Śląskie,town,24000,4773,3651,2621,6346,3010,0.752,14.4,45.0,1174,925,23,825,60,2530,1.04,19.4,numbeo
2023,Lubliniec,Śląskie,town,24000,5248,4015,2883,7155,3490,0.733,11.5,45.7,1354,1032,26,979,65,2886,1.0,19.7,numbeo
2024,Lubliniec,Śląskie,town,24000,6335,4846,3479,8604,4242,0.736,3.6,45.3,1320,1056,27,946,70,2912,1.19,16.7,numbeo
2010,Kluczbork,Śląskie,town,24000,2394,1831,1315,3224,1317,0.743,2.6,43.6,801,639,16,608,44,1794,0.73,26.7,numbeo
2011,Kluczbork,Śląskie,town,24000,2551,1952,1402,3399,1386,0.751,4.3,44.1,815,682,16,619,44,1855,0.76,26.7,numbeo
2012,Kluczbork,Śląskie,town,24000,2658,2033,1460,3521,1500,0.755,3.7,44.6,853,670,18,631,47,1905,0.77,25.2,numbeo
2013,Kluczbork,Śląskie,town,24000,2783,2129,1529,3650,1600,0.762,0.9,43.7,867,710,18,637,48,1954,0.78,25.5,numbeo
2014,Kluczbork,Śląskie,town,24000,2921,2235,1605,3783,1680,0.772,0.0,44.7,907,713,17,657,47,1956,0.82,24.4,numbeo
2015,Kluczbork,Śląskie,town,24000,2964,2267,1628,3899,1750,0.76,-0.9,43.8,921,692,18,656,45,1950,0.83,23.3,numbeo
2016,Kluczbork,Śląskie,town,24000,2997,2293,1646,4047,1850,0.741,-0.2,44.1,901,656,17,651,46,1890,0.87,21.9,numbeo
2017,Kluczbork,Śląskie,town,24000,3276,2506,1799,4271,2000,0.767,2.0,45.2,941,679,18,681,48,1969,0.91,20.7,numbeo
2018,Kluczbork,Śląskie,town,24000,3507,2683,1926,4585,2100,0.765,1.6,45.0,903,741,18,650,47,2002,0.96,21.1,numbeo
2019,Kluczbork,Śląskie,town,24000,3785,2896,2079,4918,2250,0.77,2.3,44.9,974,703,19,690,49,2031,1.02,18.6,numbeo
2020,Kluczbork,Śląskie,town,24000,3743,2863,2056,5167,2600,0.724,3.4,44.9,938,761,18,708,50,2095,0.98,20.3,numbeo
2021,Kluczbork,Śląskie,town,24000,4227,3234,2322,5663,2800,0.746,5.1,46.2,1032,808,20,723,54,2212,1.05,19.1,numbeo
2022,Kluczbork,Śląskie,town,24000,4805,3676,2639,6346,3010,0.757,14.4,45.2,1189,948,23,859,59,2586,1.02,19.7,numbeo
2023,Kluczbork,Śląskie,town,24000,5221,3994,2868,7155,3490,0.73,11.5,45.1,1257,1046,25,925,67,2828,1.01,20.0,numbeo
2024,Kluczbork,Śląskie,town,24000,6409,4903,3520,8604,4242,0.745,3.6,45.5,1410,1071,26,992,70,2953,1.19,16.7,numbeo
2010,Będzin,Śląskie,city_small,57000,3255,2490,1788,3224,1317,1.01,2.6,50.7,1086,807,18,636,54,2040,0.88,24.8,gus_modeled
2011,Będzin,Śląskie,city_small,57000,3444,2635,1892,3399,1386,1.013,4.3,50.5,1117,858,20,669,57,2174,0.87,24.9,gus_modeled
2012,Będzin,Śląskie,city_small,57000,3619,2769,1988,3521,1500,1.028,3.7,50.5,1124,846,20,675,60,2178,0.91,23.4,gus_modeled
2013,Będzin,Śląskie,city_small,57000,3556,2720,1953,3650,1600,0.974,0.9,50.3,1121,877,20,670,58,2204,0.89,24.7,gus_modeled
2014,Będzin,Śląskie,city_small,57000,3680,2815,2021,3783,1680,0.973,0.0,50.6,1126,863,21,713,60,2255,0.9,23.5,gus_modeled
2015,Będzin,Śląskie,city_small,57000,3851,2946,2115,3899,1750,0.988,-0.9,51.1,1111,898,21,683,58,2256,0.94,23.3,gus_modeled
2016,Będzin,Śląskie,city_small,57000,3922,3000,2154,4047,1850,0.969,-0.2,51.1,1066,838,19,702,59,2176,0.99,21.4,gus_modeled
2017,Będzin,Śląskie,city_small,57000,4375,3347,2403,4271,2000,1.024,2.0,52.6,1090,903,20,696,60,2260,1.06,20.6,gus_modeled
2018,Będzin,Śląskie,city_small,57000,4469,3419,2455,4585,2100,0.975,1.6,52.8,1210,845,21,718,63,2250,1.09,18.9,gus_modeled
2019,Będzin,Śląskie,city_small,57000,4749,3633,2608,4918,2250,0.966,2.3,52.8,1187,920,21,706,61,2316,1.13,19.4,gus_modeled
2020,Będzin,Śląskie,city_small,57000,5103,3904,2803,5167,2600,0.988,3.4,51.6,1209,899,21,770,65,2370,1.18,17.6,gus_modeled
2021,Będzin,Śląskie,city_small,57000,5546,4243,3046,5663,2800,0.979,5.1,51.9,1308,1028,23,804,67,2586,1.18,18.5,gus_modeled
2022,Będzin,Śląskie,city_small,57000,6244,4777,3430,6346,3010,0.984,14.4,52.8,1539,1158,26,933,79,2950,1.16,18.5,gus_modeled
2023,Będzin,Śląskie,city_small,57000,7037,5383,3865,7155,3490,0.984,11.5,52.2,1683,1247,28,981,90,3168,1.22,17.7,gus_modeled
2024,Będzin,Śląskie,city_small,57000,8743,6688,4802,8604,4242,1.016,3.6,53.3,1756,1310,30,1045,89,3344,1.44,15.0,gus_modeled
2010,Myszków,Śląskie,city_small,32000,3304,2528,1815,3224,1317,1.025,2.6,50.2,994,789,18,663,53,2048,0.89,23.9,gus_modeled
2011,Myszków,Śląskie,city_small,32000,3461,2648,1901,3399,1386,1.018,4.3,51.0,1117,814,19,658,56,2098,0.91,23.5,gus_modeled
2012,Myszków,Śląskie,city_small,32000,3425,2620,1881,3521,1500,0.973,3.7,50.6,1098,894,20,682,60,2233,0.84,26.1,gus_modeled
2013,Myszków,Śląskie,city_small,32000,3596,2751,1975,3650,1600,0.985,0.9,51.4,1118,830,20,688,58,2175,0.91,23.1,gus_modeled
2014,Myszków,Śląskie,city_small,32000,3836,2935,2107,3783,1680,1.014,0.0,50.5,1091,841,19,709,60,2189,0.96,21.9,gus_modeled
2015,Myszków,Śląskie,city_small,32000,3876,2965,2129,3899,1750,0.994,-0.9,51.1,1099,866,19,688,58,2189,0.97,22.3,gus_modeled
2016,Myszków,Śląskie,city_small,32000,4114,3147,2260,4047,1850,1.017,-0.2,51.7,1118,850,19,671,60,2158,1.05,20.7,gus_modeled
2017,Myszków,Śląskie,city_small,32000,4329,3312,2378,4271,2000,1.014,2.0,51.7,1176,902,20,722,60,2285,1.04,20.8,gus_modeled
2018,Myszków,Śląskie,city_small,32000,4589,3511,2521,4585,2100,1.001,1.6,52.6,1112,889,20,694,63,2250,1.12,19.4,gus_modeled
2019,Myszków,Śląskie,city_small,32000,5010,3833,2752,4918,2250,1.019,2.3,52.1,1141,950,22,754,63,2416,1.14,19.0,gus_modeled
2020,Myszków,Śląskie,city_small,32000,5154,3943,2831,5167,2600,0.997,3.4,52.3,1195,979,21,778,66,2459,1.15,19.0,gus_modeled
2021,Myszków,Śląskie,city_small,32000,5666,4334,3112,5663,2800,1.001,5.1,53.2,1311,1012,23,783,68,2550,1.22,17.9,gus_modeled
2022,Myszków,Śląskie,city_small,32000,6194,4738,3402,6346,3010,0.976,14.4,52.4,1399,1093,25,894,79,2826,1.2,17.6,gus_modeled
2023,Myszków,Śląskie,city_small,32000,7087,5422,3893,7155,3490,0.99,11.5,53.5,1656,1312,28,1003,89,3254,1.2,18.5,gus_modeled
2024,Myszków,Śląskie,city_small,32000,8489,6494,4663,8604,4242,0.987,3.6,52.9,1647,1299,30,1046,87,3332,1.4,15.3,gus_modeled
2010,Żywiec,Śląskie,city_small,31000,3251,2487,1786,3224,1317,1.008,2.6,49.8,1072,757,18,621,54,1975,0.9,23.3,gus_modeled
2011,Żywiec,Śląskie,city_small,31000,3426,2621,1882,3399,1386,1.008,4.3,51.1,1078,801,19,666,59,2096,0.9,23.4,gus_modeled
2012,Żywiec,Śląskie,city_small,31000,3421,2617,1879,3521,1500,0.972,3.7,50.5,1101,887,20,668,59,2211,0.85,25.9,gus_modeled
2013,Żywiec,Śląskie,city_small,31000,3703,2833,2034,3650,1600,1.015,0.9,50.9,1111,849,19,695,61,2184,0.93,22.9,gus_modeled
2014,Żywiec,Śląskie,city_small,31000,3761,2877,2066,3783,1680,0.994,0.0,51.8,1151,873,20,702,62,2236,0.92,23.2,gus_modeled
2015,Żywiec,Śląskie,city_small,31000,3952,3023,2171,3899,1750,1.014,-0.9,52.2,1097,898,20,687,60,2242,0.97,22.7,gus_modeled
2016,Żywiec,Śląskie,city_small,31000,3927,3004,2157,4047,1850,0.97,-0.2,51.9,1168,889,21,666,61,2233,0.97,22.6,gus_modeled
2017,Żywiec,Śląskie,city_small,31000,4118,3150,2262,4271,2000,0.964,2.0,52.4,1092,879,20,689,63,2232,1.01,21.3,gus_modeled
2018,Żywiec,Śląskie,city_small,31000,4688,3586,2575,4585,2100,1.022,1.6,52.1,1111,907,21,698,60,2289,1.12,19.3,gus_modeled
2019,Żywiec,Śląskie,city_small,31000,4769,3648,2619,4918,2250,0.97,2.3,52.1,1223,877,21,735,65,2306,1.14,18.4,gus_modeled
2020,Żywiec,Śląskie,city_small,31000,5124,3920,2815,5167,2600,0.992,3.4,52.6,1272,936,21,730,67,2369,1.19,18.3,gus_modeled
2021,Żywiec,Śląskie,city_small,31000,5815,4448,3194,5663,2800,1.027,5.1,53.0,1240,964,22,785,71,2487,1.28,16.6,gus_modeled
2022,Żywiec,Śląskie,city_small,31000,6370,4873,3499,6346,3010,1.004,14.4,53.5,1529,1094,25,938,79,2871,1.22,17.2,gus_modeled
2023,Żywiec,Śląskie,city_small,31000,7190,5500,3949,7155,3490,1.005,11.5,53.3,1674,1193,29,1021,85,3169,1.25,16.6,gus_modeled
2024,Żywiec,Śląskie,city_small,31000,8496,6499,4666,8604,4242,0.987,3.6,53.5,1656,1360,30,1076,92,3428,1.36,16.0,gus_modeled
2010,Kraków,Małopolskie,metropolis,800000,3698,2829,2031,3224,1317,1.147,2.6,87.2,2214,1630,28,875,91,3339,0.61,44.1,numbeo
2011,Kraków,Małopolskie,metropolis,800000,3962,3031,2176,3399,1386,1.166,4.3,88.1,2342,1773,29,922,99,3564,0.61,44.8,numbeo
2012,Kraków,Małopolskie,metropolis,800000,3950,3022,2170,3521,1500,1.122,3.7,88.3,2478,1918,29,918,100,3713,0.58,48.6,numbeo
2013,Kraków,Małopolskie,metropolis,800000,4180,3198,2296,3650,1600,1.145,0.9,87.7,2514,1948,31,897,101,3765,0.61,46.6,numbeo
2014,Kraków,Małopolskie,metropolis,800000,4440,3397,2439,3783,1680,1.174,0.0,88.0,2543,1786,30,931,98,3614,0.67,40.2,numbeo
2015,Kraków,Małopolskie,metropolis,800000,4498,3441,2471,3899,1750,1.154,-0.9,89.6,2544,1863,29,898,101,3639,0.68,41.4,numbeo
2016,Kraków,Małopolskie,metropolis,800000,4816,3684,2645,4047,1850,1.19,-0.2,89.2,2494,1904,30,914,97,3712,0.71,39.5,numbeo
2017,Kraków,Małopolskie,metropolis,800000,4908,3755,2696,4271,2000,1.149,2.0,90.2,2633,1901,30,928,97,3727,0.72,38.7,numbeo
2018,Kraków,Małopolskie,metropolis,800000,5475,4188,3007,4585,2100,1.194,1.6,90.5,2519,1913,31,919,106,3762,0.8,34.9,numbeo
2019,Kraków,Małopolskie,metropolis,800000,5855,4479,3216,4918,2250,1.191,2.3,89.9,2596,1853,30,974,105,3741,0.86,31.6,numbeo
2020,Kraków,Małopolskie,metropolis,800000,6256,4786,3436,5167,2600,1.211,3.4,90.7,2621,2092,32,975,110,4033,0.85,33.4,numbeo
2021,Kraków,Małopolskie,metropolis,800000,6700,5126,3680,5663,2800,1.183,5.1,90.4,2958,2115,34,1032,111,4165,0.88,31.6,numbeo
2022,Kraków,Małopolskie,metropolis,800000,7238,5537,3976,6346,3010,1.141,14.4,91.8,3413,2306,38,1194,126,4646,0.86,31.9,numbeo
2023,Kraków,Małopolskie,metropolis,800000,8534,6529,4688,7155,3490,1.193,11.5,91.8,3823,2818,44,1388,144,5520,0.85,33.0,numbeo
2024,Kraków,Małopolskie,metropolis,800000,10395,7952,5710,8604,4242,1.208,3.6,91.5,3757,2866,45,1432,156,5654,1.01,27.6,numbeo
2010,Tarnów,Małopolskie,city_large,110000,2523,1930,1386,3224,1317,0.783,2.6,66.5,1527,1141,23,754,71,2609,0.53,45.2,numbeo
2011,Tarnów,Małopolskie,city_large,110000,2681,2051,1473,3399,1386,0.789,4.3,67.6,1625,1216,23,789,77,2732,0.54,45.4,numbeo
2012,Tarnów,Małopolskie,city_large,110000,2801,2143,1539,3521,1500,0.796,3.7,67.2,1774,1260,25,852,78,2887,0.53,45.0,numbeo
2013,Tarnów,Małopolskie,city_large,110000,2955,2261,1623,3650,1600,0.81,0.9,67.1,1789,1211,26,851,81,2862,0.57,41.0,numbeo
2014,Tarnów,Małopolskie,city_large,110000,2969,2271,1631,3783,1680,0.785,0.0,67.7,1715,1236,24,827,78,2820,0.58,41.6,numbeo
2015,Tarnów,Małopolskie,city_large,110000,3198,2446,1756,3899,1750,0.82,-0.9,68.1,1650,1281,25,833,76,2887,0.61,40.1,numbeo
2016,Tarnów,Małopolskie,city_large,110000,3240,2479,1780,4047,1850,0.801,-0.2,67.7,1736,1187,25,804,80,2768,0.64,36.6,numbeo
2017,Tarnów,Małopolskie,city_large,110000,3430,2624,1884,4271,2000,0.803,2.0,68.0,1746,1256,26,855,79,2911,0.65,36.6,numbeo
2018,Tarnów,Małopolskie,city_large,110000,3669,2807,2015,4585,2100,0.8,1.6,68.9,1782,1231,25,830,85,2850,0.71,33.6,numbeo
2019,Tarnów,Małopolskie,city_large,110000,3848,2944,2114,4918,2250,0.782,2.3,68.8,1781,1326,26,841,84,2980,0.71,34.5,numbeo
2020,Tarnów,Małopolskie,city_large,110000,4147,3172,2277,5167,2600,0.803,3.4,69.8,1854,1375,29,922,84,3177,0.72,33.2,numbeo
2021,Tarnów,Małopolskie,city_large,110000,4461,3413,2451,5663,2800,0.788,5.1,69.9,1877,1385,28,933,88,3193,0.77,31.0,numbeo
2022,Tarnów,Małopolskie,city_large,110000,5072,3880,2786,6346,3010,0.799,14.4,70.4,2190,1700,34,1053,102,3795,0.73,33.5,numbeo
2023,Tarnów,Małopolskie,city_large,110000,5945,4548,3265,7155,3490,0.831,11.5,70.1,2506,1786,37,1245,119,4180,0.78,30.0,numbeo
2024,Tarnów,Małopolskie,city_large,110000,7004,5358,3847,8604,4242,0.814,3.6,69.6,2549,1942,38,1271,117,4390,0.88,27.7,numbeo
2010,Nowy Sącz,Małopolskie,city_medium,83000,2366,1810,1300,3224,1317,0.734,2.6,57.7,1295,990,21,685,64,2342,0.56,41.8,numbeo
2011,Nowy Sącz,Małopolskie,city_medium,83000,2552,1952,1402,3399,1386,0.751,4.3,57.8,1368,936,22,706,64,2336,0.6,36.7,numbeo
2012,Nowy Sącz,Małopolskie,city_medium,83000,2723,2083,1496,3521,1500,0.773,3.7,58.1,1322,989,22,758,67,2451,0.61,36.3,numbeo
2013,Nowy Sącz,Małopolskie,city_medium,83000,2790,2134,1532,3650,1600,0.764,0.9,58.9,1418,1068,22,791,67,2565,0.6,38.3,numbeo
2014,Nowy Sącz,Małopolskie,city_medium,83000,2809,2149,1543,3783,1680,0.743,0.0,58.1,1372,1059,21,793,67,2538,0.61,37.7,numbeo
2015,Nowy Sącz,Małopolskie,city_medium,83000,2951,2258,1621,3899,1750,0.757,-0.9,59.7,1323,1056,21,727,69,2469,0.66,35.8,numbeo
2016,Nowy Sącz,Małopolskie,city_medium,83000,3023,2313,1661,4047,1850,0.747,-0.2,58.5,1412,1001,22,775,68,2481,0.67,33.1,numbeo
2017,Nowy Sącz,Małopolskie,city_medium,83000,3303,2527,1814,4271,2000,0.773,2.0,59.0,1437,1015,22,753,69,2478,0.73,30.7,numbeo
2018,Nowy Sącz,Małopolskie,city_medium,83000,3550,2716,1950,4585,2100,0.774,1.6,60.3,1441,1016,21,787,72,2499,0.78,28.6,numbeo
2019,Nowy Sącz,Małopolskie,city_medium,83000,3745,2865,2057,4918,2250,0.761,2.3,60.2,1399,1131,22,789,74,2643,0.78,30.2,numbeo
2020,Nowy Sącz,Małopolskie,city_medium,83000,4078,3120,2240,5167,2600,0.789,3.4,60.8,1488,1076,23,807,75,2634,0.85,26.4,numbeo
2021,Nowy Sącz,Małopolskie,city_medium,83000,4421,3382,2428,5663,2800,0.781,5.1,60.6,1537,1114,24,892,78,2791,0.87,25.2,numbeo
2022,Nowy Sącz,Małopolskie,city_medium,83000,5031,3849,2764,6346,3010,0.793,14.4,60.7,1902,1389,27,1029,89,3307,0.84,27.6,numbeo
2023,Nowy Sącz,Małopolskie,city_medium,83000,5636,4312,3096,7155,3490,0.788,11.5,60.5,1929,1506,32,1130,99,3665,0.84,26.7,numbeo
2024,Nowy Sącz,Małopolskie,city_medium,83000,6930,5301,3806,8604,4242,0.805,3.6,60.7,2128,1609,32,1181,108,3838,0.99,23.2,numbeo
2010,Wadowice,Małopolskie,town,20000,2492,1906,1369,3224,1317,0.773,2.6,44.6,857,660,15,600,41,1784,0.77,26.5,numbeo
2011,Wadowice,Małopolskie,town,20000,2635,2016,1447,3399,1386,0.775,4.3,44.1,870,673,17,623,43,1869,0.77,25.5,numbeo
2012,Wadowice,Małopolskie,town,20000,2629,2011,1444,3521,1500,0.747,3.7,43.9,871,689,17,634,45,1905,0.76,26.2,numbeo
2013,Wadowice,Małopolskie,town,20000,2746,2101,1509,3650,1600,0.752,0.9,44.2,854,664,17,652,46,1901,0.79,24.2,numbeo
2014,Wadowice,Małopolskie,town,20000,3021,2311,1659,3783,1680,0.799,0.0,44.0,909,688,18,639,46,1932,0.86,22.8,numbeo
2015,Wadowice,Małopolskie,town,20000,3091,2365,1698,3899,1750,0.793,-0.9,44.1,913,697,17,667,48,1949,0.87,22.5,numbeo
2016,Wadowice,Małopolskie,town,20000,3055,2337,1678,4047,1850,0.755,-0.2,45.1,858,687,18,665,45,1954,0.86,22.5,numbeo
2017,Wadowice,Małopolskie,town,20000,3266,2498,1794,4271,2000,0.765,2.0,44.5,943,721,17,644,48,1954,0.92,22.1,numbeo
2018,Wadowice,Małopolskie,town,20000,3625,2773,1991,4585,2100,0.791,1.6,45.5,911,692,18,647,48,1951,1.02,19.1,numbeo
2019,Wadowice,Małopolskie,town,20000,3973,3039,2182,4918,2250,0.808,2.3,45.2,969,761,18,665,50,2045,1.07,19.2,numbeo
2020,Wadowice,Małopolskie,town,20000,3999,3059,2196,5167,2600,0.774,3.4,45.4,1010,774,18,710,51,2111,1.04,19.4,numbeo
2021,Wadowice,Małopolskie,town,20000,4404,3369,2419,5663,2800,0.778,5.1,45.4,1057,796,19,759,55,2217,1.09,18.1,numbeo
2022,Wadowice,Małopolskie,town,20000,5063,3873,2781,6346,3010,0.798,14.4,45.4,1144,912,22,833,60,2505,1.11,18.0,numbeo
2023,Wadowice,Małopolskie,town,20000,5507,4213,3025,7155,3490,0.77,11.5,46.6,1244,1002,25,931,69,2792,1.08,18.2,numbeo
2024,Wadowice,Małopolskie,town,20000,7016,5367,3854,8604,4242,0.815,3.6,46.2,1306,1050,26,946,70,2886,1.34,15.0,numbeo
2010,Wieliczka,Małopolskie,town,23000,2681,2051,1473,3224,1317,0.832,2.6,63.7,855,633,15,608,43,1767,0.83,23.6,numbeo
2011,Wieliczka,Małopolskie,town,23000,2828,2163,1553,3399,1386,0.832,4.3,63.5,881,664,16,642,45,1861,0.83,23.5,numbeo
2012,Wieliczka,Małopolskie,town,23000,2915,2230,1601,3521,1500,0.828,3.7,64.6,853,669,17,632,45,1883,0.85,23.0,numbeo
2013,Wieliczka,Małopolskie,town,23000,3170,2425,1741,3650,1600,0.868,0.9,64.0,905,695,16,672,45,1931,0.9,21.9,numbeo
2014,Wieliczka,Małopolskie,town,23000,3132,2396,1720,3783,1680,0.828,0.0,63.9,861,670,17,643,45,1897,0.91,21.4,numbeo
2015,Wieliczka,Małopolskie,town,23000,3248,2485,1784,3899,1750,0.833,-0.9,64.6,853,704,17,636,45,1922,0.93,21.7,numbeo
2016,Wieliczka,Małopolskie,town,23000,3391,2594,1862,4047,1850,0.838,-0.2,65.4,875,687,16,662,45,1911,0.97,20.3,numbeo
2017,Wieliczka,Małopolskie,town,23000,3600,2754,1977,4271,2000,0.843,2.0,65.4,906,696,18,658,46,1961,1.01,19.3,numbeo
2018,Wieliczka,Małopolskie,town,23000,3837,2935,2107,4585,2100,0.837,1.6,65.8,882,700,17,670,48,1962,1.07,18.2,numbeo
2019,Wieliczka,Małopolskie,town,23000,4337,3318,2382,4918,2250,0.882,2.3,66.3,911,767,19,707,48,2111,1.13,17.7,numbeo
2020,Wieliczka,Małopolskie,town,23000,4496,3439,2469,5167,2600,0.87,3.4,65.4,947,768,19,678,49,2091,1.18,17.1,numbeo
2021,Wieliczka,Małopolskie,town,23000,4821,3688,2648,5663,2800,0.851,5.1,65.8,1026,765,20,747,54,2193,1.21,15.9,numbeo
2022,Wieliczka,Małopolskie,town,23000,5672,4339,3115,6346,3010,0.894,14.4,66.5,1118,872,23,855,62,2509,1.24,15.4,numbeo
2023,Wieliczka,Małopolskie,town,23000,6273,4799,3446,7155,3490,0.877,11.5,66.1,1310,988,25,967,65,2810,1.23,15.8,numbeo
2024,Wieliczka,Małopolskie,town,23000,7736,5918,4249,8604,4242,0.899,3.6,67.3,1289,1045,27,948,69,2902,1.46,13.5,numbeo
2010,Zakopane,Małopolskie,town,27000,2516,1925,1382,3224,1317,0.78,2.6,70.5,805,636,15,576,43,1738,0.8,25.3,numbeo
2011,Zakopane,Małopolskie,town,27000,2659,2034,1460,3399,1386,0.782,4.3,71.2,851,694,17,640,44,1908,0.77,26.1,numbeo
2012,Zakopane,Małopolskie,town,27000,2791,2135,1533,3521,1500,0.793,3.7,71.6,884,711,17,635,45,1928,0.8,25.5,numbeo
2013,Zakopane,Małopolskie,town,27000,2866,2192,1574,3650,1600,0.785,0.9,71.0,904,687,17,659,47,1932,0.81,24.0,numbeo
2014,Zakopane,Małopolskie,town,27000,2896,2215,1590,3783,1680,0.766,0.0,71.0,917,686,18,630,48,1923,0.83,23.7,numbeo
2015,Zakopane,Małopolskie,town,27000,2998,2293,1646,3899,1750,0.769,-0.9,71.6,853,705,16,623,48,1893,0.87,23.5,numbeo
2016,Zakopane,Małopolskie,town,27000,3145,2406,1728,4047,1850,0.777,-0.2,72.6,878,720,18,625,47,1949,0.89,22.9,numbeo
2017,Zakopane,Małopolskie,town,27000,3490,2670,1917,4271,2000,0.817,2.0,72.5,863,709,17,681,48,1979,0.97,20.3,numbeo
2018,Zakopane,Małopolskie,town,27000,3702,2832,2033,4585,2100,0.807,1.6,72.9,891,743,17,660,48,1995,1.02,20.1,numbeo
2019,Zakopane,Małopolskie,town,27000,3924,3002,2155,4918,2250,0.798,2.3,73.1,963,702,17,694,50,1995,1.08,17.9,numbeo
2020,Zakopane,Małopolskie,town,27000,4037,3088,2217,5167,2600,0.781,3.4,72.4,978,760,19,726,51,2133,1.04,18.8,numbeo
2021,Zakopane,Małopolskie,town,27000,4524,3461,2485,5663,2800,0.799,5.1,72.8,995,824,19,727,54,2212,1.12,18.2,numbeo
2022,Zakopane,Małopolskie,town,27000,5076,3883,2788,6346,3010,0.8,14.4,72.8,1118,874,22,863,63,2500,1.12,17.2,numbeo
2023,Zakopane,Małopolskie,town,27000,5654,4325,3105,7155,3490,0.79,11.5,73.3,1247,985,26,955,70,2820,1.1,17.4,numbeo
2024,Zakopane,Małopolskie,town,27000,7133,5457,3918,8604,4242,0.829,3.6,73.2,1388,1100,27,982,71,2993,1.31,15.4,numbeo
2010,Skawina,Małopolskie,town,25000,2535,1939,1392,3224,1317,0.786,2.6,43.9,817,631,16,580,44,1758,0.79,24.9,numbeo
2011,Skawina,Małopolskie,town,25000,2780,2127,1527,3399,1386,0.818,4.3,44.2,887,660,17,611,46,1847,0.83,23.7,numbeo
2012,Skawina,Małopolskie,town,25000,2947,2254,1618,3521,1500,0.837,3.7,44.2,931,713,18,642,47,1959,0.83,24.2,numbeo
2013,Skawina,Małopolskie,town,25000,3077,2354,1690,3650,1600,0.843,0.9,43.8,935,672,17,672,46,1929,0.88,21.8,numbeo
2014,Skawina,Małopolskie,town,25000,3122,2388,1715,3783,1680,0.825,0.0,44.4,895,706,18,632,47,1944,0.88,22.6,numbeo
2015,Skawina,Małopolskie,town,25000,3300,2524,1812,3899,1750,0.846,-0.9,44.6,856,701,17,641,47,1926,0.94,21.2,numbeo
2016,Skawina,Małopolskie,town,25000,3234,2474,1776,4047,1850,0.799,-0.2,45.4,918,671,18,618,46,1892,0.94,20.7,numbeo
2017,Skawina,Małopolskie,town,25000,3553,2718,1952,4271,2000,0.832,2.0,45.4,883,673,18,659,45,1938,1.01,18.9,numbeo
2018,Skawina,Małopolskie,town,25000,3923,3001,2155,4585,2100,0.856,1.6,45.2,904,735,18,643,48,1990,1.08,18.7,numbeo
2019,Skawina,Małopolskie,town,25000,4066,3110,2233,4918,2250,0.827,2.3,45.7,974,753,18,666,47,2035,1.1,18.5,numbeo
2020,Skawina,Małopolskie,town,25000,4260,3259,2340,5167,2600,0.824,3.4,46.3,1019,756,18,713,51,2096,1.12,17.7,numbeo
2021,Skawina,Małopolskie,town,25000,4708,3602,2586,5663,2800,0.831,5.1,45.7,1037,768,19,759,54,2188,1.18,16.3,numbeo
2022,Skawina,Małopolskie,town,25000,5245,4012,2881,6346,3010,0.827,14.4,45.9,1184,886,23,846,62,2514,1.15,16.9,numbeo
2023,Skawina,Małopolskie,town,25000,5834,4463,3204,7155,3490,0.815,11.5,45.7,1328,988,26,930,70,2798,1.15,16.9,numbeo
2024,Skawina,Małopolskie,town,25000,7053,5396,3874,8604,4242,0.82,3.6,46.6,1341,1074,26,1009,72,2975,1.3,15.2,numbeo
2010,Bochnia,Małopolskie,town,30000,2425,1855,1332,3224,1317,0.752,2.6,44.8,821,646,16,587,42,1778,0.75,26.6,numbeo
2011,Bochnia,Małopolskie,town,30000,2442,1868,1341,3399,1386,0.718,4.3,44.0,881,690,17,614,45,1879,0.71,28.3,numbeo
2012,Bochnia,Małopolskie,town,30000,2587,1979,1421,3521,1500,0.735,3.7,44.4,912,673,18,669,47,1946,0.73,26.0,numbeo
2013,Bochnia,Małopolskie,town,30000,2632,2013,1445,3650,1600,0.721,0.9,44.6,891,714,18,670,46,1989,0.73,27.1,numbeo
2014,Bochnia,Małopolskie,town,30000,2796,2139,1536,3783,1680,0.739,0.0,44.0,900,712,17,643,46,1940,0.79,25.5,numbeo
2015,Bochnia,Małopolskie,town,30000,2993,2290,1644,3899,1750,0.768,-0.9,44.4,873,665,17,622,48,1872,0.88,22.2,numbeo
2016,Bochnia,Małopolskie,town,30000,2997,2293,1646,4047,1850,0.741,-0.2,44.6,883,695,18,651,46,1949,0.84,23.2,numbeo
2017,Bochnia,Małopolskie,town,30000,3206,2453,1761,4271,2000,0.751,2.0,45.1,911,685,17,633,49,1908,0.92,21.4,numbeo
2018,Bochnia,Małopolskie,town,30000,3514,2688,1930,4585,2100,0.766,1.6,45.6,935,687,18,670,47,1968,0.98,19.6,numbeo
2019,Bochnia,Małopolskie,town,30000,3682,2817,2023,4918,2250,0.749,2.3,46.3,950,699,18,656,50,1974,1.02,19.0,numbeo
2020,Bochnia,Małopolskie,town,30000,3913,2993,2149,5167,2600,0.757,3.4,46.3,993,773,19,710,50,2129,1.01,19.8,numbeo
2021,Bochnia,Małopolskie,town,30000,4125,3156,2266,5663,2800,0.728,5.1,45.7,1003,798,20,769,52,2246,1.01,19.3,numbeo
2022,Bochnia,Małopolskie,town,30000,4902,3750,2692,6346,3010,0.772,14.4,46.2,1213,889,23,848,62,2519,1.07,18.1,numbeo
2023,Bochnia,Małopolskie,town,30000,5315,4066,2919,7155,3490,0.743,11.5,45.7,1323,1042,24,915,67,2794,1.04,19.6,numbeo
2024,Bochnia,Małopolskie,town,30000,6421,4912,3527,8604,4242,0.746,3.6,46.7,1313,1001,27,982,72,2895,1.22,15.6,numbeo
2010,Krosno,Małopolskie,city_small,46000,2414,1847,1326,3224,1317,0.749,2.6,54.7,1009,820,18,663,56,2082,0.64,34.0,numbeo
2011,Krosno,Małopolskie,city_small,46000,2491,1906,1369,3399,1386,0.733,4.3,55.0,1048,791,18,674,56,2071,0.66,31.8,numbeo
2012,Krosno,Małopolskie,city_small,46000,2667,2040,1465,3521,1500,0.757,3.7,54.7,1172,853,20,707,60,2217,0.66,32.0,numbeo
2013,Krosno,Małopolskie,city_small,46000,2763,2114,1518,3650,1600,0.757,0.9,55.6,1128,864,19,718,59,2220,0.68,31.3,numbeo
2014,Krosno,Małopolskie,city_small,46000,2928,2240,1608,3783,1680,0.774,0.0,55.5,1167,833,21,685,62,2199,0.73,28.4,numbeo
2015,Krosno,Małopolskie,city_small,46000,2974,2275,1633,3899,1750,0.763,-0.9,56.1,1113,892,19,701,61,2231,0.73,30.0,numbeo
2016,Krosno,Małopolskie,city_small,46000,3050,2333,1675,4047,1850,0.754,-0.2,55.1,1079,874,20,684,57,2212,0.76,28.7,numbeo
2017,Krosno,Małopolskie,city_small,46000,3248,2485,1784,4271,2000,0.76,2.0,55.9,1178,890,20,726,62,2279,0.78,27.4,numbeo
2018,Krosno,Małopolskie,city_small,46000,3523,2695,1935,4585,2100,0.768,1.6,55.6,1176,907,21,723,63,2317,0.84,25.7,numbeo
2019,Krosno,Małopolskie,city_small,46000,3653,2795,2007,4918,2250,0.743,2.3,57.2,1214,947,20,738,61,2355,0.85,25.9,numbeo
2020,Krosno,Małopolskie,city_small,46000,4063,3108,2232,5167,2600,0.786,3.4,57.2,1218,901,21,765,62,2364,0.94,22.2,numbeo
2021,Krosno,Małopolskie,city_small,46000,4176,3195,2294,5663,2800,0.737,5.1,57.4,1244,995,23,818,66,2566,0.89,23.8,numbeo
2022,Krosno,Małopolskie,city_small,46000,4880,3733,2680,6346,3010,0.769,14.4,57.8,1501,1163,25,907,76,2906,0.92,23.8,numbeo
2023,Krosno,Małopolskie,city_small,46000,5326,4074,2925,7155,3490,0.744,11.5,57.3,1676,1262,29,1038,86,3256,0.9,23.7,numbeo
2024,Krosno,Małopolskie,city_small,46000,6668,5101,3663,8604,4242,0.775,3.6,57.0,1737,1352,29,1090,88,3410,1.07,20.3,numbeo
2010,Głogów Małopolski,Małopolskie,small_town,15000,2209,1690,1213,3224,1317,0.685,2.6,38.4,650,542,14,539,33,1577,0.77,24.5,numbeo
2011,Głogów Małopolski,Małopolskie,small_town,15000,2351,1799,1292,3399,1386,0.692,4.3,38.8,714,537,15,569,34,1630,0.79,22.8,numbeo
2012,Głogów Małopolski,Małopolskie,small_town,15000,2478,1896,1361,3521,1500,0.704,3.7,39.6,713,566,15,630,36,1729,0.79,22.8,numbeo
2013,Głogów Małopolski,Małopolskie,small_town,15000,2561,1959,1407,3650,1600,0.702,0.9,38.8,766,578,15,597,37,1711,0.82,22.6,numbeo
2014,Głogów Małopolski,Małopolskie,small_town,15000,2592,1983,1424,3783,1680,0.685,0.0,39.6,735,567,15,590,35,1691,0.84,21.9,numbeo
2015,Głogów Małopolski,Małopolskie,small_town,15000,2710,2073,1488,3899,1750,0.695,-0.9,40.1,713,533,15,622,36,1688,0.88,19.7,numbeo
2016,Głogów Małopolski,Małopolskie,small_town,15000,2800,2142,1538,4047,1850,0.692,-0.2,40.1,702,539,15,598,35,1669,0.92,19.2,numbeo
2017,Głogów Małopolski,Małopolskie,small_town,15000,2923,2236,1605,4271,2000,0.684,2.0,39.2,725,557,15,599,36,1693,0.95,19.1,numbeo
2018,Głogów Małopolski,Małopolskie,small_town,15000,3254,2489,1787,4585,2100,0.71,1.6,40.8,778,574,16,637,39,1774,1.01,17.6,numbeo
2019,Głogów Małopolski,Małopolskie,small_town,15000,3375,2582,1854,4918,2250,0.686,2.3,39.9,739,621,17,639,37,1846,1.0,18.4,numbeo
2020,Głogów Małopolski,Małopolskie,small_town,15000,3548,2714,1949,5167,2600,0.687,3.4,39.7,767,592,16,652,40,1820,1.07,16.7,numbeo
2021,Głogów Małopolski,Małopolskie,small_town,15000,4020,3075,2208,5663,2800,0.71,5.1,41.2,865,654,17,678,41,1940,1.14,16.3,numbeo
2022,Głogów Małopolski,Małopolskie,small_town,15000,4349,3327,2389,6346,3010,0.685,14.4,40.9,935,744,21,769,46,2239,1.07,17.1,numbeo
2023,Głogów Małopolski,Małopolskie,small_town,15000,5239,4008,2878,7155,3490,0.732,11.5,40.5,1030,828,21,873,51,2462,1.17,15.8,numbeo
2024,Głogów Małopolski,Małopolskie,small_town,15000,6006,4595,3299,8604,4242,0.698,3.6,40.9,1058,818,23,897,55,2530,1.3,13.6,numbeo
2010,Olkusz,Małopolskie,city_small,37000,3247,2484,1784,3224,1317,1.007,2.6,51.7,1062,761,18,639,55,1998,0.89,23.4,gus_modeled
2011,Olkusz,Małopolskie,city_small,37000,3467,2652,1904,3399,1386,1.02,4.3,51.5,1129,834,20,690,59,2173,0.88,24.1,gus_modeled
2012,Olkusz,Małopolskie,city_small,37000,3430,2624,1884,3521,1500,0.974,3.7,51.8,1092,846,19,681,59,2163,0.87,24.7,gus_modeled
2013,Olkusz,Małopolskie,city_small,37000,3622,2771,1990,3650,1600,0.992,0.9,52.0,1147,857,19,686,59,2181,0.91,23.7,gus_modeled
2014,Olkusz,Małopolskie,city_small,37000,3767,2882,2069,3783,1680,0.996,0.0,51.9,1098,883,20,723,58,2263,0.91,23.4,gus_modeled
2015,Olkusz,Małopolskie,city_small,37000,3932,3008,2160,3899,1750,1.008,-0.9,51.3,1074,884,19,695,60,2216,0.97,22.5,gus_modeled
2016,Olkusz,Małopolskie,city_small,37000,4007,3065,2201,4047,1850,0.99,-0.2,52.0,1129,887,19,686,60,2210,1.0,22.1,gus_modeled
2017,Olkusz,Małopolskie,city_small,37000,4175,3194,2293,4271,2000,0.978,2.0,51.7,1116,873,21,698,59,2251,1.02,20.9,gus_modeled
2018,Olkusz,Małopolskie,city_small,37000,4574,3499,2512,4585,2100,0.998,1.6,52.6,1175,925,20,687,64,2280,1.1,20.2,gus_modeled
2019,Olkusz,Małopolskie,city_small,37000,4822,3689,2649,4918,2250,0.98,2.3,53.0,1175,881,21,706,65,2281,1.16,18.3,gus_modeled
2020,Olkusz,Małopolskie,city_small,37000,5144,3935,2825,5167,2600,0.996,3.4,52.4,1212,917,21,771,66,2390,1.18,17.8,gus_modeled
2021,Olkusz,Małopolskie,city_small,37000,5917,4527,3250,5663,2800,1.045,5.1,53.8,1235,978,24,782,66,2533,1.28,16.5,gus_modeled
2022,Olkusz,Małopolskie,city_small,37000,6626,5069,3640,6346,3010,1.044,14.4,53.6,1485,1172,26,933,80,2965,1.23,17.7,gus_modeled
2023,Olkusz,Małopolskie,city_small,37000,7168,5484,3938,7155,3490,1.002,11.5,52.9,1578,1200,29,1053,85,3208,1.23,16.7,gus_modeled
2024,Olkusz,Małopolskie,city_small,37000,8498,6501,4668,8604,4242,0.988,3.6,53.4,1726,1313,29,1076,93,3362,1.39,15.5,gus_modeled
2010,Oświęcim,Małopolskie,city_small,39000,3198,2446,1756,3224,1317,0.992,2.6,51.4,994,798,18,636,56,2033,0.86,25.0,gus_modeled
2011,Oświęcim,Małopolskie,city_small,39000,3338,2554,1834,3399,1386,0.982,4.3,51.6,1038,800,20,665,57,2112,0.87,24.0,gus_modeled
2012,Oświęcim,Małopolskie,city_small,39000,3586,2743,1969,3521,1500,1.018,3.7,51.1,1123,823,19,709,59,2168,0.91,23.0,gus_modeled
2013,Oświęcim,Małopolskie,city_small,39000,3742,2863,2056,3650,1600,1.025,0.9,51.8,1142,903,21,711,61,2294,0.9,24.1,gus_modeled
2014,Oświęcim,Małopolskie,city_small,39000,3875,2964,2128,3783,1680,1.024,0.0,51.6,1099,838,19,681,59,2157,0.99,21.6,gus_modeled
2015,Oświęcim,Małopolskie,city_small,39000,3981,3045,2186,3899,1750,1.021,-0.9,52.6,1166,858,20,678,59,2192,1.0,21.6,gus_modeled
2016,Oświęcim,Małopolskie,city_small,39000,4147,3172,2277,4047,1850,1.025,-0.2,52.2,1133,886,21,688,61,2252,1.01,21.4,gus_modeled
2017,Oświęcim,Małopolskie,city_small,39000,4297,3287,2360,4271,2000,1.006,2.0,52.8,1085,904,19,727,62,2274,1.04,21.0,gus_modeled
2018,Oświęcim,Małopolskie,city_small,39000,4445,3400,2441,4585,2100,0.969,1.6,51.9,1189,883,21,692,60,2259,1.08,19.9,gus_modeled
2019,Oświęcim,Małopolskie,city_small,39000,4857,3716,2668,4918,2250,0.988,2.3,52.0,1230,930,20,739,64,2342,1.14,19.1,gus_modeled
2020,Oświęcim,Małopolskie,city_small,39000,5225,3997,2870,5167,2600,1.011,3.4,52.5,1167,955,22,733,67,2411,1.19,18.3,gus_modeled
2021,Oświęcim,Małopolskie,city_small,39000,5607,4289,3080,5663,2800,0.99,5.1,53.0,1269,997,24,790,66,2560,1.2,17.8,gus_modeled
2022,Oświęcim,Małopolskie,city_small,39000,6448,4933,3542,6346,3010,1.016,14.4,53.5,1511,1109,27,941,81,2931,1.21,17.2,gus_modeled
2023,Oświęcim,Małopolskie,city_small,39000,7397,5659,4063,7155,3490,1.034,11.5,54.1,1600,1313,30,1051,89,3343,1.22,17.8,gus_modeled
2024,Oświęcim,Małopolskie,city_small,39000,8458,6470,4645,8604,4242,0.983,3.6,53.9,1757,1286,29,1060,88,3314,1.4,15.2,gus_modeled
2010,Nowy Targ,Małopolskie,town,33000,2957,2262,1624,3224,1317,0.917,2.6,43.5,819,658,16,620,44,1825,0.89,22.3,gus_modeled
2011,Nowy Targ,Małopolskie,town,33000,3130,2394,1719,3399,1386,0.921,4.3,44.7,871,672,17,628,43,1873,0.92,21.5,gus_modeled
2012,Nowy Targ,Małopolskie,town,33000,3194,2443,1754,3521,1500,0.907,3.7,45.0,931,694,18,669,44,1964,0.89,21.7,gus_modeled
2013,Nowy Targ,Małopolskie,town,33000,3249,2485,1784,3650,1600,0.89,0.9,44.9,860,694,17,640,48,1921,0.93,21.4,gus_modeled
2014,Nowy Targ,Małopolskie,town,33000,3414,2612,1875,3783,1680,0.902,0.0,45.4,940,683,18,635,45,1922,0.98,20.0,gus_modeled
2015,Nowy Targ,Małopolskie,town,33000,3641,2785,2000,3899,1750,0.934,-0.9,44.1,908,674,18,650,45,1926,1.04,18.5,gus_modeled
2016,Nowy Targ,Małopolskie,town,33000,3852,2947,2116,4047,1850,0.952,-0.2,45.5,854,702,18,647,46,1952,1.08,18.2,gus_modeled
2017,Nowy Targ,Małopolskie,town,33000,4103,3139,2254,4271,2000,0.961,2.0,45.2,934,711,17,672,46,1970,1.14,17.3,gus_modeled
2018,Nowy Targ,Małopolskie,town,33000,4166,3187,2288,4585,2100,0.909,1.6,46.1,960,710,17,687,47,1988,1.15,17.0,gus_modeled
2019,Nowy Targ,Małopolskie,town,33000,4693,3590,2578,4918,2250,0.954,2.3,46.0,949,752,18,663,48,2032,1.27,16.0,gus_modeled
2020,Nowy Targ,Małopolskie,town,33000,4929,3771,2708,5167,2600,0.954,3.4,46.3,990,764,18,725,51,2116,1.28,15.5,gus_modeled
2021,Nowy Targ,Małopolskie,town,33000,5232,4002,2873,5663,2800,0.924,5.1,45.6,1008,832,20,722,52,2233,1.29,15.9,gus_modeled
2022,Nowy Targ,Małopolskie,town,33000,5857,4481,3217,6346,3010,0.923,14.4,45.8,1166,949,23,835,60,2564,1.25,16.2,gus_modeled
2023,Nowy Targ,Małopolskie,town,33000,6817,5215,3744,7155,3490,0.953,11.5,46.4,1243,1014,25,916,67,2787,1.34,14.9,gus_modeled
2024,Nowy Targ,Małopolskie,town,33000,8093,6191,4445,8604,4242,0.941,3.6,47.2,1299,1071,26,1013,69,2973,1.5,13.2,gus_modeled
2010,Miechów,Małopolskie,small_town,12000,2754,2107,1513,3224,1317,0.854,2.6,39.4,644,511,14,546,33,1553,0.97,18.6,gus_modeled
2011,Miechów,Małopolskie,small_town,12000,2937,2247,1613,3399,1386,0.864,4.3,39.7,665,516,15,584,34,1624,0.99,17.6,gus_modeled
2012,Miechów,Małopolskie,small_town,12000,2956,2261,1623,3521,1500,0.84,3.7,39.2,718,534,16,590,35,1676,0.97,18.1,gus_modeled
2013,Miechów,Małopolskie,small_town,12000,3182,2434,1748,3650,1600,0.872,0.9,38.7,761,549,16,593,37,1698,1.03,17.3,gus_modeled
2014,Miechów,Małopolskie,small_town,12000,3342,2557,1836,3783,1680,0.883,0.0,39.1,740,541,15,621,36,1697,1.08,16.2,gus_modeled
2015,Miechów,Małopolskie,small_town,12000,3401,2602,1868,3899,1750,0.872,-0.9,40.4,710,564,15,585,37,1683,1.11,16.6,gus_modeled
2016,Miechów,Małopolskie,small_town,12000,3465,2651,1903,4047,1850,0.856,-0.2,40.1,731,544,16,596,37,1694,1.12,15.7,gus_modeled
2017,Miechów,Małopolskie,small_town,12000,3726,2850,2046,4271,2000,0.872,2.0,39.3,767,544,15,599,37,1681,1.22,14.6,gus_modeled
2018,Miechów,Małopolskie,small_town,12000,4060,3106,2230,4585,2100,0.885,1.6,40.2,758,605,15,608,37,1754,1.27,14.9,gus_modeled
2019,Miechów,Małopolskie,small_town,12000,4374,3346,2402,4918,2250,0.889,2.3,40.4,804,598,15,640,39,1786,1.34,13.7,gus_modeled
2020,Miechów,Małopolskie,small_town,12000,4610,3527,2532,5167,2600,0.892,3.4,41.2,830,622,17,672,39,1889,1.34,13.5,gus_modeled
2021,Miechów,Małopolskie,small_town,12000,5038,3854,2767,5663,2800,0.89,5.1,40.9,819,674,17,675,43,1959,1.41,13.4,gus_modeled
2022,Miechów,Małopolskie,small_town,12000,5700,4360,3130,6346,3010,0.898,14.4,41.4,962,746,20,769,46,2221,1.41,13.1,gus_modeled
2023,Miechów,Małopolskie,small_town,12000,6091,4660,3346,7155,3490,0.851,11.5,41.0,1045,838,22,875,51,2494,1.34,13.8,gus_modeled
2024,Miechów,Małopolskie,small_town,12000,7371,5639,4049,8604,4242,0.857,3.6,40.2,1125,873,23,892,55,2580,1.57,11.8,gus_modeled
2010,Wrocław,Dolnośląskie,metropolis,650000,3727,2851,2047,3224,1317,1.156,2.6,86.1,2311,1675,27,825,93,3316,0.62,44.9,numbeo
2011,Wrocław,Dolnośląskie,metropolis,650000,4098,3135,2251,3399,1386,1.206,4.3,85.8,2321,1772,30,915,93,3570,0.63,43.2,numbeo
2012,Wrocław,Dolnośląskie,metropolis,650000,4299,3289,2362,3521,1500,1.221,3.7,86.0,2502,1800,31,894,103,3614,0.65,41.9,numbeo
2013,Wrocław,Dolnośląskie,metropolis,650000,4274,3270,2348,3650,1600,1.171,0.9,85.7,2615,1938,30,895,102,3734,0.63,45.3,numbeo
2014,Wrocław,Dolnośląskie,metropolis,650000,4459,3411,2449,3783,1680,1.179,0.0,87.3,2586,1791,28,953,100,3603,0.68,40.2,numbeo
2015,Wrocław,Dolnośląskie,metropolis,650000,4623,3537,2540,3899,1750,1.186,-0.9,86.8,2547,1837,30,937,100,3671,0.69,39.7,numbeo
2016,Wrocław,Dolnośląskie,metropolis,650000,4987,3815,2739,4047,1850,1.232,-0.2,87.4,2594,1766,28,940,99,3562,0.77,35.4,numbeo
2017,Wrocław,Dolnośląskie,metropolis,650000,5229,4000,2872,4271,2000,1.224,2.0,88.1,2603,1831,30,950,101,3683,0.78,35.0,numbeo
2018,Wrocław,Dolnośląskie,metropolis,650000,5486,4197,3013,4585,2100,1.197,1.6,88.5,2559,1939,29,981,103,3807,0.79,35.3,numbeo
2019,Wrocław,Dolnośląskie,metropolis,650000,5944,4547,3265,4918,2250,1.209,2.3,87.6,2700,1891,33,979,101,3840,0.85,31.8,numbeo
2020,Wrocław,Dolnośląskie,metropolis,650000,6350,4858,3488,5167,2600,1.229,3.4,89.0,2846,2009,33,1044,108,4037,0.86,31.6,numbeo
2021,Wrocław,Dolnośląskie,metropolis,650000,6925,5298,3804,5663,2800,1.223,5.1,89.8,2744,2052,33,1092,115,4146,0.92,29.6,numbeo
2022,Wrocław,Dolnośląskie,metropolis,650000,7830,5990,4301,6346,3010,1.234,14.4,89.1,3357,2383,37,1258,133,4774,0.9,30.4,numbeo
2023,Wrocław,Dolnośląskie,metropolis,650000,8342,6382,4582,7155,3490,1.166,11.5,89.7,3824,2700,42,1360,150,5340,0.86,32.4,numbeo
2024,Wrocław,Dolnośląskie,metropolis,650000,10607,8114,5826,8604,4242,1.233,3.6,90.1,3630,2685,43,1426,148,5419,1.08,25.3,numbeo
2010,Legnica,Dolnośląskie,city_large,100000,2718,2079,1493,3224,1317,0.843,2.6,67.5,1525,1134,24,759,73,2629,0.57,41.7,numbeo
2011,Legnica,Dolnośląskie,city_large,100000,2970,2272,1631,3399,1386,0.874,4.3,68.0,1676,1250,25,765,77,2782,0.59,42.1,numbeo
2012,Legnica,Dolnośląskie,city_large,100000,3004,2298,1650,3521,1500,0.853,3.7,66.8,1663,1208,26,836,79,2840,0.58,40.2,numbeo
2013,Legnica,Dolnośląskie,city_large,100000,3195,2444,1755,3650,1600,0.875,0.9,67.9,1656,1275,25,802,78,2854,0.61,39.9,numbeo
2014,Legnica,Dolnośląskie,city_large,100000,3277,2507,1800,3783,1680,0.866,0.0,67.6,1691,1224,26,800,78,2821,0.64,37.4,numbeo
2015,Legnica,Dolnośląskie,city_large,100000,3495,2674,1920,3899,1750,0.896,-0.9,68.7,1630,1195,26,792,80,2784,0.69,34.2,numbeo
2016,Legnica,Dolnośląskie,city_large,100000,3415,2612,1875,4047,1850,0.844,-0.2,68.0,1746,1300,26,795,80,2892,0.65,38.1,numbeo
2017,Legnica,Dolnośląskie,city_large,100000,3833,2932,2105,4271,2000,0.897,2.0,68.4,1670,1255,25,823,78,2857,0.74,32.7,numbeo
2018,Legnica,Dolnośląskie,city_large,100000,4106,3141,2255,4585,2100,0.896,1.6,68.4,1708,1278,25,856,80,2918,0.77,31.1,numbeo
2019,Legnica,Dolnośląskie,city_large,100000,4399,3365,2416,4918,2250,0.894,2.3,69.6,1818,1304,26,839,83,2955,0.82,29.6,numbeo
2020,Legnica,Dolnośląskie,city_large,100000,4660,3565,2560,5167,2600,0.902,3.4,68.9,1794,1349,28,893,87,3105,0.82,28.9,numbeo
2021,Legnica,Dolnośląskie,city_large,100000,5152,3941,2830,5663,2800,0.91,5.1,70.2,2037,1454,28,931,92,3264,0.87,28.2,numbeo
2022,Legnica,Dolnośląskie,city_large,100000,5711,4369,3137,6346,3010,0.9,14.4,69.6,2324,1588,33,1057,105,3670,0.85,27.8,numbeo
2023,Legnica,Dolnośląskie,city_large,100000,6155,4709,3381,7155,3490,0.86,11.5,69.9,2558,1921,37,1185,119,4255,0.79,31.2,numbeo
2024,Legnica,Dolnośląskie,city_large,100000,7771,5945,4269,8604,4242,0.903,3.6,71.2,2680,1868,39,1289,122,4359,0.98,24.0,numbeo
2010,Wałbrzych,Dolnośląskie,city_large,120000,2463,1884,1353,3224,1317,0.764,2.6,66.5,1615,1118,23,790,75,2626,0.52,45.4,numbeo
2011,Wałbrzych,Dolnośląskie,city_large,120000,2586,1978,1420,3399,1386,0.761,4.3,67.8,1569,1210,25,762,73,2735,0.52,46.8,numbeo
2012,Wałbrzych,Dolnośląskie,city_large,120000,2810,2150,1544,3521,1500,0.798,3.7,67.7,1731,1279,24,794,80,2830,0.55,45.5,numbeo
2013,Wałbrzych,Dolnośląskie,city_large,120000,2830,2165,1554,3650,1600,0.775,0.9,67.7,1676,1289,25,850,79,2917,0.53,45.5,numbeo
2014,Wałbrzych,Dolnośląskie,city_large,120000,2931,2242,1610,3783,1680,0.775,0.0,68.1,1758,1318,26,851,81,2969,0.54,45.0,numbeo
2015,Wałbrzych,Dolnośląskie,city_large,120000,3196,2445,1756,3899,1750,0.82,-0.9,68.0,1796,1260,24,815,80,2832,0.62,39.4,numbeo
2016,Wałbrzych,Dolnośląskie,city_large,120000,3313,2534,1819,4047,1850,0.819,-0.2,67.9,1725,1189,26,812,80,2798,0.65,35.9,numbeo
2017,Wałbrzych,Dolnośląskie,city_large,120000,3385,2590,1860,4271,2000,0.793,2.0,69.2,1771,1279,26,835,83,2918,0.64,37.8,numbeo
2018,Wałbrzych,Dolnośląskie,city_large,120000,3573,2733,1962,4585,2100,0.779,1.6,68.7,1791,1344,25,843,81,2972,0.66,37.6,numbeo
2019,Wałbrzych,Dolnośląskie,city_large,120000,3959,3029,2175,4918,2250,0.805,2.3,69.4,1796,1257,26,864,82,2932,0.74,31.8,numbeo
2020,Wałbrzych,Dolnośląskie,city_large,120000,4157,3180,2283,5167,2600,0.805,3.4,68.8,1813,1376,27,872,88,3092,0.74,33.1,numbeo
2021,Wałbrzych,Dolnośląskie,city_large,120000,4412,3375,2423,5663,2800,0.779,5.1,70.0,2011,1436,29,936,88,3267,0.74,32.5,numbeo
2022,Wałbrzych,Dolnośląskie,city_large,120000,5060,3871,2779,6346,3010,0.797,14.4,70.7,2334,1713,31,1088,104,3785,0.73,33.9,numbeo
2023,Wałbrzych,Dolnośląskie,city_large,120000,5668,4336,3113,7155,3490,0.792,11.5,71.0,2425,1918,36,1211,119,4258,0.73,33.8,numbeo
2024,Wałbrzych,Dolnośląskie,city_large,120000,6908,5285,3795,8604,4242,0.803,3.6,71.0,2655,1902,40,1210,116,4328,0.88,27.5,numbeo
2010,Jelenia Góra,Dolnośląskie,city_medium,80000,2647,2025,1454,3224,1317,0.821,2.6,59.1,1252,906,21,723,66,2298,0.63,34.2,numbeo
2011,Jelenia Góra,Dolnośląskie,city_medium,80000,2820,2157,1549,3399,1386,0.83,4.3,57.8,1336,1025,20,747,65,2427,0.64,36.3,numbeo
2012,Jelenia Góra,Dolnośląskie,city_medium,80000,2774,2122,1524,3521,1500,0.788,3.7,58.5,1360,1027,22,760,72,2496,0.61,37.0,numbeo
2013,Jelenia Góra,Dolnośląskie,city_medium,80000,3005,2299,1651,3650,1600,0.823,0.9,59.7,1375,1021,22,782,69,2511,0.66,34.0,numbeo
2014,Jelenia Góra,Dolnośląskie,city_medium,80000,3149,2409,1730,3783,1680,0.832,0.0,59.9,1366,1081,22,775,67,2562,0.68,34.3,numbeo
2015,Jelenia Góra,Dolnośląskie,city_medium,80000,3226,2468,1772,3899,1750,0.827,-0.9,59.6,1398,1064,22,785,68,2554,0.69,33.0,numbeo
2016,Jelenia Góra,Dolnośląskie,city_medium,80000,3264,2497,1793,4047,1850,0.807,-0.2,60.3,1314,1012,22,767,70,2486,0.72,31.0,numbeo
2017,Jelenia Góra,Dolnośląskie,city_medium,80000,3579,2738,1966,4271,2000,0.838,2.0,60.1,1448,1028,23,780,71,2540,0.77,28.7,numbeo
2018,Jelenia Góra,Dolnośląskie,city_medium,80000,3722,2847,2044,4585,2100,0.812,1.6,60.3,1409,1040,22,764,74,2522,0.81,27.9,numbeo
2019,Jelenia Góra,Dolnośląskie,city_medium,80000,4070,3114,2236,4918,2250,0.828,2.3,61.0,1518,1040,23,816,76,2601,0.86,25.6,numbeo
2020,Jelenia Góra,Dolnośląskie,city_medium,80000,4281,3275,2351,5167,2600,0.829,3.4,60.6,1575,1137,24,820,74,2727,0.86,26.6,numbeo
2021,Jelenia Góra,Dolnośląskie,city_medium,80000,4738,3625,2603,5663,2800,0.837,5.1,61.1,1626,1148,25,883,77,2835,0.92,24.2,numbeo
2022,Jelenia Góra,Dolnośląskie,city_medium,80000,5340,4085,2933,6346,3010,0.841,14.4,60.8,1766,1374,28,983,87,3264,0.9,25.7,numbeo
2023,Jelenia Góra,Dolnośląskie,city_medium,80000,5923,4531,3253,7155,3490,0.828,11.5,61.8,1954,1457,32,1122,98,3607,0.9,24.6,numbeo
2024,Jelenia Góra,Dolnośląskie,city_medium,80000,6941,5310,3813,8604,4242,0.807,3.6,62.0,2135,1479,32,1110,101,3630,1.05,21.3,numbeo
2010,Lubin,Dolnośląskie,city_medium,73000,3336,2552,1832,3224,1317,1.035,2.6,68.9,1243,960,20,718,62,2323,0.79,28.8,numbeo
2011,Lubin,Dolnośląskie,city_medium,73000,3487,2668,1916,3399,1386,1.026,4.3,69.0,1395,936,22,711,65,2342,0.82,26.8,numbeo
2012,Lubin,Dolnośląskie,city_medium,73000,3794,2902,2084,3521,1500,1.078,3.7,70.6,1442,1043,22,735,67,2482,0.84,27.5,numbeo
2013,Lubin,Dolnośląskie,city_medium,73000,3722,2847,2044,3650,1600,1.02,0.9,69.9,1349,1027,22,765,71,2502,0.82,27.6,numbeo
2014,Lubin,Dolnośląskie,city_medium,73000,4058,3104,2229,3783,1680,1.073,0.0,69.6,1360,993,22,768,68,2468,0.9,24.5,numbeo
2015,Lubin,Dolnośląskie,city_medium,73000,4192,3207,2303,3899,1750,1.075,-0.9,70.5,1386,982,22,780,71,2470,0.93,23.4,numbeo
2016,Lubin,Dolnośląskie,city_medium,73000,4283,3276,2352,4047,1850,1.058,-0.2,71.2,1444,975,22,765,70,2447,0.96,22.8,numbeo
2017,Lubin,Dolnośląskie,city_medium,73000,4523,3460,2484,4271,2000,1.059,2.0,70.8,1347,1057,22,760,73,2531,0.98,23.4,numbeo
2018,Lubin,Dolnośląskie,city_medium,73000,4695,3592,2579,4585,2100,1.024,1.6,72.0,1442,1064,23,807,70,2605,0.99,22.7,numbeo
2019,Lubin,Dolnośląskie,city_medium,73000,5171,3956,2840,4918,2250,1.051,2.3,71.1,1418,1092,22,791,73,2605,1.09,21.1,numbeo
2020,Lubin,Dolnośląskie,city_medium,73000,5608,4290,3080,5167,2600,1.085,3.4,72.0,1563,1074,24,837,74,2681,1.15,19.2,numbeo
2021,Lubin,Dolnośląskie,city_medium,73000,6022,4607,3308,5663,2800,1.063,5.1,72.9,1560,1166,26,869,78,2860,1.16,19.4,numbeo
2022,Lubin,Dolnośląskie,city_medium,73000,6717,5139,3690,6346,3010,1.058,14.4,72.9,1801,1381,29,1021,88,3330,1.11,20.6,numbeo
2023,Lubin,Dolnośląskie,city_medium,73000,7783,5954,4275,7155,3490,1.088,11.5,72.5,2020,1514,31,1144,100,3668,1.17,19.5,numbeo
2024,Lubin,Dolnośląskie,city_medium,73000,9326,7134,5122,8604,4242,1.084,3.6,73.5,2012,1523,33,1165,106,3754,1.36,16.3,numbeo
2010,Bolesławiec,Dolnośląskie,city_small,42000,2624,2007,1441,3224,1317,0.814,2.6,51.9,1008,777,18,644,53,2017,0.71,29.6,numbeo
2011,Bolesławiec,Dolnośląskie,city_small,42000,2704,2069,1486,3399,1386,0.796,4.3,52.0,1081,795,18,690,57,2092,0.71,29.4,numbeo
2012,Bolesławiec,Dolnośląskie,city_small,42000,2916,2231,1602,3521,1500,0.828,3.7,51.1,1130,829,21,702,61,2209,0.73,28.4,numbeo
2013,Bolesławiec,Dolnośląskie,city_small,42000,2848,2179,1565,3650,1600,0.78,0.9,52.6,1163,827,21,672,61,2179,0.72,29.0,numbeo
2014,Bolesławiec,Dolnośląskie,city_small,42000,3042,2327,1671,3783,1680,0.804,0.0,52.1,1141,878,19,724,58,2239,0.75,28.9,numbeo
2015,Bolesławiec,Dolnośląskie,city_small,42000,3163,2420,1738,3899,1750,0.811,-0.9,52.5,1125,857,20,673,59,2186,0.8,27.1,numbeo
2016,Bolesławiec,Dolnośląskie,city_small,42000,3215,2459,1766,4047,1850,0.794,-0.2,52.5,1144,824,20,717,61,2199,0.8,25.6,numbeo
2017,Bolesławiec,Dolnośląskie,city_small,42000,3358,2569,1845,4271,2000,0.786,2.0,52.1,1173,861,20,680,60,2202,0.84,25.6,numbeo
2018,Bolesławiec,Dolnośląskie,city_small,42000,3651,2793,2005,4585,2100,0.796,1.6,52.5,1191,888,21,702,63,2277,0.88,24.3,numbeo
2019,Bolesławiec,Dolnośląskie,city_small,42000,3902,2985,2143,4918,2250,0.793,2.3,53.1,1136,917,20,740,63,2329,0.92,23.5,numbeo
2020,Bolesławiec,Dolnośląskie,city_small,42000,4246,3248,2332,5167,2600,0.822,3.4,52.8,1175,924,21,767,62,2389,0.98,21.8,numbeo
2021,Bolesławiec,Dolnośląskie,city_small,42000,4607,3524,2530,5663,2800,0.814,5.1,54.1,1330,975,22,790,70,2502,1.01,21.2,numbeo
2022,Bolesławiec,Dolnośląskie,city_small,42000,5037,3853,2766,6346,3010,0.794,14.4,54.2,1431,1146,26,922,76,2924,0.95,22.8,numbeo
2023,Bolesławiec,Dolnośląskie,city_small,42000,5965,4563,3276,7155,3490,0.834,11.5,54.4,1694,1256,29,1020,86,3232,1.01,21.1,numbeo
2024,Bolesławiec,Dolnośląskie,city_small,42000,7113,5441,3907,8604,4242,0.827,3.6,54.8,1621,1260,31,1037,87,3304,1.18,17.7,numbeo
2010,Świdnica,Dolnośląskie,city_small,58000,2590,1981,1422,3224,1317,0.803,2.6,50.7,994,754,18,661,56,2014,0.71,29.1,numbeo
2011,Świdnica,Dolnośląskie,city_small,58000,2707,2071,1487,3399,1386,0.796,4.3,51.0,1030,806,19,683,58,2117,0.7,29.8,numbeo
2012,Świdnica,Dolnośląskie,city_small,58000,2848,2179,1565,3521,1500,0.809,3.7,51.6,1070,892,20,711,58,2258,0.69,31.3,numbeo
2013,Świdnica,Dolnośląskie,city_small,58000,2988,2286,1641,3650,1600,0.819,0.9,52.3,1179,843,20,708,58,2208,0.74,28.2,numbeo
2014,Świdnica,Dolnośląskie,city_small,58000,3035,2322,1667,3783,1680,0.802,0.0,51.7,1109,856,21,700,62,2237,0.75,28.2,numbeo
2015,Świdnica,Dolnośląskie,city_small,58000,3209,2455,1763,3899,1750,0.823,-0.9,52.1,1066,891,19,694,61,2223,0.79,27.8,numbeo
2016,Świdnica,Dolnośląskie,city_small,58000,3350,2563,1840,4047,1850,0.828,-0.2,51.7,1162,892,20,669,61,2219,0.83,26.6,numbeo
2017,Świdnica,Dolnośląskie,city_small,58000,3406,2606,1871,4271,2000,0.797,2.0,53.3,1155,895,21,700,59,2275,0.82,26.3,numbeo
2018,Świdnica,Dolnośląskie,city_small,58000,3647,2790,2003,4585,2100,0.795,1.6,52.7,1183,909,19,696,63,2252,0.89,24.9,numbeo
2019,Świdnica,Dolnośląskie,city_small,58000,3988,3051,2191,4918,2250,0.811,2.3,53.8,1224,938,21,744,63,2374,0.92,23.5,numbeo
2020,Świdnica,Dolnośląskie,city_small,58000,4263,3261,2341,5167,2600,0.825,3.4,52.6,1213,914,21,780,67,2397,0.98,21.4,numbeo
2021,Świdnica,Dolnośląskie,city_small,58000,4493,3437,2468,5663,2800,0.793,5.1,53.0,1240,941,24,780,68,2496,0.99,20.9,numbeo
2022,Świdnica,Dolnośląskie,city_small,58000,5191,3971,2851,6346,3010,0.818,14.4,53.0,1430,1163,25,920,76,2919,0.98,22.4,numbeo
2023,Świdnica,Dolnośląskie,city_small,58000,5786,4426,3178,7155,3490,0.809,11.5,53.3,1574,1259,30,1045,89,3283,0.97,21.8,numbeo
2024,Świdnica,Dolnośląskie,city_small,58000,7239,5538,3976,8604,4242,0.841,3.6,54.5,1627,1302,31,1010,89,3321,1.2,18.0,numbeo
2010,Zgorzelec,Dolnośląskie,city_small,32000,2499,1912,1373,3224,1317,0.775,2.6,51.3,1078,775,18,622,54,1994,0.69,31.0,numbeo
2011,Zgorzelec,Dolnośląskie,city_small,32000,2667,2040,1465,3399,1386,0.785,4.3,51.8,1100,817,18,641,55,2063,0.71,30.6,numbeo
2012,Zgorzelec,Dolnośląskie,city_small,32000,2714,2076,1491,3521,1500,0.771,3.7,51.4,1169,869,19,715,60,2221,0.67,32.0,numbeo
2013,Zgorzelec,Dolnośląskie,city_small,32000,2985,2284,1640,3650,1600,0.818,0.9,51.5,1092,877,21,700,58,2254,0.73,29.4,numbeo
2014,Zgorzelec,Dolnośląskie,city_small,32000,3018,2309,1658,3783,1680,0.798,0.0,51.6,1103,882,19,692,58,2211,0.75,29.2,numbeo
2015,Zgorzelec,Dolnośląskie,city_small,32000,3140,2402,1725,3899,1750,0.805,-0.9,52.0,1163,816,21,697,61,2191,0.79,26.0,numbeo
2016,Zgorzelec,Dolnośląskie,city_small,32000,3211,2456,1763,4047,1850,0.793,-0.2,52.9,1122,835,20,664,58,2154,0.82,26.0,numbeo
2017,Zgorzelec,Dolnośląskie,city_small,32000,3416,2613,1876,4271,2000,0.8,2.0,53.3,1122,893,20,709,61,2264,0.83,26.1,numbeo
2018,Zgorzelec,Dolnośląskie,city_small,32000,3569,2730,1960,4585,2100,0.778,1.6,53.3,1120,912,21,742,62,2340,0.84,25.6,numbeo
2019,Zgorzelec,Dolnośląskie,city_small,32000,3886,2973,2135,4918,2250,0.79,2.3,53.8,1167,863,21,744,64,2300,0.93,22.2,numbeo
2020,Zgorzelec,Dolnośląskie,city_small,32000,4071,3114,2236,5167,2600,0.788,3.4,52.7,1182,956,21,747,66,2405,0.93,23.5,numbeo
2021,Zgorzelec,Dolnośląskie,city_small,32000,4432,3390,2434,5663,2800,0.783,5.1,53.6,1298,1026,24,792,66,2591,0.94,23.1,numbeo
2022,Zgorzelec,Dolnośląskie,city_small,32000,5029,3847,2762,6346,3010,0.792,14.4,54.3,1523,1145,26,902,81,2908,0.95,22.8,numbeo
2023,Zgorzelec,Dolnośląskie,city_small,32000,5697,4358,3129,7155,3490,0.796,11.5,53.4,1688,1248,28,1025,88,3211,0.97,21.9,numbeo
2024,Zgorzelec,Dolnośląskie,city_small,32000,6957,5322,3821,8604,4242,0.809,3.6,53.3,1740,1276,29,1080,87,3323,1.15,18.3,numbeo
2010,Polkowice,Dolnośląskie,town,22000,3033,2320,1666,3224,1317,0.941,2.6,65.1,837,621,16,579,42,1745,0.95,20.5,numbeo
2011,Polkowice,Dolnośląskie,town,22000,3315,2536,1821,3399,1386,0.975,4.3,64.1,816,699,17,601,44,1874,0.97,21.1,numbeo
2012,Polkowice,Dolnośląskie,town,22000,3533,2703,1941,3521,1500,1.003,3.7,64.4,881,688,17,665,46,1936,1.0,19.5,numbeo
2013,Polkowice,Dolnośląskie,town,22000,3555,2720,1953,3650,1600,0.974,0.9,65.9,900,669,17,669,47,1924,1.02,18.8,numbeo
2014,Polkowice,Dolnośląskie,town,22000,3817,2920,2097,3783,1680,1.009,0.0,65.1,873,664,17,630,48,1881,1.11,17.4,numbeo
2015,Polkowice,Dolnośląskie,town,22000,3802,2909,2089,3899,1750,0.975,-0.9,65.5,889,723,17,640,46,1946,1.07,19.0,numbeo
2016,Polkowice,Dolnośląskie,town,22000,4007,3065,2201,4047,1850,0.99,-0.2,65.3,858,718,17,625,46,1926,1.14,17.9,numbeo
2017,Polkowice,Dolnośląskie,town,22000,4049,3097,2224,4271,2000,0.948,2.0,65.5,930,672,17,655,47,1915,1.16,16.6,numbeo
2018,Polkowice,Dolnośląskie,town,22000,4442,3398,2440,4585,2100,0.969,1.6,67.3,874,716,17,681,47,1988,1.23,16.1,numbeo
2019,Polkowice,Dolnośląskie,town,22000,4707,3601,2586,4918,2250,0.957,2.3,67.3,903,753,18,676,48,2046,1.26,16.0,numbeo
2020,Polkowice,Dolnośląskie,town,22000,5008,3831,2751,5167,2600,0.969,3.4,66.4,927,721,19,695,49,2061,1.33,14.4,numbeo
2021,Polkowice,Dolnośląskie,town,22000,5531,4231,3038,5663,2800,0.977,5.1,67.5,1000,798,19,770,51,2226,1.36,14.4,numbeo
2022,Polkowice,Dolnośląskie,town,22000,6326,4839,3474,6346,3010,0.997,14.4,67.5,1213,870,22,859,59,2488,1.4,13.8,numbeo
2023,Polkowice,Dolnośląskie,town,22000,6903,5281,3792,7155,3490,0.965,11.5,67.2,1329,1062,24,920,68,2820,1.34,15.4,numbeo
2024,Polkowice,Dolnośląskie,town,22000,8441,6457,4636,8604,4242,0.981,3.6,68.2,1386,1069,27,993,70,2972,1.56,12.7,numbeo
2010,Głogów,Dolnośląskie,city_small,66000,2913,2228,1600,3224,1317,0.904,2.6,51.1,1042,781,17,651,56,2011,0.8,26.8,numbeo
2011,Głogów,Dolnośląskie,city_small,66000,3247,2484,1784,3399,1386,0.955,4.3,52.2,1058,862,20,641,58,2151,0.83,26.5,numbeo
2012,Głogów,Dolnośląskie,city_small,66000,3246,2483,1783,3521,1500,0.922,3.7,51.5,1168,840,21,717,58,2232,0.8,25.9,numbeo
2013,Głogów,Dolnośląskie,city_small,66000,3397,2599,1866,3650,1600,0.931,0.9,51.6,1171,832,21,723,59,2233,0.84,24.5,numbeo
2014,Głogów,Dolnośląskie,city_small,66000,3592,2748,1973,3783,1680,0.95,0.0,52.0,1159,863,20,723,61,2246,0.88,24.0,numbeo
2015,Głogów,Dolnośląskie,city_small,66000,3671,2808,2016,3899,1750,0.942,-0.9,51.9,1097,895,20,713,61,2266,0.89,24.4,numbeo
2016,Głogów,Dolnośląskie,city_small,66000,3887,2974,2135,4047,1850,0.96,-0.2,52.2,1154,824,19,678,61,2140,1.0,21.2,numbeo
2017,Głogów,Dolnośląskie,city_small,66000,4141,3168,2275,4271,2000,0.97,2.0,53.1,1166,889,19,682,62,2214,1.03,21.5,numbeo
2018,Głogów,Dolnośląskie,city_small,66000,4344,3323,2386,4585,2100,0.947,1.6,52.4,1108,869,21,721,63,2277,1.05,20.0,numbeo
2019,Głogów,Dolnośląskie,city_small,66000,4762,3643,2616,4918,2250,0.968,2.3,53.8,1199,910,21,704,61,2304,1.14,19.1,numbeo
2020,Głogów,Dolnośląskie,city_small,66000,4732,3620,2599,5167,2600,0.916,3.4,52.8,1252,933,22,779,67,2435,1.07,19.7,numbeo
2021,Głogów,Dolnośląskie,city_small,66000,5318,4068,2921,5663,2800,0.939,5.1,54.2,1235,1005,22,788,68,2528,1.16,18.9,numbeo
2022,Głogów,Dolnośląskie,city_small,66000,6043,4623,3319,6346,3010,0.952,14.4,53.1,1464,1105,25,918,76,2859,1.16,18.3,numbeo
2023,Głogów,Dolnośląskie,city_small,66000,7002,5357,3846,7155,3490,0.979,11.5,53.4,1647,1254,30,1040,90,3274,1.17,17.9,numbeo
2024,Głogów,Dolnośląskie,city_small,66000,8100,6196,4449,8604,4242,0.941,3.6,53.6,1720,1263,31,1009,89,3281,1.36,15.6,numbeo
2010,Świebodzice,Dolnośląskie,town,24000,2460,1882,1351,3224,1317,0.763,2.6,44.2,838,622,16,604,44,1773,0.76,25.3,numbeo
2011,Świebodzice,Dolnośląskie,town,24000,2686,2055,1475,3399,1386,0.79,4.3,43.9,830,667,17,645,43,1885,0.78,24.8,numbeo
2012,Świebodzice,Dolnośląskie,town,24000,2696,2062,1481,3521,1500,0.766,3.7,43.9,896,717,17,658,47,1959,0.76,26.6,numbeo
2013,Świebodzice,Dolnośląskie,town,24000,2856,2185,1569,3650,1600,0.782,0.9,44.3,923,719,17,661,48,1967,0.8,25.2,numbeo
2014,Świebodzice,Dolnośląskie,town,24000,2923,2236,1605,3783,1680,0.773,0.0,45.8,877,687,17,638,46,1910,0.84,23.5,numbeo
2015,Świebodzice,Dolnośląskie,town,24000,3117,2385,1712,3899,1750,0.799,-0.9,45.1,899,666,16,639,46,1868,0.92,21.4,numbeo
2016,Świebodzice,Dolnośląskie,town,24000,3136,2399,1722,4047,1850,0.775,-0.2,45.4,876,700,18,650,46,1953,0.88,22.3,numbeo
2017,Świebodzice,Dolnośląskie,town,24000,3437,2629,1888,4271,2000,0.805,2.0,45.6,863,728,18,645,47,1981,0.95,21.2,numbeo
2018,Świebodzice,Dolnośląskie,town,24000,3692,2824,2028,4585,2100,0.805,1.6,46.2,934,707,18,659,47,1977,1.03,19.1,numbeo
2019,Świebodzice,Dolnośląskie,town,24000,3781,2892,2076,4918,2250,0.769,2.3,46.0,923,697,18,664,48,1978,1.05,18.4,numbeo
2020,Świebodzice,Dolnośląskie,town,24000,4005,3064,2200,5167,2600,0.775,3.4,46.4,953,754,19,689,48,2087,1.05,18.8,numbeo
2021,Świebodzice,Dolnośląskie,town,24000,4383,3353,2407,5663,2800,0.774,5.1,45.8,1053,827,19,747,54,2235,1.08,18.9,numbeo
2022,Świebodzice,Dolnośląskie,town,24000,4875,3729,2677,6346,3010,0.768,14.4,46.3,1178,946,23,816,59,2541,1.05,19.4,numbeo
2023,Świebodzice,Dolnośląskie,town,24000,5696,4357,3128,7155,3490,0.796,11.5,46.2,1273,1016,26,940,65,2831,1.1,17.8,numbeo
2024,Świebodzice,Dolnośląskie,town,24000,6658,5093,3657,8604,4242,0.774,3.6,47.2,1317,998,26,973,69,2860,1.28,15.0,numbeo
2010,Dzierżoniów,Dolnośląskie,city_small,32000,3323,2542,1825,3224,1317,1.031,2.6,51.5,1022,816,18,628,56,2043,0.89,24.6,gus_modeled
2011,Dzierżoniów,Dolnośląskie,city_small,32000,3545,2712,1947,3399,1386,1.043,4.3,50.9,1049,811,19,653,59,2093,0.93,22.9,gus_modeled
2012,Dzierżoniów,Dolnośląskie,city_small,32000,3677,2813,2020,3521,1500,1.044,3.7,51.8,1139,825,20,666,59,2147,0.94,22.4,gus_modeled
2013,Dzierżoniów,Dolnośląskie,city_small,32000,3645,2788,2002,3650,1600,0.999,0.9,52.6,1107,821,19,694,58,2152,0.93,22.5,gus_modeled
2014,Dzierżoniów,Dolnośląskie,city_small,32000,3748,2867,2059,3783,1680,0.991,0.0,51.9,1175,834,19,709,58,2180,0.94,22.3,gus_modeled
2015,Dzierżoniów,Dolnośląskie,city_small,32000,4113,3146,2259,3899,1750,1.055,-0.9,52.7,1069,871,19,697,60,2205,1.02,21.2,gus_modeled
2016,Dzierżoniów,Dolnośląskie,city_small,32000,4105,3140,2255,4047,1850,1.014,-0.2,52.6,1135,826,19,700,59,2162,1.04,20.1,gus_modeled
2017,Dzierżoniów,Dolnośląskie,city_small,32000,4521,3459,2484,4271,2000,1.059,2.0,52.3,1161,883,20,709,60,2253,1.1,19.5,gus_modeled
2018,Dzierżoniów,Dolnośląskie,city_small,32000,4791,3665,2631,4585,2100,1.045,1.6,53.3,1144,891,21,689,60,2264,1.16,18.6,gus_modeled
2019,Dzierżoniów,Dolnośląskie,city_small,32000,5082,3888,2792,4918,2250,1.033,2.3,52.5,1219,864,21,709,62,2264,1.23,17.0,gus_modeled
2020,Dzierżoniów,Dolnośląskie,city_small,32000,5221,3994,2868,5167,2600,1.01,3.4,53.3,1275,941,22,777,66,2440,1.18,18.0,gus_modeled
2021,Dzierżoniów,Dolnośląskie,city_small,32000,5891,4507,3236,5663,2800,1.04,5.1,53.9,1272,991,22,807,66,2531,1.28,16.8,gus_modeled
2022,Dzierżoniów,Dolnośląskie,city_small,32000,6609,5056,3630,6346,3010,1.041,14.4,53.0,1478,1072,26,892,76,2820,1.29,16.2,gus_modeled
2023,Dzierżoniów,Dolnośląskie,city_small,32000,7171,5486,3939,7155,3490,1.002,11.5,54.2,1634,1225,28,1016,87,3178,1.24,17.1,gus_modeled
2024,Dzierżoniów,Dolnośląskie,city_small,32000,8661,6626,4757,8604,4242,1.007,3.6,54.1,1779,1323,31,1051,90,3384,1.41,15.3,gus_modeled
2010,Kłodzko,Dolnośląskie,city_small,26000,3278,2508,1801,3224,1317,1.017,2.6,51.2,1036,822,17,644,56,2045,0.88,25.1,gus_modeled
2011,Kłodzko,Dolnośląskie,city_small,26000,3404,2604,1870,3399,1386,1.001,4.3,52.0,1111,788,19,672,57,2087,0.9,23.1,gus_modeled
2012,Kłodzko,Dolnośląskie,city_small,26000,3589,2746,1972,3521,1500,1.019,3.7,51.5,1160,849,20,679,61,2186,0.9,23.7,gus_modeled
2013,Kłodzko,Dolnośląskie,city_small,26000,3805,2911,2090,3650,1600,1.042,0.9,51.2,1178,876,21,690,62,2247,0.93,23.0,gus_modeled
2014,Kłodzko,Dolnośląskie,city_small,26000,3890,2976,2137,3783,1680,1.028,0.0,51.9,1152,828,19,707,61,2175,0.98,21.3,gus_modeled
2015,Kłodzko,Dolnośląskie,city_small,26000,3943,3016,2165,3899,1750,1.011,-0.9,51.6,1137,829,20,705,60,2191,0.99,21.0,gus_modeled
2016,Kłodzko,Dolnośląskie,city_small,26000,4250,3251,2334,4047,1850,1.05,-0.2,52.4,1112,817,20,689,61,2164,1.08,19.2,gus_modeled
2017,Kłodzko,Dolnośląskie,city_small,26000,4325,3309,2376,4271,2000,1.013,2.0,51.9,1131,828,20,706,60,2195,1.08,19.1,gus_modeled
2018,Kłodzko,Dolnośląskie,city_small,26000,4771,3650,2621,4585,2100,1.041,1.6,53.6,1124,884,21,730,62,2300,1.14,18.5,gus_modeled
2019,Kłodzko,Dolnośląskie,city_small,26000,5218,3992,2866,4918,2250,1.061,2.3,52.3,1180,947,21,756,64,2396,1.2,18.1,gus_modeled
2020,Kłodzko,Dolnośląskie,city_small,26000,5441,4162,2988,5167,2600,1.053,3.4,53.2,1191,941,22,749,66,2412,1.24,17.3,gus_modeled
2021,Kłodzko,Dolnośląskie,city_small,26000,5870,4491,3225,5663,2800,1.037,5.1,53.1,1327,1021,23,789,67,2564,1.26,17.4,gus_modeled
2022,Kłodzko,Dolnośląskie,city_small,26000,6529,4995,3586,6346,3010,1.029,14.4,54.4,1479,1070,25,933,76,2839,1.26,16.4,gus_modeled
2023,Kłodzko,Dolnośląskie,city_small,26000,7556,5780,4150,7155,3490,1.056,11.5,53.7,1638,1288,29,976,88,3222,1.29,17.0,gus_modeled
2024,Kłodzko,Dolnośląskie,city_small,26000,9111,6970,5004,8604,4242,1.059,3.6,53.7,1746,1254,31,1016,91,3281,1.53,13.8,gus_modeled
2010,Oleśnica,Dolnośląskie,city_small,38000,3335,2551,1832,3224,1317,1.034,2.6,50.6,1060,769,18,633,53,1998,0.92,23.1,gus_modeled
2011,Oleśnica,Dolnośląskie,city_small,38000,3482,2664,1913,3399,1386,1.024,4.3,51.4,1086,821,19,691,57,2139,0.89,23.6,gus_modeled
2012,Oleśnica,Dolnośląskie,city_small,38000,3654,2795,2007,3521,1500,1.038,3.7,52.5,1166,855,19,695,59,2186,0.92,23.4,gus_modeled
2013,Oleśnica,Dolnośląskie,city_small,38000,3713,2840,2039,3650,1600,1.017,0.9,51.6,1088,856,19,711,62,2208,0.92,23.1,gus_modeled
2014,Oleśnica,Dolnośląskie,city_small,38000,3935,3010,2161,3783,1680,1.04,0.0,51.3,1168,869,19,674,60,2182,0.99,22.1,gus_modeled
2015,Oleśnica,Dolnośląskie,city_small,38000,4092,3130,2247,3899,1750,1.049,-0.9,52.1,1069,829,19,686,61,2153,1.04,20.3,gus_modeled
2016,Oleśnica,Dolnośląskie,city_small,38000,4015,3071,2205,4047,1850,0.992,-0.2,53.0,1172,891,21,663,60,2231,0.99,22.2,gus_modeled
2017,Oleśnica,Dolnośląskie,city_small,38000,4456,3409,2448,4271,2000,1.043,2.0,52.7,1119,841,21,705,62,2229,1.1,18.9,gus_modeled
2018,Oleśnica,Dolnośląskie,city_small,38000,4639,3549,2548,4585,2100,1.012,1.6,53.3,1210,856,21,712,63,2255,1.13,18.5,gus_modeled
2019,Oleśnica,Dolnośląskie,city_small,38000,5097,3899,2799,4918,2250,1.036,2.3,53.1,1196,871,20,717,64,2261,1.24,17.1,gus_modeled
2020,Oleśnica,Dolnośląskie,city_small,38000,5488,4198,3014,5167,2600,1.062,3.4,52.9,1279,961,22,739,63,2419,1.25,17.5,gus_modeled
2021,Oleśnica,Dolnośląskie,city_small,38000,5863,4485,3220,5663,2800,1.035,5.1,53.1,1307,993,23,815,69,2564,1.26,16.9,gus_modeled
2022,Oleśnica,Dolnośląskie,city_small,38000,6619,5064,3636,6346,3010,1.043,14.4,53.0,1490,1167,25,941,79,2947,1.23,17.6,gus_modeled
2023,Oleśnica,Dolnośląskie,city_small,38000,7225,5527,3968,7155,3490,1.01,11.5,54.1,1627,1264,30,1000,84,3238,1.23,17.5,gus_modeled
2024,Oleśnica,Dolnośląskie,city_small,38000,9011,6893,4949,8604,4242,1.047,3.6,53.7,1623,1359,29,1009,94,3342,1.48,15.1,gus_modeled
2010,Oława,Dolnośląskie,city_small,32000,3300,2524,1812,3224,1317,1.024,2.6,51.4,1017,802,19,651,56,2072,0.87,24.3,gus_modeled
2011,Oława,Dolnośląskie,city_small,32000,3438,2630,1888,3399,1386,1.011,4.3,50.8,1045,843,19,663,57,2133,0.89,24.5,gus_modeled
2012,Oława,Dolnośląskie,city_small,32000,3627,2775,1992,3521,1500,1.03,3.7,52.0,1123,856,19,692,58,2183,0.91,23.6,gus_modeled
2013,Oława,Dolnośląskie,city_small,32000,3833,2932,2105,3650,1600,1.05,0.9,51.7,1132,848,20,694,60,2201,0.96,22.1,gus_modeled
2014,Oława,Dolnośląskie,city_small,32000,3910,2991,2148,3783,1680,1.034,0.0,52.8,1149,855,21,684,62,2220,0.97,21.9,gus_modeled
2015,Oława,Dolnośląskie,city_small,32000,3899,2983,2142,3899,1750,1.0,-0.9,53.0,1071,844,21,693,57,2211,0.97,21.6,gus_modeled
2016,Oława,Dolnośląskie,city_small,32000,4112,3146,2259,4047,1850,1.016,-0.2,52.6,1084,864,19,682,61,2184,1.03,21.0,gus_modeled
2017,Oława,Dolnośląskie,city_small,32000,4402,3368,2418,4271,2000,1.031,2.0,52.6,1108,910,20,718,59,2288,1.06,20.7,gus_modeled
2018,Oława,Dolnośląskie,city_small,32000,4825,3691,2650,4585,2100,1.052,1.6,52.1,1200,855,20,733,61,2253,1.18,17.7,gus_modeled
2019,Oława,Dolnośląskie,city_small,32000,5051,3864,2774,4918,2250,1.027,2.3,53.7,1178,912,20,744,61,2326,1.19,18.1,gus_modeled
2020,Oława,Dolnośląskie,city_small,32000,5452,4171,2995,5167,2600,1.055,3.4,53.8,1258,926,22,732,65,2379,1.26,17.0,gus_modeled
2021,Oława,Dolnośląskie,city_small,32000,6025,4609,3309,5663,2800,1.064,5.1,52.8,1248,937,24,819,70,2533,1.31,15.6,gus_modeled
2022,Oława,Dolnośląskie,city_small,32000,6394,4891,3512,6346,3010,1.008,14.4,54.5,1442,1152,25,889,79,2880,1.22,18.0,gus_modeled
2023,Oława,Dolnośląskie,city_small,32000,7621,5830,4186,7155,3490,1.065,11.5,53.5,1659,1289,29,1017,88,3264,1.28,16.9,gus_modeled
2024,Oława,Dolnośląskie,city_small,32000,8888,6799,4882,8604,4242,1.033,3.6,53.7,1695,1295,30,1062,87,3344,1.46,14.6,gus_modeled
2010,Bielawa,Dolnośląskie,town,28000,2936,2246,1613,3224,1317,0.911,2.6,43.9,856,627,16,582,42,1754,0.92,21.4,gus_modeled
2011,Bielawa,Dolnośląskie,town,28000,3098,2370,1702,3399,1386,0.911,4.3,44.4,890,641,17,642,44,1857,0.92,20.7,gus_modeled
2012,Bielawa,Dolnośląskie,town,28000,3258,2492,1789,3521,1500,0.925,3.7,44.7,898,695,17,661,47,1940,0.92,21.3,gus_modeled
2013,Bielawa,Dolnośląskie,town,28000,3449,2638,1894,3650,1600,0.945,0.9,44.7,903,710,18,633,48,1950,0.97,20.6,gus_modeled
2014,Bielawa,Dolnośląskie,town,28000,3497,2675,1921,3783,1680,0.924,0.0,45.3,902,669,17,631,46,1885,1.02,19.1,gus_modeled
2015,Bielawa,Dolnośląskie,town,28000,3580,2739,1967,3899,1750,0.918,-0.9,45.4,895,676,17,651,44,1908,1.03,18.9,gus_modeled
2016,Bielawa,Dolnośląskie,town,28000,3962,3031,2176,4047,1850,0.979,-0.2,45.3,907,685,17,620,47,1889,1.15,17.3,gus_modeled
2017,Bielawa,Dolnośląskie,town,28000,4025,3079,2211,4271,2000,0.942,2.0,45.2,930,701,17,681,46,1969,1.12,17.4,gus_modeled
2018,Bielawa,Dolnośląskie,town,28000,4306,3294,2365,4585,2100,0.939,1.6,46.2,954,737,18,680,47,2028,1.17,17.1,gus_modeled
2019,Bielawa,Dolnośląskie,town,28000,4639,3549,2548,4918,2250,0.943,2.3,46.2,919,709,18,663,49,1990,1.28,15.3,gus_modeled
2020,Bielawa,Dolnośląskie,town,28000,4805,3676,2639,5167,2600,0.93,3.4,45.8,1010,727,19,683,51,2057,1.28,15.1,gus_modeled
2021,Bielawa,Dolnośląskie,town,28000,5410,4139,2972,5663,2800,0.955,5.1,46.1,1000,765,19,743,54,2169,1.37,14.1,gus_modeled
2022,Bielawa,Dolnośląskie,town,28000,5954,4555,3270,6346,3010,0.938,14.4,46.5,1163,894,23,868,62,2544,1.29,15.0,gus_modeled
2023,Bielawa,Dolnośląskie,town,28000,6916,5291,3799,7155,3490,0.967,11.5,46.1,1253,964,25,972,68,2794,1.36,13.9,gus_modeled
2024,Bielawa,Dolnośląskie,town,28000,8345,6384,4584,8604,4242,0.97,3.6,46.2,1341,1039,26,1002,69,2930,1.56,12.5,gus_modeled
2010,Poznań,Wielkopolskie,metropolis,540000,3606,2759,1981,3224,1317,1.118,2.6,83.3,2249,1708,29,883,88,3442,0.58,47.4,numbeo
2011,Poznań,Wielkopolskie,metropolis,540000,3697,2828,2031,3399,1386,1.088,4.3,83.0,2333,1747,27,920,93,3490,0.58,47.3,numbeo
2012,Poznań,Wielkopolskie,metropolis,540000,4058,3104,2229,3521,1500,1.153,3.7,82.9,2499,1766,28,892,99,3514,0.63,43.5,numbeo
2013,Poznań,Wielkopolskie,metropolis,540000,4052,3100,2226,3650,1600,1.11,0.9,83.5,2556,1902,29,916,99,3696,0.6,46.9,numbeo
2014,Poznań,Wielkopolskie,metropolis,540000,4353,3330,2391,3783,1680,1.151,0.0,83.7,2467,1894,29,939,100,3712,0.64,43.5,numbeo
2015,Poznań,Wielkopolskie,metropolis,540000,4438,3395,2438,3899,1750,1.138,-0.9,84.6,2486,1878,29,914,100,3669,0.66,42.3,numbeo
2016,Poznań,Wielkopolskie,metropolis,540000,4596,3516,2524,4047,1850,1.136,-0.2,84.0,2483,1837,30,918,99,3651,0.69,40.0,numbeo
2017,Poznań,Wielkopolskie,metropolis,540000,4873,3728,2677,4271,2000,1.141,2.0,84.5,2547,1932,29,945,102,3760,0.71,39.6,numbeo
2018,Poznań,Wielkopolskie,metropolis,540000,5054,3866,2776,4585,2100,1.102,1.6,84.7,2604,1979,30,932,101,3816,0.73,39.2,numbeo
2019,Poznań,Wielkopolskie,metropolis,540000,5497,4205,3019,4918,2250,1.118,2.3,86.2,2704,1942,32,944,104,3839,0.79,35.3,numbeo
2020,Poznań,Wielkopolskie,metropolis,540000,5829,4459,3202,5167,2600,1.128,3.4,86.5,2606,1991,32,1012,104,3963,0.81,34.2,numbeo
2021,Poznań,Wielkopolskie,metropolis,540000,6453,4937,3545,5663,2800,1.14,5.1,86.1,2819,2107,36,1019,110,4183,0.85,32.7,numbeo
2022,Poznań,Wielkopolskie,metropolis,540000,6976,5337,3832,6346,3010,1.099,14.4,86.5,3340,2471,37,1227,127,4825,0.79,35.4,numbeo
2023,Poznań,Wielkopolskie,metropolis,540000,7996,6117,4392,7155,3490,1.118,11.5,86.8,3569,2725,42,1360,141,5356,0.82,34.1,numbeo
2024,Poznań,Wielkopolskie,metropolis,540000,10051,7689,5521,8604,4242,1.168,3.6,87.0,3795,2905,46,1344,155,5624,0.98,28.9,numbeo
2010,Kalisz,Wielkopolskie,city_large,102000,2595,1985,1425,3224,1317,0.805,2.6,65.2,1635,1109,24,773,73,2618,0.54,42.7,numbeo
2011,Kalisz,Wielkopolskie,city_large,102000,2771,2120,1522,3399,1386,0.815,4.3,66.2,1580,1184,25,802,74,2750,0.55,42.7,numbeo
2012,Kalisz,Wielkopolskie,city_large,102000,2790,2134,1532,3521,1500,0.792,3.7,66.7,1707,1220,25,846,78,2841,0.54,43.7,numbeo
2013,Kalisz,Wielkopolskie,city_large,102000,2937,2247,1613,3650,1600,0.805,0.9,66.9,1668,1253,26,858,77,2907,0.55,42.7,numbeo
2014,Kalisz,Wielkopolskie,city_large,102000,3062,2342,1682,3783,1680,0.809,0.0,66.2,1709,1251,25,846,78,2874,0.59,40.9,numbeo
2015,Kalisz,Wielkopolskie,city_large,102000,3048,2332,1674,3899,1750,0.782,-0.9,66.4,1707,1233,25,855,78,2863,0.58,40.5,numbeo
2016,Kalisz,Wielkopolskie,city_large,102000,3283,2511,1803,4047,1850,0.811,-0.2,67.3,1686,1222,26,825,76,2840,0.63,37.2,numbeo
2017,Kalisz,Wielkopolskie,city_large,102000,3382,2587,1857,4271,2000,0.792,2.0,66.5,1740,1214,26,842,82,2859,0.65,35.9,numbeo
2018,Kalisz,Wielkopolskie,city_large,102000,3750,2869,2060,4585,2100,0.818,1.6,67.6,1775,1263,26,825,79,2891,0.71,33.7,numbeo
2019,Kalisz,Wielkopolskie,city_large,102000,4005,3064,2200,4918,2250,0.814,2.3,68.4,1795,1389,26,875,80,3073,0.72,34.7,numbeo
2020,Kalisz,Wielkopolskie,city_large,102000,4061,3107,2231,5167,2600,0.786,3.4,67.8,1779,1405,28,891,88,3160,0.71,34.6,numbeo
2021,Kalisz,Wielkopolskie,city_large,102000,4653,3560,2556,5663,2800,0.822,5.1,67.4,1906,1379,30,930,90,3226,0.79,29.6,numbeo
2022,Kalisz,Wielkopolskie,city_large,102000,5111,3910,2807,6346,3010,0.805,14.4,68.1,2261,1700,33,1084,101,3805,0.74,33.3,numbeo
2023,Kalisz,Wielkopolskie,city_large,102000,5789,4429,3180,7155,3490,0.809,11.5,69.0,2488,1825,36,1206,118,4159,0.76,31.5,numbeo
2024,Kalisz,Wielkopolskie,city_large,102000,6796,5199,3733,8604,4242,0.79,3.6,69.5,2615,1963,36,1257,121,4361,0.86,28.9,numbeo
2010,Konin,Wielkopolskie,city_medium,75000,2536,1940,1393,3224,1317,0.787,2.6,57.6,1295,904,20,706,64,2257,0.62,35.6,numbeo
2011,Konin,Wielkopolskie,city_medium,75000,2735,2092,1502,3399,1386,0.805,4.3,57.9,1270,935,21,731,66,2342,0.64,34.2,numbeo
2012,Konin,Wielkopolskie,city_medium,75000,2742,2098,1506,3521,1500,0.779,3.7,57.5,1414,1028,21,757,70,2472,0.61,37.5,numbeo
2013,Konin,Wielkopolskie,city_medium,75000,2913,2228,1600,3650,1600,0.798,0.9,57.2,1331,1036,23,749,68,2512,0.64,35.6,numbeo
2014,Konin,Wielkopolskie,city_medium,75000,3010,2303,1654,3783,1680,0.796,0.0,57.1,1435,996,23,755,72,2482,0.67,33.1,numbeo
2015,Konin,Wielkopolskie,city_medium,75000,3025,2314,1661,3899,1750,0.776,-0.9,58.8,1352,1039,22,787,70,2533,0.66,34.3,numbeo
2016,Konin,Wielkopolskie,city_medium,75000,3161,2418,1736,4047,1850,0.781,-0.2,57.8,1444,987,21,727,70,2401,0.72,31.2,numbeo
2017,Konin,Wielkopolskie,city_medium,75000,3429,2623,1883,4271,2000,0.803,2.0,59.1,1458,1082,21,757,72,2532,0.74,31.6,numbeo
2018,Konin,Wielkopolskie,city_medium,75000,3761,2877,2066,4585,2100,0.82,1.6,58.5,1364,1061,22,771,70,2546,0.81,28.2,numbeo
2019,Konin,Wielkopolskie,city_medium,75000,3911,2992,2148,4918,2250,0.795,2.3,58.8,1498,1054,23,777,74,2574,0.83,26.9,numbeo
2020,Konin,Wielkopolskie,city_medium,75000,3993,3055,2193,5167,2600,0.773,3.4,58.8,1446,1087,23,854,77,2694,0.81,27.2,numbeo
2021,Konin,Wielkopolskie,city_medium,75000,4569,3495,2509,5663,2800,0.807,5.1,59.4,1590,1146,25,863,81,2817,0.89,25.1,numbeo
2022,Konin,Wielkopolskie,city_medium,75000,4983,3812,2737,6346,3010,0.785,14.4,60.3,1758,1401,30,977,89,3327,0.82,28.1,numbeo
2023,Konin,Wielkopolskie,city_medium,75000,5642,4316,3099,7155,3490,0.789,11.5,60.1,1998,1484,31,1088,103,3585,0.86,26.3,numbeo
2024,Konin,Wielkopolskie,city_medium,75000,6822,5219,3747,8604,4242,0.793,3.6,59.4,2140,1612,33,1148,104,3824,0.98,23.6,numbeo
2010,Ostrów Wielkopolski,Wielkopolskie,city_medium,71000,2451,1875,1346,3224,1317,0.76,2.6,56.4,1294,966,21,720,63,2352,0.57,39.4,numbeo
2011,Ostrów Wielkopolski,Wielkopolskie,city_medium,71000,2738,2095,1504,3399,1386,0.806,4.3,56.7,1330,974,22,743,68,2415,0.62,35.6,numbeo
2012,Ostrów Wielkopolski,Wielkopolskie,city_medium,71000,2839,2172,1559,3521,1500,0.806,3.7,58.0,1369,1069,22,728,67,2501,0.62,37.7,numbeo
2013,Ostrów Wielkopolski,Wielkopolskie,city_medium,71000,2811,2150,1544,3650,1600,0.77,0.9,57.0,1433,1060,23,777,73,2569,0.6,37.7,numbeo
2014,Ostrów Wielkopolski,Wielkopolskie,city_medium,71000,3080,2356,1692,3783,1680,0.814,0.0,58.4,1462,1032,22,776,72,2519,0.67,33.5,numbeo
2015,Ostrów Wielkopolski,Wielkopolskie,city_medium,71000,3157,2415,1734,3899,1750,0.81,-0.9,58.7,1409,1034,22,754,67,2492,0.7,32.8,numbeo
2016,Ostrów Wielkopolski,Wielkopolskie,city_medium,71000,3303,2527,1814,4047,1850,0.816,-0.2,57.9,1330,987,22,747,68,2439,0.74,29.9,numbeo
2017,Ostrów Wielkopolski,Wielkopolskie,city_medium,71000,3347,2560,1838,4271,2000,0.784,2.0,58.6,1374,1046,21,761,71,2499,0.74,31.3,numbeo
2018,Ostrów Wielkopolski,Wielkopolskie,city_medium,71000,3583,2741,1968,4585,2100,0.781,1.6,58.1,1473,1044,22,784,72,2544,0.77,29.1,numbeo
2019,Ostrów Wielkopolski,Wielkopolskie,city_medium,71000,3797,2905,2086,4918,2250,0.772,2.3,59.6,1463,1071,22,813,71,2604,0.8,28.2,numbeo
2020,Ostrów Wielkopolski,Wielkopolskie,city_medium,71000,3999,3059,2196,5167,2600,0.774,3.4,59.7,1574,1111,25,851,75,2753,0.8,27.8,numbeo
2021,Ostrów Wielkopolski,Wielkopolskie,city_medium,71000,4522,3459,2484,5663,2800,0.799,5.1,59.4,1628,1150,25,886,79,2842,0.87,25.4,numbeo
2022,Ostrów Wielkopolski,Wielkopolskie,city_medium,71000,4948,3785,2718,6346,3010,0.78,14.4,59.5,1777,1321,28,1020,91,3252,0.84,26.7,numbeo
2023,Ostrów Wielkopolski,Wielkopolskie,city_medium,71000,5831,4461,3203,7155,3490,0.815,11.5,59.3,1976,1529,31,1130,99,3668,0.87,26.2,numbeo
2024,Ostrów Wielkopolski,Wielkopolskie,city_medium,71000,6731,5149,3697,8604,4242,0.782,3.6,60.6,2061,1530,31,1151,106,3707,1.0,22.7,numbeo
2010,Piła,Wielkopolskie,city_medium,72000,2468,1888,1356,3224,1317,0.766,2.6,57.0,1237,914,20,714,62,2273,0.6,37.0,numbeo
2011,Piła,Wielkopolskie,city_medium,72000,2742,2098,1506,3399,1386,0.807,4.3,56.8,1368,982,20,724,65,2361,0.64,35.8,numbeo
2012,Piła,Wielkopolskie,city_medium,72000,2693,2060,1479,3521,1500,0.765,3.7,56.9,1385,1048,22,748,72,2505,0.59,38.9,numbeo
2013,Piła,Wielkopolskie,city_medium,72000,2950,2257,1621,3650,1600,0.808,0.9,57.7,1380,1072,22,751,68,2530,0.64,36.3,numbeo
2014,Piła,Wielkopolskie,city_medium,72000,2911,2227,1599,3783,1680,0.769,0.0,58.3,1339,1021,22,733,72,2465,0.65,35.1,numbeo
2015,Piła,Wielkopolskie,city_medium,72000,3075,2352,1689,3899,1750,0.789,-0.9,58.4,1338,1007,21,743,68,2435,0.69,32.7,numbeo
2016,Piła,Wielkopolskie,city_medium,72000,3236,2476,1778,4047,1850,0.8,-0.2,58.2,1346,1006,22,784,71,2498,0.71,31.1,numbeo
2017,Piła,Wielkopolskie,city_medium,72000,3356,2567,1843,4271,2000,0.786,2.0,58.2,1416,1031,22,799,70,2541,0.73,30.7,numbeo
2018,Piła,Wielkopolskie,city_medium,72000,3717,2844,2042,4585,2100,0.811,1.6,58.6,1380,1036,22,808,72,2560,0.8,27.9,numbeo
2019,Piła,Wielkopolskie,city_medium,72000,3852,2947,2116,4918,2250,0.783,2.3,58.4,1422,1102,22,785,71,2607,0.81,28.6,numbeo
2020,Piła,Wielkopolskie,city_medium,72000,4100,3136,2252,5167,2600,0.793,3.4,59.4,1586,1104,24,822,79,2701,0.83,26.9,numbeo
2021,Piła,Wielkopolskie,city_medium,72000,4622,3536,2539,5663,2800,0.816,5.1,59.1,1516,1215,24,870,77,2869,0.88,26.3,numbeo
2022,Piła,Wielkopolskie,city_medium,72000,5101,3902,2802,6346,3010,0.804,14.4,60.1,1741,1351,27,966,92,3209,0.87,26.5,numbeo
2023,Piła,Wielkopolskie,city_medium,72000,5603,4286,3077,7155,3490,0.783,11.5,60.0,1928,1570,32,1130,104,3734,0.82,28.0,numbeo
2024,Piła,Wielkopolskie,city_medium,72000,7078,5415,3888,8604,4242,0.823,3.6,59.7,1999,1538,32,1125,108,3711,1.05,21.7,numbeo
2010,Gniezno,Wielkopolskie,city_medium,70000,2434,1862,1337,3224,1317,0.755,2.6,56.3,1322,985,20,717,63,2348,0.57,40.5,numbeo
2011,Gniezno,Wielkopolskie,city_medium,70000,2538,1942,1394,3399,1386,0.747,4.3,56.5,1384,959,20,716,69,2334,0.6,37.8,numbeo
2012,Gniezno,Wielkopolskie,city_medium,70000,2779,2126,1526,3521,1500,0.789,3.7,57.7,1366,972,22,772,70,2451,0.62,35.0,numbeo
2013,Gniezno,Wielkopolskie,city_medium,70000,2834,2168,1557,3650,1600,0.776,0.9,57.5,1433,1017,22,774,69,2499,0.62,35.9,numbeo
2014,Gniezno,Wielkopolskie,city_medium,70000,2912,2228,1600,3783,1680,0.77,0.0,57.8,1349,981,21,784,71,2455,0.65,33.7,numbeo
2015,Gniezno,Wielkopolskie,city_medium,70000,2951,2258,1621,3899,1750,0.757,-0.9,58.2,1443,994,21,783,69,2463,0.66,33.7,numbeo
2016,Gniezno,Wielkopolskie,city_medium,70000,3196,2445,1756,4047,1850,0.79,-0.2,58.9,1434,1052,22,783,71,2543,0.69,32.9,numbeo
2017,Gniezno,Wielkopolskie,city_medium,70000,3329,2547,1829,4271,2000,0.779,2.0,58.2,1471,1056,23,741,72,2530,0.72,31.7,numbeo
2018,Gniezno,Wielkopolskie,city_medium,70000,3577,2736,1964,4585,2100,0.78,1.6,58.1,1425,1028,21,801,74,2527,0.78,28.7,numbeo
2019,Gniezno,Wielkopolskie,city_medium,70000,3670,2808,2016,4918,2250,0.746,2.3,58.4,1486,1097,24,819,73,2678,0.75,29.9,numbeo
2020,Gniezno,Wielkopolskie,city_medium,70000,4048,3097,2224,5167,2600,0.783,3.4,59.1,1545,1076,24,842,76,2690,0.83,26.6,numbeo
2021,Gniezno,Wielkopolskie,city_medium,70000,4416,3378,2425,5663,2800,0.78,5.1,59.9,1521,1155,24,899,77,2838,0.85,26.2,numbeo
2022,Gniezno,Wielkopolskie,city_medium,70000,4954,3790,2721,6346,3010,0.781,14.4,59.2,1776,1367,29,1001,93,3301,0.82,27.6,numbeo
2023,Gniezno,Wielkopolskie,city_medium,70000,5646,4319,3101,7155,3490,0.789,11.5,60.3,1929,1559,33,1108,100,3717,0.83,27.6,numbeo
2024,Gniezno,Wielkopolskie,city_medium,70000,6612,5058,3632,8604,4242,0.768,3.6,60.7,2033,1532,34,1116,107,3735,0.97,23.2,numbeo
2010,Leszno,Wielkopolskie,city_medium,64000,3222,2465,1770,3224,1317,0.999,2.6,57.4,1271,939,20,709,63,2294,0.77,29.1,gus_modeled
2011,Leszno,Wielkopolskie,city_medium,64000,3458,2645,1899,3399,1386,1.017,4.3,56.7,1359,1017,21,754,69,2450,0.78,29.4,gus_modeled
2012,Leszno,Wielkopolskie,city_medium,64000,3606,2759,1981,3521,1500,1.024,3.7,57.0,1388,1023,21,769,67,2476,0.8,28.4,gus_modeled
2013,Leszno,Wielkopolskie,city_medium,64000,3662,2801,2011,3650,1600,1.003,0.9,57.8,1418,1033,22,771,72,2515,0.8,28.2,gus_modeled
2014,Leszno,Wielkopolskie,city_medium,64000,3823,2925,2100,3783,1680,1.011,0.0,57.8,1401,999,22,737,70,2445,0.86,26.1,gus_modeled
2015,Leszno,Wielkopolskie,city_medium,64000,3979,3044,2186,3899,1750,1.021,-0.9,58.2,1343,1039,22,733,70,2479,0.88,26.1,gus_modeled
2016,Leszno,Wielkopolskie,city_medium,64000,4269,3266,2345,4047,1850,1.055,-0.2,58.9,1350,989,21,753,70,2429,0.97,23.2,gus_modeled
2017,Leszno,Wielkopolskie,city_medium,64000,4535,3469,2491,4271,2000,1.062,2.0,58.0,1418,1061,22,796,71,2569,0.97,23.4,gus_modeled
2018,Leszno,Wielkopolskie,city_medium,64000,4598,3517,2525,4585,2100,1.003,1.6,58.7,1465,1085,23,753,69,2571,0.98,23.6,gus_modeled
2019,Leszno,Wielkopolskie,city_medium,64000,5201,3979,2857,4918,2250,1.058,2.3,59.0,1515,1048,24,832,74,2643,1.08,20.1,gus_modeled
2020,Leszno,Wielkopolskie,city_medium,64000,5224,3996,2869,5167,2600,1.011,3.4,59.7,1529,1122,24,817,78,2713,1.06,21.5,gus_modeled
2021,Leszno,Wielkopolskie,city_medium,64000,5900,4514,3241,5663,2800,1.042,5.1,59.2,1562,1137,25,900,79,2843,1.14,19.3,gus_modeled
2022,Leszno,Wielkopolskie,city_medium,64000,6687,5116,3673,6346,3010,1.054,14.4,59.6,1769,1315,30,1034,93,3302,1.11,19.7,gus_modeled
2023,Leszno,Wielkopolskie,city_medium,64000,7421,5677,4076,7155,3490,1.037,11.5,60.3,2063,1537,33,1090,103,3680,1.11,20.7,gus_modeled
2024,Leszno,Wielkopolskie,city_medium,64000,9179,7022,5042,8604,4242,1.067,3.6,59.4,2197,1565,32,1149,105,3759,1.34,17.0,gus_modeled
2010,Krotoszyn,Wielkopolskie,city_small,40000,2380,1821,1307,3224,1317,0.738,2.6,50.8,1080,813,18,638,55,2049,0.64,34.2,numbeo
2011,Krotoszyn,Wielkopolskie,city_small,40000,2620,2004,1439,3399,1386,0.771,4.3,50.5,1099,796,18,642,56,2044,0.7,30.4,numbeo
2012,Krotoszyn,Wielkopolskie,city_small,40000,2571,1967,1412,3521,1500,0.73,3.7,51.1,1131,882,20,710,58,2247,0.63,34.3,numbeo
2013,Krotoszyn,Wielkopolskie,city_small,40000,2808,2148,1542,3650,1600,0.769,0.9,50.1,1128,900,19,718,62,2259,0.68,32.1,numbeo
2014,Krotoszyn,Wielkopolskie,city_small,40000,2808,2148,1542,3783,1680,0.742,0.0,50.8,1090,885,20,700,61,2245,0.69,31.5,numbeo
2015,Krotoszyn,Wielkopolskie,city_small,40000,2931,2242,1610,3899,1750,0.752,-0.9,51.2,1171,814,20,701,60,2172,0.74,27.8,numbeo
2016,Krotoszyn,Wielkopolskie,city_small,40000,3017,2308,1657,4047,1850,0.745,-0.2,51.4,1115,814,19,713,59,2163,0.77,27.0,numbeo
2017,Krotoszyn,Wielkopolskie,city_small,40000,3212,2457,1764,4271,2000,0.752,2.0,51.3,1118,905,21,701,63,2290,0.77,28.2,numbeo
2018,Krotoszyn,Wielkopolskie,city_small,40000,3444,2635,1892,4585,2100,0.751,1.6,51.1,1206,849,21,722,63,2258,0.84,24.7,numbeo
2019,Krotoszyn,Wielkopolskie,city_small,40000,3748,2867,2059,4918,2250,0.762,2.3,51.4,1172,944,22,718,62,2373,0.87,25.2,numbeo
2020,Krotoszyn,Wielkopolskie,city_small,40000,3824,2925,2100,5167,2600,0.74,3.4,51.6,1283,981,22,741,65,2443,0.86,25.7,numbeo
2021,Krotoszyn,Wielkopolskie,city_small,40000,4189,3205,2301,5663,2800,0.74,5.1,52.3,1327,982,24,819,69,2577,0.89,23.4,numbeo
2022,Krotoszyn,Wielkopolskie,city_small,40000,4932,3773,2709,6346,3010,0.777,14.4,52.9,1418,1146,26,873,80,2879,0.94,23.2,numbeo
2023,Krotoszyn,Wielkopolskie,city_small,40000,5599,4283,3075,7155,3490,0.783,11.5,53.0,1697,1293,28,1023,85,3251,0.95,23.1,numbeo
2024,Krotoszyn,Wielkopolskie,city_small,40000,6705,5129,3683,8604,4242,0.779,3.6,52.1,1667,1259,29,1071,89,3299,1.12,18.8,numbeo
2010,Jarocin,Wielkopolskie,city_small,26000,2309,1766,1268,3224,1317,0.716,2.6,49.5,1003,772,18,660,56,2031,0.62,33.4,numbeo
2011,Jarocin,Wielkopolskie,city_small,26000,2551,1952,1402,3399,1386,0.751,4.3,50.2,1130,802,19,683,58,2113,0.66,31.4,numbeo
2012,Jarocin,Wielkopolskie,city_small,26000,2557,1956,1404,3521,1500,0.726,3.7,50.6,1105,856,19,696,61,2190,0.64,33.5,numbeo
2013,Jarocin,Wielkopolskie,city_small,26000,2787,2132,1531,3650,1600,0.764,0.9,51.2,1150,903,20,684,61,2247,0.68,32.4,numbeo
2014,Jarocin,Wielkopolskie,city_small,26000,2739,2095,1504,3783,1680,0.724,0.0,50.3,1129,906,20,698,58,2261,0.67,33.1,numbeo
2015,Jarocin,Wielkopolskie,city_small,26000,2958,2263,1625,3899,1750,0.759,-0.9,51.1,1140,855,20,700,60,2212,0.73,28.9,numbeo
2016,Jarocin,Wielkopolskie,city_small,26000,3012,2304,1654,4047,1850,0.744,-0.2,51.6,1127,823,19,670,60,2130,0.78,27.3,numbeo
2017,Jarocin,Wielkopolskie,city_small,26000,3289,2516,1806,4271,2000,0.77,2.0,50.8,1134,838,20,726,62,2227,0.81,25.5,numbeo
2018,Jarocin,Wielkopolskie,city_small,26000,3323,2542,1825,4585,2100,0.725,1.6,51.3,1145,876,20,706,62,2248,0.81,26.4,numbeo
2019,Jarocin,Wielkopolskie,city_small,26000,3642,2786,2000,4918,2250,0.741,2.3,52.5,1237,933,20,706,61,2309,0.87,25.6,numbeo
2020,Jarocin,Wielkopolskie,city_small,26000,3830,2930,2104,5167,2600,0.741,3.4,52.7,1194,900,21,726,64,2326,0.9,23.5,numbeo
2021,Jarocin,Wielkopolskie,city_small,26000,4267,3264,2344,5663,2800,0.753,5.1,52.7,1238,1025,22,801,66,2559,0.92,24.0,numbeo
2022,Jarocin,Wielkopolskie,city_small,26000,4664,3568,2562,6346,3010,0.735,14.4,52.2,1488,1156,25,900,78,2894,0.89,24.8,numbeo
2023,Jarocin,Wielkopolskie,city_small,26000,5490,4200,3016,7155,3490,0.767,11.5,53.4,1669,1223,29,1042,86,3221,0.94,22.3,numbeo
2024,Jarocin,Wielkopolskie,city_small,26000,6418,4910,3525,8604,4242,0.746,3.6,53.4,1781,1363,31,1017,93,3393,1.04,21.2,numbeo
2010,Koło,Wielkopolskie,town,22000,2389,1828,1313,3224,1317,0.741,2.6,44.1,786,651,16,585,43,1782,0.74,27.2,numbeo
2011,Koło,Wielkopolskie,town,22000,2516,1925,1382,3399,1386,0.74,4.3,44.3,816,676,16,625,45,1856,0.74,26.9,numbeo
2012,Koło,Wielkopolskie,town,22000,2529,1935,1389,3521,1500,0.718,3.7,44.0,895,664,18,632,45,1898,0.73,26.3,numbeo
2013,Koło,Wielkopolskie,town,22000,2649,2026,1455,3650,1600,0.726,0.9,43.2,857,686,17,673,46,1944,0.75,25.9,numbeo
2014,Koło,Wielkopolskie,town,22000,2767,2117,1520,3783,1680,0.731,0.0,44.0,911,710,18,648,48,1965,0.77,25.7,numbeo
2015,Koło,Wielkopolskie,town,22000,2889,2210,1587,3899,1750,0.741,-0.9,44.3,926,691,16,655,46,1909,0.83,23.9,numbeo
2016,Koło,Wielkopolskie,town,22000,2886,2208,1585,4047,1850,0.713,-0.2,44.5,906,675,17,630,47,1889,0.84,23.4,numbeo
2017,Koło,Wielkopolskie,town,22000,3074,2352,1689,4271,2000,0.72,2.0,44.8,866,694,17,639,47,1921,0.88,22.6,numbeo
2018,Koło,Wielkopolskie,town,22000,3287,2515,1806,4585,2100,0.717,1.6,45.2,891,683,18,643,47,1937,0.93,20.8,numbeo
2019,Koło,Wielkopolskie,town,22000,3530,2700,1939,4918,2250,0.718,2.3,45.6,897,720,18,679,48,2016,0.96,20.4,numbeo
2020,Koło,Wielkopolskie,town,22000,3797,2905,2086,5167,2600,0.735,3.4,44.6,994,729,18,733,51,2089,1.0,19.2,numbeo
2021,Koło,Wielkopolskie,town,22000,4207,3218,2311,5663,2800,0.743,5.1,44.6,988,808,20,726,55,2216,1.04,19.2,numbeo
2022,Koło,Wielkopolskie,town,22000,4864,3721,2672,6346,3010,0.766,14.4,45.9,1208,905,23,815,60,2500,1.07,18.6,numbeo
2023,Koło,Wielkopolskie,town,22000,5177,3960,2843,7155,3490,0.724,11.5,45.7,1256,974,26,916,69,2769,1.03,18.8,numbeo
2024,Koło,Wielkopolskie,town,22000,6337,4848,3481,8604,4242,0.737,3.6,45.4,1322,1101,26,976,68,2965,1.17,17.4,numbeo
2010,Turek,Wielkopolskie,town,28000,2838,2171,1559,3224,1317,0.88,2.6,43.9,856,634,15,582,44,1743,0.89,22.3,gus_modeled
2011,Turek,Wielkopolskie,town,28000,2962,2266,1627,3399,1386,0.871,4.3,43.6,823,686,17,600,44,1860,0.87,23.2,gus_modeled
2012,Turek,Wielkopolskie,town,28000,3117,2385,1712,3521,1500,0.885,3.7,43.1,930,705,16,645,46,1913,0.89,22.6,gus_modeled
2013,Turek,Wielkopolskie,town,28000,3269,2501,1796,3650,1600,0.896,0.9,44.4,941,696,18,628,47,1930,0.93,21.3,gus_modeled
2014,Turek,Wielkopolskie,town,28000,3392,2595,1863,3783,1680,0.897,0.0,43.6,903,718,16,632,48,1917,0.97,21.2,gus_modeled
2015,Turek,Wielkopolskie,town,28000,3364,2573,1847,3899,1750,0.863,-0.9,44.9,893,683,17,656,45,1921,0.96,20.3,gus_modeled
2016,Turek,Wielkopolskie,town,28000,3639,2784,1999,4047,1850,0.899,-0.2,44.8,898,697,17,662,46,1942,1.03,19.2,gus_modeled
2017,Turek,Wielkopolskie,town,28000,3917,2997,2152,4271,2000,0.917,2.0,44.9,923,694,17,638,49,1922,1.12,17.7,gus_modeled
2018,Turek,Wielkopolskie,town,28000,4199,3212,2306,4585,2100,0.916,1.6,45.3,921,724,18,672,47,2007,1.15,17.2,gus_modeled
2019,Turek,Wielkopolskie,town,28000,4354,3331,2392,4918,2250,0.885,2.3,44.2,960,754,18,679,50,2052,1.17,17.3,gus_modeled
2020,Turek,Wielkopolskie,town,28000,4766,3646,2618,5167,2600,0.922,3.4,45.3,980,734,19,729,52,2111,1.24,15.4,gus_modeled
2021,Turek,Wielkopolskie,town,28000,5131,3925,2818,5663,2800,0.906,5.1,45.4,1029,830,19,744,53,2234,1.26,16.2,gus_modeled
2022,Turek,Wielkopolskie,town,28000,5714,4371,3138,6346,3010,0.9,14.4,44.8,1142,926,22,854,63,2543,1.23,16.2,gus_modeled
2023,Turek,Wielkopolskie,town,28000,6281,4805,3450,7155,3490,0.878,11.5,45.5,1292,970,26,942,68,2790,1.24,15.4,gus_modeled
2024,Turek,Wielkopolskie,town,28000,7867,6018,4321,8604,4242,0.914,3.6,45.7,1310,1073,27,963,69,2945,1.47,13.6,gus_modeled
2010,Łódź,Łódzkie,metropolis,685000,3031,2319,1665,3224,1317,0.94,2.6,73.0,2225,1651,28,822,93,3309,0.5,54.5,numbeo
2011,Łódź,Łódzkie,metropolis,685000,3108,2378,1707,3399,1386,0.914,4.3,72.9,2518,1758,28,878,95,3481,0.49,56.6,numbeo
2012,Łódź,Łódzkie,metropolis,685000,3145,2406,1728,3521,1500,0.893,3.7,73.5,2425,1873,28,924,100,3654,0.47,59.6,numbeo
2013,Łódź,Łódzkie,metropolis,685000,3415,2612,1875,3650,1600,0.936,0.9,73.6,2628,1886,29,908,102,3675,0.51,55.2,numbeo
2014,Łódź,Łódzkie,metropolis,685000,3467,2652,1904,3783,1680,0.916,0.0,73.0,2591,1833,31,929,96,3677,0.52,52.9,numbeo
2015,Łódź,Łódzkie,metropolis,685000,3677,2813,2020,3899,1750,0.943,-0.9,73.0,2531,1827,31,956,99,3699,0.55,49.7,numbeo
2016,Łódź,Łódzkie,metropolis,685000,3744,2864,2056,4047,1850,0.925,-0.2,74.5,2539,1814,29,890,99,3580,0.57,48.5,numbeo
2017,Łódź,Łódzkie,metropolis,685000,4094,3132,2249,4271,2000,0.959,2.0,74.6,2503,1969,30,909,99,3778,0.6,48.1,numbeo
2018,Łódź,Łódzkie,metropolis,685000,4416,3378,2425,4585,2100,0.963,1.6,73.7,2605,1975,30,977,100,3856,0.63,44.7,numbeo
2019,Łódź,Łódzkie,metropolis,685000,4487,3433,2465,4918,2250,0.912,2.3,74.1,2604,1907,33,979,108,3863,0.64,42.5,numbeo
2020,Łódź,Łódzkie,metropolis,685000,4692,3589,2577,5167,2600,0.908,3.4,74.3,2738,2077,32,1024,108,4065,0.63,44.3,numbeo
2021,Łódź,Łódzkie,metropolis,685000,5471,4185,3005,5663,2800,0.966,5.1,74.6,2845,2186,36,1072,112,4317,0.7,40.0,numbeo
2022,Łódź,Łódzkie,metropolis,685000,5926,4533,3255,6346,3010,0.934,14.4,75.9,3235,2358,38,1182,125,4685,0.69,39.8,numbeo
2023,Łódź,Łódzkie,metropolis,685000,6698,5124,3679,7155,3490,0.936,11.5,75.4,3740,2617,41,1297,140,5164,0.71,39.1,numbeo
2024,Łódź,Łódzkie,metropolis,685000,8118,6210,4459,8604,4242,0.944,3.6,75.2,3741,2727,44,1373,156,5436,0.82,33.6,numbeo
2010,Piotrków Trybunalski,Łódzkie,city_medium,75000,2442,1868,1341,3224,1317,0.757,2.6,55.8,1282,947,21,691,65,2306,0.58,38.8,numbeo
2011,Piotrków Trybunalski,Łódzkie,city_medium,75000,2717,2079,1493,3399,1386,0.799,4.3,56.2,1284,968,20,726,64,2348,0.64,35.6,numbeo
2012,Piotrków Trybunalski,Łódzkie,city_medium,75000,2797,2140,1537,3521,1500,0.794,3.7,56.4,1319,1016,21,768,70,2471,0.62,36.3,numbeo
2013,Piotrków Trybunalski,Łódzkie,city_medium,75000,2904,2222,1595,3650,1600,0.796,0.9,56.6,1439,1071,22,740,68,2518,0.63,36.9,numbeo
2014,Piotrków Trybunalski,Łódzkie,city_medium,75000,2990,2287,1642,3783,1680,0.79,0.0,57.3,1338,1031,21,739,70,2459,0.67,34.5,numbeo
2015,Piotrków Trybunalski,Łódzkie,city_medium,75000,3064,2344,1683,3899,1750,0.786,-0.9,57.3,1433,1044,21,738,66,2465,0.68,34.1,numbeo
2016,Piotrków Trybunalski,Łódzkie,city_medium,75000,3154,2413,1733,4047,1850,0.779,-0.2,58.4,1368,978,21,777,68,2440,0.71,31.0,numbeo
2017,Piotrków Trybunalski,Łódzkie,city_medium,75000,3291,2518,1808,4271,2000,0.771,2.0,58.5,1364,1065,23,767,71,2564,0.71,32.4,numbeo
2018,Piotrków Trybunalski,Łódzkie,city_medium,75000,3716,2843,2041,4585,2100,0.81,1.6,58.8,1501,1038,22,777,70,2529,0.81,27.9,numbeo
2019,Piotrków Trybunalski,Łódzkie,city_medium,75000,3736,2858,2052,4918,2250,0.76,2.3,58.0,1413,1104,23,780,71,2624,0.78,29.6,numbeo
2020,Piotrków Trybunalski,Łódzkie,city_medium,75000,4118,3150,2262,5167,2600,0.797,3.4,58.5,1516,1101,25,816,76,2709,0.83,26.7,numbeo
2021,Piotrków Trybunalski,Łódzkie,city_medium,75000,4444,3400,2441,5663,2800,0.785,5.1,58.1,1637,1133,26,895,81,2856,0.85,25.5,numbeo
2022,Piotrków Trybunalski,Łódzkie,city_medium,75000,5109,3908,2806,6346,3010,0.805,14.4,58.2,1826,1384,28,964,90,3258,0.86,27.1,numbeo
2023,Piotrków Trybunalski,Łódzkie,city_medium,75000,5797,4435,3184,7155,3490,0.81,11.5,58.6,2079,1495,32,1079,104,3608,0.88,25.8,numbeo
2024,Piotrków Trybunalski,Łódzkie,city_medium,75000,6678,5109,3668,8604,4242,0.776,3.6,59.1,2135,1606,32,1113,108,3767,0.97,24.0,numbeo
2010,Pabianice,Łódzkie,city_medium,65000,2518,1926,1383,3224,1317,0.781,2.6,56.9,1262,978,21,682,66,2329,0.59,38.8,numbeo
2011,Pabianice,Łódzkie,city_medium,65000,2513,1922,1380,3399,1386,0.739,4.3,57.2,1333,993,20,719,67,2369,0.58,39.5,numbeo
2012,Pabianice,Łódzkie,city_medium,65000,2631,2013,1445,3521,1500,0.747,3.7,57.6,1368,980,22,731,70,2418,0.6,37.2,numbeo
2013,Pabianice,Łódzkie,city_medium,65000,2846,2177,1563,3650,1600,0.78,0.9,57.1,1412,1044,21,777,68,2508,0.62,36.7,numbeo
2014,Pabianice,Łódzkie,city_medium,65000,2803,2144,1539,3783,1680,0.741,0.0,57.9,1415,1064,23,766,67,2556,0.6,38.0,numbeo
2015,Pabianice,Łódzkie,city_medium,65000,3086,2361,1695,3899,1750,0.791,-0.9,56.8,1406,1044,21,739,70,2470,0.69,33.8,numbeo
2016,Pabianice,Łódzkie,city_medium,65000,3124,2390,1716,4047,1850,0.772,-0.2,57.2,1364,1050,22,733,69,2489,0.69,33.6,numbeo
2017,Pabianice,Łódzkie,city_medium,65000,3272,2503,1797,4271,2000,0.766,2.0,57.4,1357,1076,21,741,71,2509,0.72,32.9,numbeo
2018,Pabianice,Łódzkie,city_medium,65000,3518,2691,1932,4585,2100,0.767,1.6,58.3,1358,1055,22,791,69,2559,0.75,30.0,numbeo
2019,Pabianice,Łódzkie,city_medium,65000,3814,2918,2095,4918,2250,0.776,2.3,58.0,1440,1038,24,788,72,2587,0.81,27.2,numbeo
2020,Pabianice,Łódzkie,city_medium,65000,3895,2980,2140,5167,2600,0.754,3.4,58.5,1443,1126,24,801,77,2700,0.79,28.9,numbeo
2021,Pabianice,Łódzkie,city_medium,65000,4352,3329,2390,5663,2800,0.768,5.1,58.4,1595,1123,26,840,81,2791,0.86,25.8,numbeo
2022,Pabianice,Łódzkie,city_medium,65000,4956,3791,2722,6346,3010,0.781,14.4,59.2,1886,1319,27,962,88,3169,0.86,26.6,numbeo
2023,Pabianice,Łódzkie,city_medium,65000,5466,4181,3002,7155,3490,0.764,11.5,58.7,2024,1558,33,1089,100,3697,0.81,28.5,numbeo
2024,Pabianice,Łódzkie,city_medium,65000,6931,5302,3807,8604,4242,0.806,3.6,59.7,2172,1524,31,1121,104,3669,1.04,22.0,numbeo
2010,Zgierz,Łódzkie,city_medium,57000,2437,1864,1338,3224,1317,0.756,2.6,55.8,1256,897,20,718,65,2263,0.59,36.8,numbeo
2011,Zgierz,Łódzkie,city_medium,57000,2557,1956,1404,3399,1386,0.752,4.3,56.4,1294,935,20,736,67,2328,0.6,36.6,numbeo
2012,Zgierz,Łódzkie,city_medium,57000,2773,2121,1523,3521,1500,0.788,3.7,57.1,1444,1044,22,782,67,2530,0.6,37.6,numbeo
2013,Zgierz,Łódzkie,city_medium,57000,2725,2085,1497,3650,1600,0.747,0.9,56.9,1455,1053,21,758,72,2502,0.6,38.6,numbeo
2014,Zgierz,Łódzkie,city_medium,57000,2914,2229,1600,3783,1680,0.77,0.0,56.7,1449,1008,22,753,67,2467,0.65,34.6,numbeo
2015,Zgierz,Łódzkie,city_medium,57000,3042,2327,1671,3899,1750,0.78,-0.9,57.9,1393,1059,22,729,69,2494,0.67,34.8,numbeo
2016,Zgierz,Łódzkie,city_medium,57000,3081,2357,1692,4047,1850,0.761,-0.2,57.5,1369,1015,21,726,67,2425,0.7,32.9,numbeo
2017,Zgierz,Łódzkie,city_medium,57000,3362,2572,1847,4271,2000,0.787,2.0,58.7,1463,999,22,782,72,2494,0.74,29.7,numbeo
2018,Zgierz,Łódzkie,city_medium,57000,3647,2790,2003,4585,2100,0.795,1.6,58.8,1444,1053,23,791,73,2581,0.78,28.9,numbeo
2019,Zgierz,Łódzkie,city_medium,57000,3892,2977,2137,4918,2250,0.791,2.3,58.9,1406,1081,22,781,71,2582,0.83,27.8,numbeo
2020,Zgierz,Łódzkie,city_medium,57000,4126,3156,2266,5167,2600,0.799,3.4,58.5,1566,1133,24,807,78,2714,0.83,27.5,numbeo
2021,Zgierz,Łódzkie,city_medium,57000,4475,3423,2458,5663,2800,0.79,5.1,58.8,1651,1144,25,859,80,2810,0.87,25.6,numbeo
2022,Zgierz,Łódzkie,city_medium,57000,4992,3819,2742,6346,3010,0.787,14.4,58.3,1790,1381,30,1004,93,3338,0.82,27.7,numbeo
2023,Zgierz,Łódzkie,city_medium,57000,5701,4361,3131,7155,3490,0.797,11.5,58.5,2011,1527,32,1122,100,3679,0.85,26.8,numbeo
2024,Zgierz,Łódzkie,city_medium,57000,6931,5302,3807,8604,4242,0.806,3.6,59.2,2007,1477,32,1136,104,3657,1.04,21.3,numbeo
2010,Bełchatów,Łódzkie,city_small,60000,2614,2000,1436,3224,1317,0.811,2.6,49.2,1016,760,18,656,54,2013,0.71,29.1,numbeo
2011,Bełchatów,Łódzkie,city_small,60000,2769,2118,1521,3399,1386,0.815,4.3,50.4,1036,858,19,662,59,2149,0.71,31.0,numbeo
2012,Bełchatów,Łódzkie,city_small,60000,2840,2173,1560,3521,1500,0.807,3.7,50.3,1083,879,20,701,60,2237,0.7,31.0,numbeo
2013,Bełchatów,Łódzkie,city_small,60000,3026,2315,1662,3650,1600,0.829,0.9,49.7,1164,845,21,708,60,2232,0.74,27.9,numbeo
2014,Bełchatów,Łódzkie,city_small,60000,3181,2433,1747,3783,1680,0.841,0.0,49.8,1107,823,21,675,58,2175,0.8,25.9,numbeo
2015,Bełchatów,Łódzkie,city_small,60000,3077,2354,1690,3899,1750,0.789,-0.9,51.1,1074,832,19,690,58,2157,0.78,27.0,numbeo
2016,Bełchatów,Łódzkie,city_small,60000,3316,2537,1822,4047,1850,0.819,-0.2,51.6,1158,886,20,682,61,2226,0.82,26.7,numbeo
2017,Bełchatów,Łódzkie,city_small,60000,3585,2743,1969,4271,2000,0.839,2.0,50.7,1097,861,19,703,62,2207,0.89,24.0,numbeo
2018,Bełchatów,Łódzkie,city_small,60000,3784,2895,2079,4585,2100,0.825,1.6,51.6,1195,877,20,696,63,2240,0.93,23.2,numbeo
2019,Bełchatów,Łódzkie,city_small,60000,3988,3051,2191,4918,2250,0.811,2.3,51.6,1233,862,22,748,62,2321,0.94,21.6,numbeo
2020,Bełchatów,Łódzkie,city_small,60000,4271,3267,2346,5167,2600,0.827,3.4,51.6,1245,974,22,785,67,2482,0.95,22.8,numbeo
2021,Bełchatów,Łódzkie,city_small,60000,4656,3562,2558,5663,2800,0.822,5.1,51.1,1287,987,23,806,66,2546,1.0,21.2,numbeo
2022,Bełchatów,Łódzkie,city_small,60000,5056,3868,2777,6346,3010,0.797,14.4,52.4,1542,1114,27,926,77,2917,0.95,22.0,numbeo
2023,Bełchatów,Łódzkie,city_small,60000,5723,4378,3143,7155,3490,0.8,11.5,51.6,1647,1307,28,1054,86,3297,0.95,22.8,numbeo
2024,Bełchatów,Łódzkie,city_small,60000,7314,5595,4017,8604,4242,0.85,3.6,51.5,1639,1350,31,1081,87,3438,1.17,18.5,numbeo
2010,Zduńska Wola,Łódzkie,city_small,43000,2447,1872,1344,3224,1317,0.759,2.6,49.3,1024,805,18,655,54,2057,0.65,32.9,numbeo
2011,Zduńska Wola,Łódzkie,city_small,43000,2477,1895,1361,3399,1386,0.729,4.3,50.5,1048,809,19,689,59,2127,0.64,32.7,numbeo
2012,Zduńska Wola,Łódzkie,city_small,43000,2684,2053,1474,3521,1500,0.762,3.7,50.0,1171,887,19,671,59,2194,0.67,33.0,numbeo
2013,Zduńska Wola,Łódzkie,city_small,43000,2682,2052,1473,3650,1600,0.735,0.9,50.9,1115,865,19,718,59,2221,0.66,32.3,numbeo
2014,Zduńska Wola,Łódzkie,city_small,43000,2761,2112,1516,3783,1680,0.73,0.0,50.4,1174,876,21,708,58,2261,0.67,31.7,numbeo
2015,Zduńska Wola,Łódzkie,city_small,43000,2986,2284,1640,3899,1750,0.766,-0.9,49.9,1078,890,19,694,61,2222,0.74,29.8,numbeo
2016,Zduńska Wola,Łódzkie,city_small,43000,3055,2337,1678,4047,1850,0.755,-0.2,50.7,1073,861,20,688,60,2206,0.76,28.2,numbeo
2017,Zduńska Wola,Łódzkie,city_small,43000,3174,2428,1743,4271,2000,0.743,2.0,50.3,1130,858,21,694,61,2234,0.78,27.0,numbeo
2018,Zduńska Wola,Łódzkie,city_small,43000,3359,2570,1845,4585,2100,0.733,1.6,51.3,1123,880,21,741,63,2308,0.8,26.2,numbeo
2019,Zduńska Wola,Łódzkie,city_small,43000,3809,2914,2092,4918,2250,0.775,2.3,51.0,1174,935,21,751,64,2379,0.88,24.5,numbeo
2020,Zduńska Wola,Łódzkie,city_small,43000,3765,2880,2068,5167,2600,0.729,3.4,51.9,1224,970,22,739,64,2429,0.85,25.8,numbeo
2021,Zduńska Wola,Łódzkie,city_small,43000,4363,3338,2397,5663,2800,0.77,5.1,51.5,1227,944,23,765,70,2466,0.97,21.6,numbeo
2022,Zduńska Wola,Łódzkie,city_small,43000,4614,3530,2535,6346,3010,0.727,14.4,52.6,1536,1163,25,928,80,2931,0.86,25.2,numbeo
2023,Zduńska Wola,Łódzkie,city_small,43000,5398,4129,2965,7155,3490,0.754,11.5,52.9,1616,1217,29,979,85,3151,0.94,22.5,numbeo
2024,Zduńska Wola,Łódzkie,city_small,43000,6662,5096,3659,8604,4242,0.774,3.6,52.3,1732,1352,31,1089,90,3451,1.06,20.3,numbeo
2010,Radomsko,Łódzkie,city_small,48000,2900,2218,1593,3224,1317,0.9,2.6,50.0,1081,817,19,643,53,2076,0.77,28.2,gus_modeled
2011,Radomsko,Łódzkie,city_small,48000,3184,2436,1749,3399,1386,0.937,4.3,49.4,1130,859,19,659,57,2145,0.82,27.0,gus_modeled
2012,Radomsko,Łódzkie,city_small,48000,3160,2417,1735,3521,1500,0.897,3.7,50.2,1064,858,20,714,60,2229,0.78,27.2,gus_modeled
2013,Radomsko,Łódzkie,city_small,48000,3404,2604,1870,3650,1600,0.933,0.9,49.9,1106,905,19,674,58,2216,0.84,26.6,gus_modeled
2014,Radomsko,Łódzkie,city_small,48000,3550,2716,1950,3783,1680,0.938,0.0,50.5,1096,856,20,718,60,2233,0.87,24.1,gus_modeled
2015,Radomsko,Łódzkie,city_small,48000,3603,2756,1979,3899,1750,0.924,-0.9,51.2,1116,858,19,710,59,2204,0.9,23.8,gus_modeled
2016,Radomsko,Łódzkie,city_small,48000,3861,2954,2121,4047,1850,0.954,-0.2,50.7,1120,879,19,678,59,2193,0.97,22.8,gus_modeled
2017,Radomsko,Łódzkie,city_small,48000,3988,3051,2191,4271,2000,0.934,2.0,51.2,1085,865,21,684,62,2232,0.98,21.7,gus_modeled
2018,Radomsko,Łódzkie,city_small,48000,4290,3282,2356,4585,2100,0.936,1.6,51.3,1117,888,21,741,62,2315,1.02,20.7,gus_modeled
2019,Radomsko,Łódzkie,city_small,48000,4602,3521,2528,4918,2250,0.936,2.3,51.5,1235,940,20,751,61,2361,1.07,20.4,gus_modeled
2020,Radomsko,Łódzkie,city_small,48000,4811,3680,2642,5167,2600,0.931,3.4,51.2,1261,930,22,749,67,2402,1.1,19.3,gus_modeled
2021,Radomsko,Łódzkie,city_small,48000,5122,3918,2813,5663,2800,0.904,5.1,51.8,1232,996,22,781,70,2514,1.12,19.4,gus_modeled
2022,Radomsko,Łódzkie,city_small,48000,5943,4546,3264,6346,3010,0.936,14.4,52.4,1539,1170,27,898,78,2946,1.11,19.7,gus_modeled
2023,Radomsko,Łódzkie,city_small,48000,6634,5075,3644,7155,3490,0.927,11.5,52.2,1661,1308,29,1028,84,3290,1.11,19.7,gus_modeled
2024,Radomsko,Łódzkie,city_small,48000,8163,6245,4484,8604,4242,0.949,3.6,52.7,1772,1249,30,1074,92,3315,1.35,15.3,gus_modeled
2010,Kutno,Łódzkie,city_small,45000,3021,2311,1659,3224,1317,0.937,2.6,50.2,1044,830,18,620,54,2047,0.81,27.5,gus_modeled
2011,Kutno,Łódzkie,city_small,45000,3237,2476,1778,3399,1386,0.952,4.3,50.6,1061,794,19,643,55,2062,0.86,24.5,gus_modeled
2012,Kutno,Łódzkie,city_small,45000,3338,2554,1834,3521,1500,0.948,3.7,49.7,1077,839,20,686,57,2179,0.84,25.1,gus_modeled
2013,Kutno,Łódzkie,city_small,45000,3418,2615,1878,3650,1600,0.936,0.9,50.4,1177,904,19,701,61,2245,0.84,26.4,gus_modeled
2014,Kutno,Łódzkie,city_small,45000,3424,2619,1880,3783,1680,0.905,0.0,49.8,1181,850,19,686,61,2176,0.86,24.8,gus_modeled
2015,Kutno,Łódzkie,city_small,45000,3597,2752,1976,3899,1750,0.923,-0.9,51.4,1142,858,20,675,58,2188,0.9,23.9,gus_modeled
2016,Kutno,Łódzkie,city_small,45000,3719,2845,2043,4047,1850,0.919,-0.2,50.9,1146,886,19,664,59,2186,0.93,23.8,gus_modeled
2017,Kutno,Łódzkie,city_small,45000,3946,3019,2168,4271,2000,0.924,2.0,51.7,1154,850,20,724,61,2236,0.97,21.5,gus_modeled
2018,Kutno,Łódzkie,city_small,45000,4177,3195,2294,4585,2100,0.911,1.6,51.3,1133,866,20,730,64,2264,1.01,20.7,gus_modeled
2019,Kutno,Łódzkie,city_small,45000,4636,3547,2547,4918,2250,0.943,2.3,51.8,1148,918,21,730,64,2341,1.09,19.8,gus_modeled
2020,Kutno,Łódzkie,city_small,45000,4722,3612,2593,5167,2600,0.914,3.4,51.7,1220,890,21,737,66,2329,1.11,18.8,gus_modeled
2021,Kutno,Łódzkie,city_small,45000,5311,4063,2917,5663,2800,0.938,5.1,51.3,1293,987,22,795,67,2516,1.16,18.6,gus_modeled
2022,Kutno,Łódzkie,city_small,45000,6063,4638,3330,6346,3010,0.955,14.4,52.2,1445,1105,25,889,78,2832,1.18,18.2,gus_modeled
2023,Kutno,Łódzkie,city_small,45000,6955,5321,3820,7155,3490,0.972,11.5,52.4,1666,1254,30,1039,86,3269,1.17,18.0,gus_modeled
2024,Kutno,Łódzkie,city_small,45000,7858,6011,4316,8604,4242,0.913,3.6,53.0,1633,1274,29,1083,93,3330,1.3,16.2,gus_modeled
2010,Sieradz,Łódzkie,city_small,43000,2962,2266,1627,3224,1317,0.919,2.6,49.5,994,809,19,634,55,2061,0.79,27.3,gus_modeled
2011,Sieradz,Łódzkie,city_small,43000,3073,2351,1688,3399,1386,0.904,4.3,49.7,1105,829,18,665,58,2102,0.8,27.0,gus_modeled
2012,Sieradz,Łódzkie,city_small,43000,3246,2483,1783,3521,1500,0.922,3.7,49.3,1067,851,20,667,58,2173,0.82,26.2,gus_modeled
2013,Sieradz,Łódzkie,city_small,43000,3478,2661,1911,3650,1600,0.953,0.9,50.6,1125,898,21,723,58,2298,0.83,25.8,gus_modeled
2014,Sieradz,Łódzkie,city_small,43000,3454,2642,1897,3783,1680,0.913,0.0,51.0,1144,889,20,674,60,2222,0.85,25.7,gus_modeled
2015,Sieradz,Łódzkie,city_small,43000,3618,2768,1987,3899,1750,0.928,-0.9,50.9,1140,859,21,713,59,2248,0.88,23.7,gus_modeled
2016,Sieradz,Łódzkie,city_small,43000,3683,2817,2023,4047,1850,0.91,-0.2,50.5,1063,848,20,714,57,2216,0.91,23.0,gus_modeled
2017,Sieradz,Łódzkie,city_small,43000,3923,3001,2155,4271,2000,0.919,2.0,51.7,1182,865,21,715,59,2260,0.95,22.0,gus_modeled
2018,Sieradz,Łódzkie,city_small,43000,4145,3171,2277,4585,2100,0.904,1.6,50.8,1206,902,20,705,62,2273,1.0,21.8,gus_modeled
2019,Sieradz,Łódzkie,city_small,43000,4482,3429,2462,4918,2250,0.911,2.3,50.8,1175,938,21,717,64,2348,1.05,20.9,gus_modeled
2020,Sieradz,Łódzkie,city_small,43000,4665,3569,2563,5167,2600,0.903,3.4,52.0,1274,891,21,749,62,2338,1.1,19.1,gus_modeled
2021,Sieradz,Łódzkie,city_small,43000,5435,4158,2985,5663,2800,0.96,5.1,52.3,1348,948,24,791,66,2512,1.19,17.4,gus_modeled
2022,Sieradz,Łódzkie,city_small,43000,5748,4397,3157,6346,3010,0.906,14.4,51.6,1509,1150,26,932,79,2941,1.07,20.0,gus_modeled
2023,Sieradz,Łódzkie,city_small,43000,6724,5144,3693,7155,3490,0.94,11.5,52.4,1663,1285,30,1010,88,3273,1.13,19.1,gus_modeled
2024,Sieradz,Łódzkie,city_small,43000,7865,6017,4320,8604,4242,0.914,3.6,52.3,1755,1325,30,1013,86,3324,1.3,16.8,gus_modeled
2010,Skierniewice,Łódzkie,city_small,50000,3050,2333,1675,3224,1317,0.946,2.6,50.4,1017,786,19,648,56,2053,0.82,25.8,gus_modeled
2011,Skierniewice,Łódzkie,city_small,50000,3195,2444,1755,3399,1386,0.94,4.3,50.1,1067,861,20,649,56,2156,0.81,26.9,gus_modeled
2012,Skierniewice,Łódzkie,city_small,50000,3198,2446,1756,3521,1500,0.908,3.7,50.6,1120,840,21,687,61,2205,0.8,26.3,gus_modeled
2013,Skierniewice,Łódzkie,city_small,50000,3334,2551,1832,3650,1600,0.913,0.9,50.4,1125,858,20,712,61,2230,0.82,25.7,gus_modeled
2014,Skierniewice,Łódzkie,city_small,50000,3540,2708,1944,3783,1680,0.936,0.0,50.6,1178,906,20,722,60,2287,0.85,25.6,gus_modeled
2015,Skierniewice,Łódzkie,city_small,50000,3523,2695,1935,3899,1750,0.904,-0.9,50.8,1090,851,19,694,59,2181,0.89,24.2,gus_modeled
2016,Skierniewice,Łódzkie,city_small,50000,3643,2787,2001,4047,1850,0.9,-0.2,50.8,1138,877,19,677,61,2192,0.91,24.1,gus_modeled
2017,Skierniewice,Łódzkie,city_small,50000,4090,3129,2247,4271,2000,0.958,2.0,50.6,1156,884,21,706,62,2273,0.99,21.6,gus_modeled
2018,Skierniewice,Łódzkie,city_small,50000,4219,3228,2318,4585,2100,0.92,1.6,50.5,1211,853,20,715,60,2232,1.04,20.2,gus_modeled
2019,Skierniewice,Łódzkie,city_small,50000,4690,3588,2576,4918,2250,0.954,2.3,51.4,1217,904,20,713,64,2290,1.12,19.3,gus_modeled
2020,Skierniewice,Łódzkie,city_small,50000,4785,3661,2629,5167,2600,0.926,3.4,52.0,1266,890,21,753,65,2344,1.12,18.6,gus_modeled
2021,Skierniewice,Łódzkie,city_small,50000,5163,3950,2836,5663,2800,0.912,5.1,52.0,1320,1019,23,768,68,2542,1.12,19.7,gus_modeled
2022,Skierniewice,Łódzkie,city_small,50000,5987,4580,3288,6346,3010,0.943,14.4,52.0,1464,1141,26,882,80,2883,1.14,19.1,gus_modeled
2023,Skierniewice,Łódzkie,city_small,50000,6946,5314,3815,7155,3490,0.971,11.5,52.4,1676,1199,28,1002,86,3137,1.22,17.3,gus_modeled
2024,Skierniewice,Łódzkie,city_small,50000,8220,6288,4515,8604,4242,0.955,3.6,51.7,1754,1353,29,1063,93,3389,1.33,16.5,gus_modeled
2010,Tomaszów Mazowiecki,Łódzkie,city_medium,64000,3259,2493,1790,3224,1317,1.011,2.6,56.6,1274,936,21,689,65,2293,0.78,28.7,gus_modeled
2011,Tomaszów Mazowiecki,Łódzkie,city_medium,64000,3278,2508,1801,3399,1386,0.964,4.3,55.8,1317,971,21,721,68,2370,0.76,29.6,gus_modeled
2012,Tomaszów Mazowiecki,Łódzkie,city_medium,64000,3471,2655,1906,3521,1500,0.986,3.7,57.3,1335,1001,22,783,69,2490,0.77,28.8,gus_modeled
2013,Tomaszów Mazowiecki,Łódzkie,city_medium,64000,3617,2767,1987,3650,1600,0.991,0.9,56.8,1364,984,23,762,67,2472,0.8,27.2,gus_modeled
2014,Tomaszów Mazowiecki,Łódzkie,city_medium,64000,3658,2798,2009,3783,1680,0.967,0.0,57.2,1389,1049,22,791,68,2547,0.79,28.7,gus_modeled
2015,Tomaszów Mazowiecki,Łódzkie,city_medium,64000,3946,3019,2168,3899,1750,1.012,-0.9,57.0,1389,975,21,772,67,2431,0.89,24.7,gus_modeled
2016,Tomaszów Mazowiecki,Łódzkie,city_medium,64000,3985,3049,2189,4047,1850,0.985,-0.2,58.3,1413,1022,21,743,70,2452,0.89,25.6,gus_modeled
2017,Tomaszów Mazowiecki,Łódzkie,city_medium,64000,4318,3303,2372,4271,2000,1.011,2.0,57.6,1416,1019,21,786,68,2494,0.95,23.6,gus_modeled
2018,Tomaszów Mazowiecki,Łódzkie,city_medium,64000,4430,3389,2433,4585,2100,0.966,1.6,57.4,1374,1104,22,791,73,2612,0.93,24.9,gus_modeled
2019,Tomaszów Mazowiecki,Łódzkie,city_medium,64000,4811,3680,2642,4918,2250,0.978,2.3,58.1,1469,1091,23,805,71,2636,1.0,22.7,gus_modeled
2020,Tomaszów Mazowiecki,Łódzkie,city_medium,64000,5281,4040,2901,5167,2600,1.022,3.4,58.8,1491,1146,25,802,74,2738,1.06,21.7,gus_modeled
2021,Tomaszów Mazowiecki,Łódzkie,city_medium,64000,5574,4264,3062,5663,2800,0.984,5.1,58.8,1595,1226,25,853,79,2885,1.06,22.0,gus_modeled
2022,Tomaszów Mazowiecki,Łódzkie,city_medium,64000,6440,4927,3538,6346,3010,1.015,14.4,58.3,1861,1345,29,976,93,3254,1.09,20.9,gus_modeled
2023,Tomaszów Mazowiecki,Łódzkie,city_medium,64000,6995,5351,3842,7155,3490,0.978,11.5,59.8,2028,1532,33,1086,102,3670,1.05,21.9,gus_modeled
2024,Tomaszów Mazowiecki,Łódzkie,city_medium,64000,8946,6844,4914,8604,4242,1.04,3.6,59.9,2166,1560,32,1159,101,3760,1.31,17.4,gus_modeled
2010,Gdańsk,Pomorskie,metropolis,470000,3674,2811,2018,3224,1317,1.14,2.6,84.3,2230,1762,27,870,93,3448,0.59,48.0,numbeo
2011,Gdańsk,Pomorskie,metropolis,470000,3849,2944,2114,3399,1386,1.132,4.3,85.1,2406,1848,29,896,97,3611,0.59,48.0,numbeo
2012,Gdańsk,Pomorskie,metropolis,470000,3860,2953,2120,3521,1500,1.096,3.7,85.1,2467,1858,30,917,96,3668,0.58,48.1,numbeo
2013,Gdańsk,Pomorskie,metropolis,470000,4125,3156,2266,3650,1600,1.13,0.9,84.8,2518,1817,30,956,99,3671,0.62,44.0,numbeo
2014,Gdańsk,Pomorskie,metropolis,470000,4180,3198,2296,3783,1680,1.105,0.0,86.3,2469,1905,29,921,96,3701,0.62,45.6,numbeo
2015,Gdańsk,Pomorskie,metropolis,470000,4302,3291,2363,3899,1750,1.103,-0.9,85.5,2471,1774,30,934,100,3605,0.66,41.2,numbeo
2016,Gdańsk,Pomorskie,metropolis,470000,4581,3504,2516,4047,1850,1.132,-0.2,86.0,2497,1925,30,942,95,3759,0.67,42.0,numbeo
2017,Gdańsk,Pomorskie,metropolis,470000,4950,3787,2719,4271,2000,1.159,2.0,87.0,2497,1918,32,949,98,3806,0.71,38.7,numbeo
2018,Gdańsk,Pomorskie,metropolis,470000,5278,4038,2899,4585,2100,1.151,1.6,87.5,2707,1967,30,956,102,3829,0.76,37.3,numbeo
2019,Gdańsk,Pomorskie,metropolis,470000,5594,4279,3072,4918,2250,1.137,2.3,88.1,2534,1911,32,995,102,3857,0.8,34.2,numbeo
2020,Gdańsk,Pomorskie,metropolis,470000,6101,4667,3351,5167,2600,1.181,3.4,87.9,2862,1930,33,1037,108,3951,0.85,31.6,numbeo
2021,Gdańsk,Pomorskie,metropolis,470000,6319,4834,3471,5663,2800,1.116,5.1,87.8,2756,2194,34,1039,118,4258,0.82,34.7,numbeo
2022,Gdańsk,Pomorskie,metropolis,470000,7214,5519,3963,6346,3010,1.137,14.4,87.6,3333,2466,38,1167,126,4779,0.83,34.2,numbeo
2023,Gdańsk,Pomorskie,metropolis,470000,8461,6473,4648,7155,3490,1.183,11.5,88.3,3595,2814,44,1382,148,5514,0.84,33.3,numbeo
2024,Gdańsk,Pomorskie,metropolis,470000,9875,7554,5424,8604,4242,1.148,3.6,89.7,3710,2738,47,1390,153,5521,0.98,27.7,numbeo
2010,Gdynia,Pomorskie,metropolis,250000,3432,2625,1885,3224,1317,1.065,2.6,81.9,2402,1771,28,827,94,3435,0.55,51.6,numbeo
2011,Gdynia,Pomorskie,metropolis,250000,3708,2837,2037,3399,1386,1.091,4.3,82.0,2334,1695,30,855,97,3437,0.59,45.7,numbeo
2012,Gdynia,Pomorskie,metropolis,250000,3837,2935,2107,3521,1500,1.09,3.7,82.0,2600,1781,30,931,97,3606,0.58,46.4,numbeo
2013,Gdynia,Pomorskie,metropolis,250000,4009,3067,2202,3650,1600,1.098,0.9,82.8,2465,1875,30,923,100,3697,0.6,46.8,numbeo
2014,Gdynia,Pomorskie,metropolis,250000,4107,3142,2256,3783,1680,1.086,0.0,83.1,2437,1795,31,957,103,3674,0.61,43.7,numbeo
2015,Gdynia,Pomorskie,metropolis,250000,4294,3285,2359,3899,1750,1.101,-0.9,83.4,2462,1792,30,899,97,3585,0.66,41.7,numbeo
2016,Gdynia,Pomorskie,metropolis,250000,4357,3333,2393,4047,1850,1.077,-0.2,83.8,2515,1757,28,929,99,3542,0.68,40.3,numbeo
2017,Gdynia,Pomorskie,metropolis,250000,4548,3479,2498,4271,2000,1.065,2.0,84.5,2543,1934,29,907,98,3720,0.67,42.5,numbeo
2018,Gdynia,Pomorskie,metropolis,250000,4961,3795,2725,4585,2100,1.082,1.6,84.9,2532,1944,32,946,100,3834,0.71,39.2,numbeo
2019,Gdynia,Pomorskie,metropolis,250000,5391,4124,2961,4918,2250,1.096,2.3,84.3,2539,1859,30,1001,104,3773,0.78,34.5,numbeo
2020,Gdynia,Pomorskie,metropolis,250000,5710,4368,3136,5167,2600,1.105,3.4,85.1,2680,1960,31,1014,110,3920,0.8,34.3,numbeo
2021,Gdynia,Pomorskie,metropolis,250000,6088,4657,3344,5663,2800,1.075,5.1,85.0,2799,2165,32,1038,110,4180,0.8,35.6,numbeo
2022,Gdynia,Pomorskie,metropolis,250000,6923,5296,3803,6346,3010,1.091,14.4,85.9,3289,2463,39,1258,128,4889,0.78,35.6,numbeo
2023,Gdynia,Pomorskie,metropolis,250000,8128,6218,4465,7155,3490,1.136,11.5,86.5,3560,2811,42,1393,146,5480,0.81,34.6,numbeo
2024,Gdynia,Pomorskie,metropolis,250000,9929,7596,5454,8604,4242,1.154,3.6,86.2,3773,2692,47,1385,149,5466,1.0,27.1,numbeo
2010,Sopot,Pomorskie,city_medium,36000,3715,2842,2041,3224,1317,1.152,2.6,90.7,1333,940,20,696,66,2285,0.89,25.3,numbeo
2011,Sopot,Pomorskie,city_medium,36000,3800,2907,2087,3399,1386,1.118,4.3,91.5,1311,940,20,714,69,2313,0.9,24.7,numbeo
2012,Sopot,Pomorskie,city_medium,36000,3994,3055,2193,3521,1500,1.134,3.7,92.3,1443,983,21,786,67,2453,0.89,24.6,numbeo
2013,Sopot,Pomorskie,city_medium,36000,4297,3287,2360,3650,1600,1.177,0.9,91.8,1397,1040,22,745,72,2496,0.95,24.2,numbeo
2014,Sopot,Pomorskie,city_medium,36000,4264,3262,2342,3783,1680,1.127,0.0,91.8,1403,980,21,783,69,2451,0.96,23.0,numbeo
2015,Sopot,Pomorskie,city_medium,36000,4565,3492,2507,3899,1750,1.171,-0.9,93.5,1345,1041,21,740,71,2469,1.02,22.8,numbeo
2016,Sopot,Pomorskie,city_medium,36000,4608,3525,2531,4047,1850,1.139,-0.2,93.1,1325,1049,21,745,68,2479,1.02,22.8,numbeo
2017,Sopot,Pomorskie,city_medium,36000,5070,3879,2785,4271,2000,1.187,2.0,93.0,1370,1052,22,775,68,2536,1.1,20.7,numbeo
2018,Sopot,Pomorskie,city_medium,36000,5217,3991,2866,4585,2100,1.138,1.6,94.3,1398,1102,22,762,70,2578,1.11,21.1,numbeo
2019,Sopot,Pomorskie,city_medium,36000,5836,4465,3206,4918,2250,1.187,2.3,93.9,1424,1128,22,792,75,2644,1.21,19.3,numbeo
2020,Sopot,Pomorskie,city_medium,36000,6060,4636,3329,5167,2600,1.173,3.4,94.4,1568,1100,24,841,78,2715,1.23,18.2,numbeo
2021,Sopot,Pomorskie,city_medium,36000,6465,4946,3551,5663,2800,1.142,5.1,94.7,1619,1161,26,849,82,2839,1.25,18.0,numbeo
2022,Sopot,Pomorskie,city_medium,36000,7339,5614,4031,6346,3010,1.156,14.4,95.3,1887,1349,27,1004,92,3245,1.24,18.4,numbeo
2023,Sopot,Pomorskie,city_medium,36000,8315,6361,4567,7155,3490,1.162,11.5,95.6,2028,1502,32,1124,101,3657,1.25,18.1,numbeo
2024,Sopot,Pomorskie,city_medium,36000,10185,7792,5595,8604,4242,1.184,3.6,95.9,2074,1586,33,1153,103,3802,1.47,15.6,numbeo
2010,Słupsk,Pomorskie,city_medium,90000,2571,1967,1412,3224,1317,0.797,2.6,57.4,1251,954,20,704,64,2305,0.61,37.1,numbeo
2011,Słupsk,Pomorskie,city_medium,90000,2742,2098,1506,3399,1386,0.807,4.3,58.4,1349,945,21,758,67,2380,0.63,34.5,numbeo
2012,Słupsk,Pomorskie,city_medium,90000,2711,2074,1489,3521,1500,0.77,3.7,58.1,1321,1042,22,731,70,2480,0.6,38.4,numbeo
2013,Słupsk,Pomorskie,city_medium,90000,2873,2198,1578,3650,1600,0.787,0.9,58.5,1436,999,22,741,67,2446,0.65,34.8,numbeo
2014,Słupsk,Pomorskie,city_medium,90000,3071,2349,1687,3783,1680,0.812,0.0,59.7,1361,1005,21,740,69,2433,0.69,32.7,numbeo
2015,Słupsk,Pomorskie,city_medium,90000,3123,2389,1715,3899,1750,0.801,-0.9,59.8,1426,999,23,765,70,2491,0.69,32.0,numbeo
2016,Słupsk,Pomorskie,city_medium,90000,3233,2473,1776,4047,1850,0.799,-0.2,59.7,1362,990,21,753,69,2429,0.73,30.6,numbeo
2017,Słupsk,Pomorskie,city_medium,90000,3345,2559,1837,4271,2000,0.783,2.0,60.1,1361,1067,23,759,68,2555,0.72,31.9,numbeo
2018,Słupsk,Pomorskie,city_medium,90000,3534,2704,1941,4585,2100,0.771,1.6,59.4,1401,1097,23,804,70,2635,0.74,31.0,numbeo
2019,Słupsk,Pomorskie,city_medium,90000,3814,2918,2095,4918,2250,0.776,2.3,60.5,1408,1091,23,830,75,2665,0.79,28.6,numbeo
2020,Słupsk,Pomorskie,city_medium,90000,4027,3081,2212,5167,2600,0.779,3.4,60.4,1459,1092,24,854,78,2720,0.81,27.1,numbeo
2021,Słupsk,Pomorskie,city_medium,90000,4580,3504,2516,5663,2800,0.809,5.1,59.9,1630,1144,25,839,78,2788,0.9,25.0,numbeo
2022,Słupsk,Pomorskie,city_medium,90000,5009,3832,2751,6346,3010,0.789,14.4,60.6,1781,1343,28,981,90,3234,0.85,26.8,numbeo
2023,Słupsk,Pomorskie,city_medium,90000,5911,4522,3247,7155,3490,0.826,11.5,61.2,2078,1483,31,1120,103,3616,0.9,25.1,numbeo
2024,Słupsk,Pomorskie,city_medium,90000,6662,5096,3659,8604,4242,0.774,3.6,60.5,2143,1558,32,1190,105,3793,0.96,23.4,numbeo
2010,Rumia,Pomorskie,city_small,47000,2905,2222,1595,3224,1317,0.901,2.6,51.6,1016,770,18,656,56,2025,0.79,26.5,numbeo
2011,Rumia,Pomorskie,city_small,47000,2936,2246,1613,3399,1386,0.864,4.3,51.0,1075,856,20,668,58,2172,0.74,29.2,numbeo
2012,Rumia,Pomorskie,city_small,47000,3142,2404,1726,3521,1500,0.892,3.7,51.9,1081,825,20,676,59,2157,0.8,26.3,numbeo
2013,Rumia,Pomorskie,city_small,47000,3129,2394,1719,3650,1600,0.857,0.9,51.2,1132,852,21,712,59,2242,0.77,27.2,numbeo
2014,Rumia,Pomorskie,city_small,47000,3402,2603,1869,3783,1680,0.899,0.0,51.6,1076,833,20,718,62,2212,0.84,24.5,numbeo
2015,Rumia,Pomorskie,city_small,47000,3417,2614,1877,3899,1750,0.876,-0.9,51.9,1065,873,20,691,61,2222,0.84,25.5,numbeo
2016,Rumia,Pomorskie,city_small,47000,3558,2722,1954,4047,1850,0.879,-0.2,52.7,1126,836,20,711,58,2202,0.89,23.5,numbeo
2017,Rumia,Pomorskie,city_small,47000,3766,2881,2069,4271,2000,0.882,2.0,52.9,1109,842,20,693,61,2197,0.94,22.4,numbeo
2018,Rumia,Pomorskie,city_small,47000,4187,3203,2300,4585,2100,0.913,1.6,52.9,1150,899,20,701,59,2263,1.02,21.5,numbeo
2019,Rumia,Pomorskie,city_small,47000,4540,3473,2494,4918,2250,0.923,2.3,52.7,1231,909,21,743,63,2344,1.06,20.0,numbeo
2020,Rumia,Pomorskie,city_small,47000,4494,3438,2468,5167,2600,0.87,3.4,53.7,1198,928,22,733,67,2384,1.04,20.6,numbeo
2021,Rumia,Pomorskie,city_small,47000,5141,3933,2824,5663,2800,0.908,5.1,52.7,1241,977,24,767,66,2517,1.12,19.0,numbeo
2022,Rumia,Pomorskie,city_small,47000,5808,4443,3190,6346,3010,0.915,14.4,53.9,1472,1080,26,945,75,2880,1.11,18.6,numbeo
2023,Rumia,Pomorskie,city_small,47000,6419,4911,3526,7155,3490,0.897,11.5,54.0,1657,1246,30,1030,85,3251,1.08,19.4,numbeo
2024,Rumia,Pomorskie,city_small,47000,7729,5913,4246,8604,4242,0.898,3.6,53.7,1679,1252,30,1077,90,3319,1.28,16.2,numbeo
2010,Starogard Gdański,Pomorskie,city_small,49000,2640,2020,1450,3224,1317,0.819,2.6,50.8,1003,816,18,657,54,2070,0.7,30.9,numbeo
2011,Starogard Gdański,Pomorskie,city_small,49000,2651,2028,1456,3399,1386,0.78,4.3,50.9,1075,849,18,678,57,2134,0.68,32.0,numbeo
2012,Starogard Gdański,Pomorskie,city_small,49000,2800,2142,1538,3521,1500,0.795,3.7,50.8,1166,860,19,695,60,2192,0.7,30.7,numbeo
2013,Starogard Gdański,Pomorskie,city_small,49000,3030,2318,1664,3650,1600,0.83,0.9,51.4,1175,832,20,722,59,2212,0.75,27.5,numbeo
2014,Starogard Gdański,Pomorskie,city_small,49000,3061,2342,1682,3783,1680,0.809,0.0,52.7,1131,879,20,700,58,2236,0.75,28.7,numbeo
2015,Starogard Gdański,Pomorskie,city_small,49000,3092,2365,1698,3899,1750,0.793,-0.9,51.8,1113,828,20,705,60,2190,0.78,26.8,numbeo
2016,Starogard Gdański,Pomorskie,city_small,49000,3335,2551,1832,4047,1850,0.824,-0.2,51.9,1063,852,20,715,59,2223,0.82,25.5,numbeo
2017,Starogard Gdański,Pomorskie,city_small,49000,3367,2576,1850,4271,2000,0.788,2.0,51.9,1161,831,19,709,60,2181,0.85,24.7,numbeo
2018,Starogard Gdański,Pomorskie,city_small,49000,3810,2915,2093,4585,2100,0.831,1.6,53.1,1109,897,20,708,62,2271,0.92,23.5,numbeo
2019,Starogard Gdański,Pomorskie,city_small,49000,4155,3179,2283,4918,2250,0.845,2.3,52.2,1228,945,21,709,65,2348,0.97,22.7,numbeo
2020,Starogard Gdański,Pomorskie,city_small,49000,4314,3300,2369,5167,2600,0.835,3.4,52.8,1242,961,21,756,63,2416,0.98,22.3,numbeo
2021,Starogard Gdański,Pomorskie,city_small,49000,4600,3519,2527,5663,2800,0.812,5.1,53.6,1223,986,23,766,71,2510,1.01,21.4,numbeo
2022,Starogard Gdański,Pomorskie,city_small,49000,5395,4127,2963,6346,3010,0.85,14.4,54.0,1432,1099,26,907,80,2866,1.03,20.4,numbeo
2023,Starogard Gdański,Pomorskie,city_small,49000,5989,4582,3290,7155,3490,0.837,11.5,54.4,1670,1268,30,1050,90,3298,1.0,21.2,numbeo
2024,Starogard Gdański,Pomorskie,city_small,49000,6912,5288,3797,8604,4242,0.803,3.6,54.1,1686,1325,30,1081,87,3393,1.12,19.2,numbeo
2010,Kartuzy,Pomorskie,town,16000,2761,2112,1516,3224,1317,0.856,2.6,44.8,798,625,16,588,43,1759,0.86,22.6,numbeo
2011,Kartuzy,Pomorskie,town,16000,2817,2155,1547,3399,1386,0.829,4.3,43.6,899,645,16,647,43,1845,0.84,22.9,numbeo
2012,Kartuzy,Pomorskie,town,16000,2971,2273,1632,3521,1500,0.844,3.7,43.8,885,674,17,650,47,1908,0.86,22.7,numbeo
2013,Kartuzy,Pomorskie,town,16000,2984,2283,1639,3650,1600,0.818,0.9,44.7,937,676,18,637,48,1920,0.85,22.7,numbeo
2014,Kartuzy,Pomorskie,town,16000,3085,2360,1694,3783,1680,0.815,0.0,44.6,912,730,16,652,46,1947,0.87,23.7,numbeo
2015,Kartuzy,Pomorskie,town,16000,3218,2462,1768,3899,1750,0.825,-0.9,44.8,844,666,18,638,48,1909,0.93,20.7,numbeo
2016,Kartuzy,Pomorskie,town,16000,3510,2685,1928,4047,1850,0.867,-0.2,45.9,907,681,17,642,45,1905,1.01,19.4,numbeo
2017,Kartuzy,Pomorskie,town,16000,3581,2739,1967,4271,2000,0.838,2.0,45.8,944,672,17,668,46,1927,1.02,18.8,numbeo
2018,Kartuzy,Pomorskie,town,16000,4003,3062,2199,4585,2100,0.873,1.6,45.2,957,707,18,647,47,1965,1.12,17.7,numbeo
2019,Kartuzy,Pomorskie,town,16000,4290,3282,2356,4918,2250,0.872,2.3,46.4,980,713,18,655,47,1984,1.19,16.6,numbeo
2020,Kartuzy,Pomorskie,town,16000,4507,3448,2476,5167,2600,0.872,3.4,45.1,963,740,19,707,51,2094,1.18,16.4,numbeo
2021,Kartuzy,Pomorskie,town,16000,4950,3787,2719,5663,2800,0.874,5.1,46.8,1021,757,19,739,51,2154,1.26,15.3,numbeo
2022,Kartuzy,Pomorskie,town,16000,5409,4138,2971,6346,3010,0.852,14.4,46.8,1207,913,23,843,61,2537,1.17,16.9,numbeo
2023,Kartuzy,Pomorskie,town,16000,6202,4745,3407,7155,3490,0.867,11.5,45.6,1298,970,25,981,66,2807,1.21,15.6,numbeo
2024,Kartuzy,Pomorskie,town,16000,7353,5625,4039,8604,4242,0.855,3.6,45.9,1305,1053,27,970,67,2930,1.38,14.3,numbeo
2010,Wejherowo,Pomorskie,city_medium,50000,3560,2723,1955,3224,1317,1.104,2.6,58.8,1281,981,20,706,63,2333,0.84,27.6,gus_modeled
2011,Wejherowo,Pomorskie,city_medium,50000,3523,2695,1935,3399,1386,1.036,4.3,58.1,1307,978,20,752,64,2384,0.81,27.8,gus_modeled
2012,Wejherowo,Pomorskie,city_medium,50000,3736,2858,2052,3521,1500,1.061,3.7,58.0,1326,1040,22,765,69,2511,0.82,27.8,gus_modeled
2013,Wejherowo,Pomorskie,city_medium,50000,3819,2922,2098,3650,1600,1.046,0.9,59.1,1387,1020,21,742,70,2451,0.86,26.7,gus_modeled
2014,Wejherowo,Pomorskie,city_medium,50000,4024,3078,2210,3783,1680,1.064,0.0,59.1,1420,1067,22,763,72,2541,0.87,26.5,gus_modeled
2015,Wejherowo,Pomorskie,city_medium,50000,4080,3121,2241,3899,1750,1.046,-0.9,58.8,1388,994,22,775,67,2473,0.91,24.4,gus_modeled
2016,Wejherowo,Pomorskie,city_medium,50000,4249,3250,2334,4047,1850,1.05,-0.2,60.1,1334,1047,22,770,71,2525,0.92,24.6,gus_modeled
2017,Wejherowo,Pomorskie,city_medium,50000,4591,3512,2522,4271,2000,1.075,2.0,59.9,1447,1054,22,744,70,2509,1.01,23.0,gus_modeled
2018,Wejherowo,Pomorskie,city_medium,50000,5150,3940,2829,4585,2100,1.123,1.6,59.5,1411,1028,23,801,69,2562,1.1,20.0,gus_modeled
2019,Wejherowo,Pomorskie,city_medium,50000,5357,4098,2942,4918,2250,1.089,2.3,60.6,1431,1087,23,799,76,2631,1.12,20.3,gus_modeled
2020,Wejherowo,Pomorskie,city_medium,50000,5708,4367,3136,5167,2600,1.105,3.4,60.8,1522,1147,23,819,76,2718,1.15,20.1,gus_modeled
2021,Wejherowo,Pomorskie,city_medium,50000,6204,4746,3408,5663,2800,1.096,5.1,60.3,1650,1123,25,860,82,2792,1.22,18.1,gus_modeled
2022,Wejherowo,Pomorskie,city_medium,50000,6904,5282,3792,6346,3010,1.088,14.4,61.2,1802,1335,28,958,90,3203,1.18,19.3,gus_modeled
2023,Wejherowo,Pomorskie,city_medium,50000,7663,5862,4209,7155,3490,1.071,11.5,60.5,1950,1555,33,1115,102,3722,1.13,20.3,gus_modeled
2024,Wejherowo,Pomorskie,city_medium,50000,9520,7283,5229,8604,4242,1.106,3.6,61.0,2049,1532,32,1166,103,3741,1.4,16.1,gus_modeled
2010,Tczew,Pomorskie,city_small,60000,3253,2489,1787,3224,1317,1.009,2.6,51.4,1019,760,18,647,53,2003,0.89,23.4,gus_modeled
2011,Tczew,Pomorskie,city_small,60000,3340,2555,1834,3399,1386,0.983,4.3,51.5,1107,849,19,685,59,2163,0.85,25.4,gus_modeled
2012,Tczew,Pomorskie,city_small,60000,3462,2648,1901,3521,1500,0.983,3.7,52.3,1095,866,20,712,60,2235,0.85,25.0,gus_modeled
2013,Tczew,Pomorskie,city_small,60000,3634,2780,1996,3650,1600,0.996,0.9,52.1,1168,840,21,690,59,2208,0.9,23.1,gus_modeled
2014,Tczew,Pomorskie,city_small,60000,3809,2914,2092,3783,1680,1.007,0.0,52.0,1094,892,21,685,60,2256,0.93,23.4,gus_modeled
2015,Tczew,Pomorskie,city_small,60000,3963,3032,2177,3899,1750,1.016,-0.9,52.6,1152,875,21,679,58,2229,0.98,22.1,gus_modeled
2016,Tczew,Pomorskie,city_small,60000,4196,3210,2305,4047,1850,1.037,-0.2,52.3,1129,841,20,678,59,2175,1.06,20.0,gus_modeled
2017,Tczew,Pomorskie,city_small,60000,4307,3295,2366,4271,2000,1.008,2.0,53.0,1155,851,21,700,62,2234,1.06,19.8,gus_modeled
2018,Tczew,Pomorskie,city_small,60000,4665,3569,2563,4585,2100,1.017,1.6,52.9,1209,889,20,711,63,2267,1.13,19.1,gus_modeled
2019,Tczew,Pomorskie,city_small,60000,5164,3950,2836,4918,2250,1.05,2.3,52.5,1209,861,21,734,63,2287,1.24,16.7,gus_modeled
2020,Tczew,Pomorskie,city_small,60000,5227,3999,2871,5167,2600,1.012,3.4,52.5,1273,912,22,751,63,2382,1.21,17.4,gus_modeled
2021,Tczew,Pomorskie,city_small,60000,5905,4517,3243,5663,2800,1.043,5.1,53.2,1323,935,22,807,66,2475,1.31,15.8,gus_modeled
2022,Tczew,Pomorskie,city_small,60000,6409,4903,3520,6346,3010,1.01,14.4,53.3,1451,1148,27,882,75,2905,1.21,17.9,gus_modeled
2023,Tczew,Pomorskie,city_small,60000,7293,5579,4006,7155,3490,1.019,11.5,54.4,1677,1249,28,1010,86,3195,1.25,17.1,gus_modeled
2024,Tczew,Pomorskie,city_small,60000,8812,6741,4840,8604,4242,1.024,3.6,54.4,1701,1331,31,1041,91,3383,1.43,15.1,gus_modeled
2010,Chojnice,Pomorskie,city_small,40000,3154,2413,1733,3224,1317,0.978,2.6,51.4,987,817,18,649,54,2063,0.84,25.9,gus_modeled
2011,Chojnice,Pomorskie,city_small,40000,3513,2687,1929,3399,1386,1.034,4.3,50.8,1077,790,18,641,59,2040,0.95,22.5,gus_modeled
2012,Chojnice,Pomorskie,city_small,40000,3409,2608,1873,3521,1500,0.968,3.7,52.3,1163,818,19,714,60,2169,0.86,24.0,gus_modeled
2013,Chojnice,Pomorskie,city_small,40000,3611,2762,1983,3650,1600,0.989,0.9,51.4,1076,888,20,715,60,2262,0.88,24.6,gus_modeled
2014,Chojnice,Pomorskie,city_small,40000,3856,2950,2118,3783,1680,1.019,0.0,52.1,1079,822,19,670,61,2132,0.99,21.3,gus_modeled
2015,Chojnice,Pomorskie,city_small,40000,3914,2994,2150,3899,1750,1.004,-0.9,52.0,1111,869,20,695,61,2222,0.97,22.2,gus_modeled
2016,Chojnice,Pomorskie,city_small,40000,4175,3194,2293,4047,1850,1.032,-0.2,53.0,1092,863,19,663,57,2160,1.06,20.7,gus_modeled
2017,Chojnice,Pomorskie,city_small,40000,4423,3384,2430,4271,2000,1.036,2.0,52.1,1101,848,20,695,62,2206,1.1,19.2,gus_modeled
2018,Chojnice,Pomorskie,city_small,40000,4573,3498,2512,4585,2100,0.997,1.6,53.1,1143,845,20,738,61,2248,1.12,18.5,gus_modeled
2019,Chojnice,Pomorskie,city_small,40000,4941,3780,2714,4918,2250,1.005,2.3,52.3,1173,864,21,757,61,2311,1.17,17.5,gus_modeled
2020,Chojnice,Pomorskie,city_small,40000,5094,3897,2798,5167,2600,0.986,3.4,53.4,1238,980,21,751,64,2431,1.15,19.2,gus_modeled
2021,Chojnice,Pomorskie,city_small,40000,5683,4347,3121,5663,2800,1.004,5.1,54.0,1288,1020,22,793,66,2546,1.23,17.9,gus_modeled
2022,Chojnice,Pomorskie,city_small,40000,6324,4838,3474,6346,3010,0.997,14.4,53.7,1453,1164,26,895,78,2917,1.19,18.4,gus_modeled
2023,Chojnice,Pomorskie,city_small,40000,7284,5572,4001,7155,3490,1.018,11.5,53.3,1611,1273,30,1046,90,3299,1.21,17.5,gus_modeled
2024,Chojnice,Pomorskie,city_small,40000,8667,6630,4760,8604,4242,1.007,3.6,54.3,1757,1246,29,1075,90,3291,1.45,14.4,gus_modeled
2010,Malbork,Pomorskie,city_small,38000,3104,2375,1705,3224,1317,0.963,2.6,51.5,1017,752,18,625,55,1975,0.86,24.2,gus_modeled
2011,Malbork,Pomorskie,city_small,38000,3487,2668,1916,3399,1386,1.026,4.3,51.2,1117,801,18,661,55,2067,0.93,23.0,gus_modeled
2012,Malbork,Pomorskie,city_small,38000,3455,2643,1898,3521,1500,0.981,3.7,51.5,1150,872,21,681,61,2231,0.85,25.2,gus_modeled
2013,Malbork,Pomorskie,city_small,38000,3544,2711,1946,3650,1600,0.971,0.9,52.4,1183,884,19,711,59,2233,0.87,24.9,gus_modeled
2014,Malbork,Pomorskie,city_small,38000,3753,2871,2061,3783,1680,0.992,0.0,51.4,1118,874,20,688,58,2219,0.93,23.3,gus_modeled
2015,Malbork,Pomorskie,city_small,38000,3888,2974,2135,3899,1750,0.997,-0.9,51.7,1158,828,19,699,59,2163,0.99,21.3,gus_modeled
2016,Malbork,Pomorskie,city_small,38000,4081,3122,2242,4047,1850,1.008,-0.2,52.8,1083,876,20,666,59,2198,1.02,21.5,gus_modeled
2017,Malbork,Pomorskie,city_small,38000,4389,3358,2411,4271,2000,1.028,2.0,52.5,1121,838,19,724,60,2203,1.09,19.1,gus_modeled
2018,Malbork,Pomorskie,city_small,38000,4532,3467,2489,4585,2100,0.988,1.6,52.6,1209,883,20,713,62,2262,1.1,19.5,gus_modeled
2019,Malbork,Pomorskie,city_small,38000,5140,3932,2823,4918,2250,1.045,2.3,52.5,1208,880,20,704,62,2255,1.25,17.1,gus_modeled
2020,Malbork,Pomorskie,city_small,38000,5109,3908,2806,5167,2600,0.989,3.4,53.0,1190,917,21,743,64,2360,1.19,17.9,gus_modeled
2021,Malbork,Pomorskie,city_small,38000,5853,4478,3215,5663,2800,1.034,5.1,52.9,1296,975,23,812,66,2540,1.27,16.7,gus_modeled
2022,Malbork,Pomorskie,city_small,38000,6588,5040,3619,6346,3010,1.038,14.4,54.2,1459,1166,26,929,77,2952,1.23,17.7,gus_modeled
2023,Malbork,Pomorskie,city_small,38000,7225,5527,3968,7155,3490,1.01,11.5,54.4,1721,1225,29,1009,84,3188,1.24,17.0,gus_modeled
2024,Malbork,Pomorskie,city_small,38000,8582,6565,4714,8604,4242,0.997,3.6,54.1,1666,1302,31,1064,92,3378,1.4,15.2,gus_modeled
2010,Kwidzyn,Pomorskie,city_small,39000,3259,2493,1790,3224,1317,1.011,2.6,51.9,1065,783,19,623,55,2024,0.88,24.0,gus_modeled
2011,Kwidzyn,Pomorskie,city_small,39000,3394,2596,1864,3399,1386,0.999,4.3,51.5,1026,826,18,664,59,2099,0.89,24.3,gus_modeled
2012,Kwidzyn,Pomorskie,city_small,39000,3551,2717,1951,3521,1500,1.009,3.7,51.5,1091,871,21,702,61,2251,0.87,24.5,gus_modeled
2013,Kwidzyn,Pomorskie,city_small,39000,3650,2792,2005,3650,1600,1.0,0.9,52.2,1105,893,20,691,61,2244,0.89,24.5,gus_modeled
2014,Kwidzyn,Pomorskie,city_small,39000,3761,2877,2066,3783,1680,0.994,0.0,52.1,1166,889,20,674,61,2223,0.93,23.6,gus_modeled
2015,Kwidzyn,Pomorskie,city_small,39000,4041,3091,2219,3899,1750,1.036,-0.9,51.9,1155,884,20,714,61,2256,0.98,21.9,gus_modeled
2016,Kwidzyn,Pomorskie,city_small,39000,4049,3097,2224,4047,1850,1.0,-0.2,52.2,1136,885,20,665,57,2204,1.01,21.9,gus_modeled
2017,Kwidzyn,Pomorskie,city_small,39000,4331,3313,2379,4271,2000,1.014,2.0,53.0,1115,903,19,685,62,2231,1.07,20.8,gus_modeled
2018,Kwidzyn,Pomorskie,city_small,39000,4718,3609,2591,4585,2100,1.029,1.6,52.4,1210,864,21,694,60,2242,1.16,18.3,gus_modeled
2019,Kwidzyn,Pomorskie,city_small,39000,5070,3879,2785,4918,2250,1.031,2.3,52.5,1193,863,21,711,65,2268,1.23,17.0,gus_modeled
2020,Kwidzyn,Pomorskie,city_small,39000,5211,3986,2862,5167,2600,1.009,3.4,52.6,1252,904,22,728,65,2353,1.22,17.3,gus_modeled
2021,Kwidzyn,Pomorskie,city_small,39000,5971,4568,3280,5663,2800,1.054,5.1,53.9,1318,959,22,779,68,2473,1.33,16.1,gus_modeled
2022,Kwidzyn,Pomorskie,city_small,39000,6334,4846,3479,6346,3010,0.998,14.4,52.8,1481,1143,27,931,80,2954,1.18,18.0,gus_modeled
2023,Kwidzyn,Pomorskie,city_small,39000,7200,5508,3955,7155,3490,1.006,11.5,53.4,1635,1273,28,1047,90,3260,1.21,17.7,gus_modeled
2024,Kwidzyn,Pomorskie,city_small,39000,8995,6881,4941,8604,4242,1.045,3.6,54.7,1670,1282,29,1020,91,3273,1.51,14.3,gus_modeled
2010,Lębork,Pomorskie,city_small,35000,3211,2456,1763,3224,1317,0.996,2.6,50.8,1018,786,19,622,57,2028,0.87,24.5,gus_modeled
2011,Lębork,Pomorskie,city_small,35000,3500,2678,1923,3399,1386,1.03,4.3,51.5,1077,832,19,681,58,2141,0.9,23.8,gus_modeled
2012,Lębork,Pomorskie,city_small,35000,3478,2661,1911,3521,1500,0.988,3.7,52.3,1076,897,19,713,59,2246,0.85,25.8,gus_modeled
2013,Lębork,Pomorskie,city_small,35000,3679,2814,2020,3650,1600,1.008,0.9,51.4,1166,837,21,721,59,2236,0.9,22.8,gus_modeled
2014,Lębork,Pomorskie,city_small,35000,3745,2865,2057,3783,1680,0.99,0.0,51.4,1141,876,20,691,60,2226,0.92,23.4,gus_modeled
2015,Lębork,Pomorskie,city_small,35000,3953,3024,2171,3899,1750,1.014,-0.9,51.8,1072,836,19,713,58,2184,0.99,21.1,gus_modeled
2016,Lębork,Pomorskie,city_small,35000,4033,3085,2215,4047,1850,0.997,-0.2,51.7,1169,835,20,668,61,2161,1.02,20.7,gus_modeled
2017,Lębork,Pomorskie,city_small,35000,4327,3310,2377,4271,2000,1.013,2.0,52.6,1120,854,20,719,62,2236,1.06,19.7,gus_modeled
2018,Lębork,Pomorskie,city_small,35000,4537,3471,2492,4585,2100,0.99,1.6,51.9,1206,924,21,708,60,2316,1.08,20.4,gus_modeled
2019,Lębork,Pomorskie,city_small,35000,5098,3900,2800,4918,2250,1.037,2.3,53.0,1223,873,20,719,62,2263,1.24,17.1,gus_modeled
2020,Lębork,Pomorskie,city_small,35000,5268,4030,2894,5167,2600,1.02,3.4,52.4,1165,960,23,757,63,2456,1.18,18.2,gus_modeled
2021,Lębork,Pomorskie,city_small,35000,5850,4475,3213,5663,2800,1.033,5.1,54.0,1287,979,23,779,71,2516,1.28,16.7,gus_modeled
2022,Lębork,Pomorskie,city_small,35000,6494,4968,3567,6346,3010,1.023,14.4,54.2,1416,1072,27,893,79,2844,1.25,16.5,gus_modeled
2023,Lębork,Pomorskie,city_small,35000,7581,5799,4164,7155,3490,1.06,11.5,54.1,1610,1277,29,1004,86,3237,1.29,16.8,gus_modeled
2024,Lębork,Pomorskie,city_small,35000,8802,6734,4835,8604,4242,1.023,3.6,53.5,1681,1282,31,1044,87,3333,1.45,14.6,gus_modeled
2010,Bydgoszcz,Kujawsko-Pomorskie,metropolis,360000,3048,2332,1674,3224,1317,0.945,2.6,71.5,2281,1784,27,868,92,3467,0.48,58.5,numbeo
2011,Bydgoszcz,Kujawsko-Pomorskie,metropolis,360000,3284,2512,1804,3399,1386,0.966,4.3,72.3,2303,1786,28,917,95,3548,0.51,54.4,numbeo
2012,Bydgoszcz,Kujawsko-Pomorskie,metropolis,360000,3257,2492,1789,3521,1500,0.925,3.7,72.7,2588,1926,31,929,102,3774,0.47,59.1,numbeo
2013,Bydgoszcz,Kujawsko-Pomorskie,metropolis,360000,3532,2702,1940,3650,1600,0.968,0.9,73.4,2559,1777,30,893,100,3569,0.54,50.3,numbeo
2014,Bydgoszcz,Kujawsko-Pomorskie,metropolis,360000,3663,2802,2012,3783,1680,0.968,0.0,72.8,2609,1924,31,952,102,3797,0.53,52.5,numbeo
2015,Bydgoszcz,Kujawsko-Pomorskie,metropolis,360000,3722,2847,2044,3899,1750,0.955,-0.9,73.7,2489,1772,31,913,103,3605,0.57,47.6,numbeo
2016,Bydgoszcz,Kujawsko-Pomorskie,metropolis,360000,3828,2928,2102,4047,1850,0.946,-0.2,74.0,2379,1825,28,888,102,3572,0.59,47.7,numbeo
2017,Bydgoszcz,Kujawsko-Pomorskie,metropolis,360000,3967,3035,2179,4271,2000,0.929,2.0,74.8,2494,1839,31,915,101,3676,0.59,46.4,numbeo
2018,Bydgoszcz,Kujawsko-Pomorskie,metropolis,360000,4409,3373,2422,4585,2100,0.962,1.6,73.9,2668,1990,30,968,102,3864,0.63,45.1,numbeo
2019,Bydgoszcz,Kujawsko-Pomorskie,metropolis,360000,4737,3624,2602,4918,2250,0.963,2.3,74.8,2759,1893,32,995,107,3844,0.68,40.0,numbeo
2020,Bydgoszcz,Kujawsko-Pomorskie,metropolis,360000,4899,3748,2691,5167,2600,0.948,3.4,74.2,2770,2060,33,981,110,4027,0.67,42.0,numbeo
2021,Bydgoszcz,Kujawsko-Pomorskie,metropolis,360000,5285,4043,2903,5663,2800,0.933,5.1,74.9,2770,2218,34,1059,113,4297,0.68,42.0,numbeo
2022,Bydgoszcz,Kujawsko-Pomorskie,metropolis,360000,6241,4774,3428,6346,3010,0.983,14.4,75.2,3361,2311,40,1166,134,4671,0.73,37.0,numbeo
2023,Bydgoszcz,Kujawsko-Pomorskie,metropolis,360000,6875,5259,3776,7155,3490,0.961,11.5,75.4,3822,2754,42,1379,148,5411,0.7,40.1,numbeo
2024,Bydgoszcz,Kujawsko-Pomorskie,metropolis,360000,8077,6179,4437,8604,4242,0.939,3.6,75.3,3727,2812,44,1398,149,5539,0.8,34.8,numbeo
2010,Toruń,Kujawsko-Pomorskie,city_large,200000,2851,2181,1566,3224,1317,0.884,2.6,68.2,1510,1117,24,734,72,2586,0.61,39.2,numbeo
2011,Toruń,Kujawsko-Pomorskie,city_large,200000,3098,2370,1702,3399,1386,0.911,4.3,68.6,1619,1188,25,793,76,2747,0.62,38.3,numbeo
2012,Toruń,Kujawsko-Pomorskie,city_large,200000,3132,2396,1720,3521,1500,0.89,3.7,68.5,1680,1251,26,808,79,2855,0.6,39.9,numbeo
2013,Toruń,Kujawsko-Pomorskie,city_large,200000,3388,2592,1861,3650,1600,0.928,0.9,69.4,1757,1227,25,826,77,2829,0.66,36.2,numbeo
2014,Toruń,Kujawsko-Pomorskie,city_large,200000,3473,2657,1908,3783,1680,0.918,0.0,68.8,1718,1271,26,800,77,2867,0.67,36.6,numbeo
2015,Toruń,Kujawsko-Pomorskie,city_large,200000,3640,2785,2000,3899,1750,0.934,-0.9,70.4,1693,1283,24,825,78,2863,0.7,35.2,numbeo
2016,Toruń,Kujawsko-Pomorskie,city_large,200000,3600,2754,1977,4047,1850,0.89,-0.2,70.6,1760,1244,24,837,77,2835,0.7,34.6,numbeo
2017,Toruń,Kujawsko-Pomorskie,city_large,200000,3843,2940,2111,4271,2000,0.9,2.0,70.7,1781,1283,26,805,83,2892,0.73,33.4,numbeo
2018,Toruń,Kujawsko-Pomorskie,city_large,200000,4103,3139,2254,4585,2100,0.895,1.6,70.8,1758,1309,26,827,79,2939,0.77,31.9,numbeo
2019,Toruń,Kujawsko-Pomorskie,city_large,200000,4570,3496,2510,4918,2250,0.929,2.3,71.2,1724,1386,27,896,86,3117,0.81,30.3,numbeo
2020,Toruń,Kujawsko-Pomorskie,city_large,200000,4893,3743,2687,5167,2600,0.947,3.4,70.3,1886,1436,27,932,84,3208,0.84,29.3,numbeo
2021,Toruń,Kujawsko-Pomorskie,city_large,200000,5132,3926,2819,5663,2800,0.906,5.1,70.6,2009,1451,30,932,91,3301,0.85,28.3,numbeo
2022,Toruń,Kujawsko-Pomorskie,city_large,200000,5883,4500,3231,6346,3010,0.927,14.4,71.3,2161,1693,32,1109,107,3809,0.85,28.8,numbeo
2023,Toruń,Kujawsko-Pomorskie,city_large,200000,6637,5077,3645,7155,3490,0.928,11.5,71.8,2484,1793,35,1230,113,4126,0.88,27.0,numbeo
2024,Toruń,Kujawsko-Pomorskie,city_large,200000,8098,6195,4448,8604,4242,0.941,3.6,72.8,2721,1829,40,1200,116,4245,1.05,22.6,numbeo
2010,Włocławek,Kujawsko-Pomorskie,city_medium,110000,2448,1873,1345,3224,1317,0.759,2.6,56.3,1310,954,20,682,64,2283,0.59,39.0,numbeo
2011,Włocławek,Kujawsko-Pomorskie,city_medium,110000,2576,1971,1415,3399,1386,0.758,4.3,55.5,1295,1001,21,729,66,2406,0.59,38.9,numbeo
2012,Włocławek,Kujawsko-Pomorskie,city_medium,110000,2582,1975,1418,3521,1500,0.733,3.7,55.7,1390,972,21,736,71,2396,0.59,37.6,numbeo
2013,Włocławek,Kujawsko-Pomorskie,city_medium,110000,2799,2141,1537,3650,1600,0.767,0.9,56.7,1409,1043,22,769,71,2522,0.61,37.3,numbeo
2014,Włocławek,Kujawsko-Pomorskie,city_medium,110000,2807,2147,1542,3783,1680,0.742,0.0,57.0,1352,981,23,753,68,2461,0.63,34.9,numbeo
2015,Włocławek,Kujawsko-Pomorskie,city_medium,110000,2940,2249,1615,3899,1750,0.754,-0.9,56.7,1360,1032,23,739,70,2498,0.65,35.1,numbeo
2016,Włocławek,Kujawsko-Pomorskie,city_medium,110000,2975,2276,1634,4047,1850,0.735,-0.2,56.7,1409,972,21,726,67,2382,0.69,32.7,numbeo
2017,Włocławek,Kujawsko-Pomorskie,city_medium,110000,3203,2450,1759,4271,2000,0.75,2.0,56.4,1355,996,22,741,73,2451,0.72,31.1,numbeo
2018,Włocławek,Kujawsko-Pomorskie,city_medium,110000,3356,2567,1843,4585,2100,0.732,1.6,57.8,1413,1057,22,813,70,2584,0.71,31.5,numbeo
2019,Włocławek,Kujawsko-Pomorskie,city_medium,110000,3641,2785,2000,4918,2250,0.74,2.3,57.2,1414,1086,23,829,73,2657,0.75,29.8,numbeo
2020,Włocławek,Kujawsko-Pomorskie,city_medium,110000,3850,2945,2115,5167,2600,0.745,3.4,57.9,1502,1077,24,827,74,2674,0.79,28.0,numbeo
2021,Włocławek,Kujawsko-Pomorskie,city_medium,110000,4310,3297,2367,5663,2800,0.761,5.1,57.2,1541,1222,24,840,82,2851,0.83,28.4,numbeo
2022,Włocławek,Kujawsko-Pomorskie,city_medium,110000,4843,3705,2660,6346,3010,0.763,14.4,58.7,1856,1326,27,992,93,3211,0.83,27.4,numbeo
2023,Włocławek,Kujawsko-Pomorskie,city_medium,110000,5287,4045,2904,7155,3490,0.739,11.5,58.7,1930,1459,33,1117,102,3628,0.8,27.6,numbeo
2024,Włocławek,Kujawsko-Pomorskie,city_medium,110000,6636,5077,3645,8604,4242,0.771,3.6,59.3,2104,1505,34,1117,103,3705,0.98,22.7,numbeo
2010,Grudziądz,Kujawsko-Pomorskie,city_medium,96000,2472,1891,1358,3224,1317,0.767,2.6,55.4,1280,899,20,718,66,2266,0.6,36.4,numbeo
2011,Grudziądz,Kujawsko-Pomorskie,city_medium,96000,2499,1912,1373,3399,1386,0.735,4.3,55.4,1304,993,20,703,68,2354,0.58,39.7,numbeo
2012,Grudziądz,Kujawsko-Pomorskie,city_medium,96000,2765,2115,1519,3521,1500,0.785,3.7,55.6,1371,1037,22,731,68,2473,0.61,37.5,numbeo
2013,Grudziądz,Kujawsko-Pomorskie,city_medium,96000,2746,2101,1509,3650,1600,0.752,0.9,57.0,1368,1062,22,754,72,2527,0.6,38.7,numbeo
2014,Grudziądz,Kujawsko-Pomorskie,city_medium,96000,2919,2233,1603,3783,1680,0.772,0.0,56.4,1349,1024,23,743,71,2497,0.64,35.1,numbeo
2015,Grudziądz,Kujawsko-Pomorskie,city_medium,96000,2990,2287,1642,3899,1750,0.767,-0.9,57.4,1397,1030,21,775,68,2490,0.66,34.4,numbeo
2016,Grudziądz,Kujawsko-Pomorskie,city_medium,96000,3188,2439,1751,4047,1850,0.788,-0.2,57.2,1436,1019,22,748,69,2473,0.71,32.0,numbeo
2017,Grudziądz,Kujawsko-Pomorskie,city_medium,96000,3236,2476,1778,4271,2000,0.758,2.0,56.9,1440,989,23,776,71,2497,0.71,30.6,numbeo
2018,Grudziądz,Kujawsko-Pomorskie,city_medium,96000,3583,2741,1968,4585,2100,0.781,1.6,56.8,1386,1005,23,763,72,2504,0.79,28.0,numbeo
2019,Grudziądz,Kujawsko-Pomorskie,city_medium,96000,3879,2967,2130,4918,2250,0.789,2.3,57.8,1535,1114,24,802,74,2679,0.8,28.7,numbeo
2020,Grudziądz,Kujawsko-Pomorskie,city_medium,96000,3816,2919,2096,5167,2600,0.739,3.4,57.2,1511,1147,23,824,76,2723,0.77,30.1,numbeo
2021,Grudziądz,Kujawsko-Pomorskie,city_medium,96000,4318,3303,2372,5663,2800,0.762,5.1,58.0,1535,1181,26,904,82,2914,0.81,27.4,numbeo
2022,Grudziądz,Kujawsko-Pomorskie,city_medium,96000,4865,3722,2672,6346,3010,0.767,14.4,58.3,1852,1402,29,975,90,3307,0.81,28.8,numbeo
2023,Grudziądz,Kujawsko-Pomorskie,city_medium,96000,5667,4335,3113,7155,3490,0.792,11.5,59.1,2045,1487,31,1116,98,3611,0.86,26.2,numbeo
2024,Grudziądz,Kujawsko-Pomorskie,city_medium,96000,6443,4929,3539,8604,4242,0.749,3.6,58.0,2092,1585,33,1123,108,3776,0.94,24.6,numbeo
2010,Inowrocław,Kujawsko-Pomorskie,city_medium,73000,3165,2421,1738,3224,1317,0.982,2.6,54.9,1341,959,20,678,65,2285,0.76,30.3,gus_modeled
2011,Inowrocław,Kujawsko-Pomorskie,city_medium,73000,3219,2463,1768,3399,1386,0.947,4.3,56.5,1350,1017,22,731,64,2442,0.72,31.6,gus_modeled
2012,Inowrocław,Kujawsko-Pomorskie,city_medium,73000,3483,2664,1913,3521,1500,0.989,3.7,56.6,1316,969,21,739,69,2394,0.8,27.8,gus_modeled
2013,Inowrocław,Kujawsko-Pomorskie,city_medium,73000,3391,2594,1862,3650,1600,0.929,0.9,56.1,1422,981,21,733,71,2404,0.77,28.9,gus_modeled
2014,Inowrocław,Kujawsko-Pomorskie,city_medium,73000,3617,2767,1987,3783,1680,0.956,0.0,56.8,1454,1047,22,756,72,2514,0.79,28.9,gus_modeled
2015,Inowrocław,Kujawsko-Pomorskie,city_medium,73000,3818,2921,2097,3899,1750,0.979,-0.9,57.0,1421,1033,22,772,69,2511,0.84,27.1,gus_modeled
2016,Inowrocław,Kujawsko-Pomorskie,city_medium,73000,3833,2932,2105,4047,1850,0.947,-0.2,56.2,1387,995,23,784,70,2506,0.84,26.0,gus_modeled
2017,Inowrocław,Kujawsko-Pomorskie,city_medium,73000,4035,3087,2216,4271,2000,0.945,2.0,56.8,1401,1058,23,794,72,2585,0.86,26.2,gus_modeled
2018,Inowrocław,Kujawsko-Pomorskie,city_medium,73000,4530,3465,2488,4585,2100,0.988,1.6,57.3,1361,1077,22,770,70,2561,0.97,23.8,gus_modeled
2019,Inowrocław,Kujawsko-Pomorskie,city_medium,73000,4650,3557,2554,4918,2250,0.946,2.3,56.8,1395,1102,24,815,75,2681,0.95,23.7,gus_modeled
2020,Inowrocław,Kujawsko-Pomorskie,city_medium,73000,5044,3859,2771,5167,2600,0.976,3.4,57.5,1584,1144,24,830,76,2746,1.01,22.7,gus_modeled
2021,Inowrocław,Kujawsko-Pomorskie,city_medium,73000,5624,4302,3089,5663,2800,0.993,5.1,58.2,1665,1198,24,902,82,2889,1.07,21.3,gus_modeled
2022,Inowrocław,Kujawsko-Pomorskie,city_medium,73000,6219,4758,3416,6346,3010,0.98,14.4,57.5,1874,1361,28,989,89,3259,1.05,21.9,gus_modeled
2023,Inowrocław,Kujawsko-Pomorskie,city_medium,73000,7066,5405,3881,7155,3490,0.988,11.5,58.3,1994,1552,31,1098,105,3665,1.06,22.0,gus_modeled
2024,Inowrocław,Kujawsko-Pomorskie,city_medium,73000,8447,6462,4640,8604,4242,0.982,3.6,58.5,2163,1544,33,1177,103,3784,1.23,18.3,gus_modeled
2010,Brodnica,Kujawsko-Pomorskie,city_small,28000,2941,2250,1616,3224,1317,0.912,2.6,49.3,1009,804,18,625,56,2028,0.8,27.3,gus_modeled
2011,Brodnica,Kujawsko-Pomorskie,city_small,28000,3005,2299,1651,3399,1386,0.884,4.3,48.8,1051,790,18,676,57,2073,0.8,26.3,gus_modeled
2012,Brodnica,Kujawsko-Pomorskie,city_small,28000,3170,2425,1741,3521,1500,0.9,3.7,48.7,1074,817,21,715,59,2208,0.79,25.8,gus_modeled
2013,Brodnica,Kujawsko-Pomorskie,city_small,28000,3352,2564,1841,3650,1600,0.918,0.9,48.8,1116,861,20,705,62,2227,0.83,25.7,gus_modeled
2014,Brodnica,Kujawsko-Pomorskie,city_small,28000,3507,2683,1926,3783,1680,0.927,0.0,49.1,1133,825,19,710,60,2174,0.89,23.5,gus_modeled
2015,Brodnica,Kujawsko-Pomorskie,city_small,28000,3577,2736,1964,3899,1750,0.917,-0.9,50.6,1093,837,20,698,59,2191,0.9,23.4,gus_modeled
2016,Brodnica,Kujawsko-Pomorskie,city_small,28000,3676,2812,2019,4047,1850,0.908,-0.2,50.1,1157,850,19,709,60,2196,0.92,23.1,gus_modeled
2017,Brodnica,Kujawsko-Pomorskie,city_small,28000,3711,2839,2038,4271,2000,0.869,2.0,50.8,1161,834,21,681,62,2198,0.93,22.5,gus_modeled
2018,Brodnica,Kujawsko-Pomorskie,city_small,28000,4106,3141,2255,4585,2100,0.896,1.6,50.6,1161,861,20,701,61,2227,1.01,21.0,gus_modeled
2019,Brodnica,Kujawsko-Pomorskie,city_small,28000,4462,3413,2451,4918,2250,0.907,2.3,49.9,1168,935,22,757,61,2402,1.02,21.0,gus_modeled
2020,Brodnica,Kujawsko-Pomorskie,city_small,28000,4507,3448,2476,5167,2600,0.872,3.4,50.0,1215,939,21,747,62,2384,1.04,20.8,gus_modeled
2021,Brodnica,Kujawsko-Pomorskie,city_small,28000,4954,3790,2721,5663,2800,0.875,5.1,50.8,1227,1003,22,769,69,2508,1.08,20.2,gus_modeled
2022,Brodnica,Kujawsko-Pomorskie,city_small,28000,5738,4390,3152,6346,3010,0.904,14.4,51.4,1462,1156,26,882,77,2895,1.09,20.1,gus_modeled
2023,Brodnica,Kujawsko-Pomorskie,city_small,28000,6357,4863,3492,7155,3490,0.888,11.5,52.0,1678,1217,28,1049,90,3206,1.09,19.1,gus_modeled
2024,Brodnica,Kujawsko-Pomorskie,city_small,28000,7846,6002,4309,8604,4242,0.912,3.6,51.8,1682,1286,29,1029,94,3289,1.31,16.4,gus_modeled
2010,Nakło nad Notecią,Kujawsko-Pomorskie,town,20000,2628,2010,1443,3224,1317,0.815,2.6,41.8,816,667,17,615,42,1847,0.78,25.4,gus_modeled
2011,Nakło nad Notecią,Kujawsko-Pomorskie,town,20000,2866,2192,1574,3399,1386,0.843,4.3,43.1,866,699,16,630,44,1883,0.84,24.4,gus_modeled
2012,Nakło nad Notecią,Kujawsko-Pomorskie,town,20000,3000,2295,1648,3521,1500,0.852,3.7,42.2,851,714,17,642,46,1939,0.85,23.8,gus_modeled
2013,Nakło nad Notecią,Kujawsko-Pomorskie,town,20000,2965,2268,1628,3650,1600,0.812,0.9,42.9,921,706,18,641,45,1951,0.83,23.8,gus_modeled
2014,Nakło nad Notecią,Kujawsko-Pomorskie,town,20000,3042,2327,1671,3783,1680,0.804,0.0,43.7,911,665,17,668,48,1920,0.87,21.9,gus_modeled
2015,Nakło nad Notecią,Kujawsko-Pomorskie,town,20000,3152,2411,1731,3899,1750,0.808,-0.9,43.4,913,680,16,665,45,1907,0.91,21.6,gus_modeled
2016,Nakło nad Notecią,Kujawsko-Pomorskie,town,20000,3414,2612,1875,4047,1850,0.844,-0.2,43.6,883,680,16,662,47,1906,0.98,19.9,gus_modeled
2017,Nakło nad Notecią,Kujawsko-Pomorskie,town,20000,3608,2760,1982,4271,2000,0.845,2.0,43.0,862,707,17,638,47,1933,1.03,19.6,gus_modeled
2018,Nakło nad Notecią,Kujawsko-Pomorskie,town,20000,3785,2896,2079,4585,2100,0.826,1.6,43.1,924,702,17,680,46,1972,1.05,18.5,gus_modeled
2019,Nakło nad Notecią,Kujawsko-Pomorskie,town,20000,4093,3131,2248,4918,2250,0.832,2.3,43.9,950,726,19,694,49,2058,1.09,17.7,gus_modeled
2020,Nakło nad Notecią,Kujawsko-Pomorskie,town,20000,4264,3262,2342,5167,2600,0.825,3.4,43.2,1011,793,19,682,51,2122,1.1,18.6,gus_modeled
2021,Nakło nad Notecią,Kujawsko-Pomorskie,town,20000,4874,3729,2677,5663,2800,0.861,5.1,44.0,983,806,19,723,54,2190,1.22,16.5,gus_modeled
2022,Nakło nad Notecią,Kujawsko-Pomorskie,town,20000,5360,4100,2944,6346,3010,0.845,14.4,44.7,1118,913,23,874,62,2569,1.15,17.0,gus_modeled
2023,Nakło nad Notecią,Kujawsko-Pomorskie,town,20000,5887,4504,3234,7155,3490,0.823,11.5,44.1,1256,1057,26,959,68,2894,1.12,18.0,gus_modeled
2024,Nakło nad Notecią,Kujawsko-Pomorskie,town,20000,7148,5468,3926,8604,4242,0.831,3.6,44.5,1294,1072,27,948,69,2929,1.34,15.0,gus_modeled
2010,Szczecin,Zachodniopomorskie,metropolis,400000,3097,2369,1701,3224,1317,0.961,2.6,74.2,2250,1707,28,838,90,3378,0.5,55.1,numbeo
2011,Szczecin,Zachodniopomorskie,metropolis,400000,3287,2515,1806,3399,1386,0.967,4.3,75.1,2383,1801,29,856,94,3521,0.51,54.8,numbeo
2012,Szczecin,Zachodniopomorskie,metropolis,400000,3460,2647,1901,3521,1500,0.983,3.7,75.0,2416,1858,30,899,99,3653,0.52,53.7,numbeo
2013,Szczecin,Zachodniopomorskie,metropolis,400000,3501,2678,1923,3650,1600,0.959,0.9,75.4,2401,1787,29,912,97,3575,0.54,51.0,numbeo
2014,Szczecin,Zachodniopomorskie,metropolis,400000,3642,2786,2000,3783,1680,0.963,0.0,75.2,2643,1816,29,921,98,3614,0.55,49.9,numbeo
2015,Szczecin,Zachodniopomorskie,metropolis,400000,3657,2798,2009,3899,1750,0.938,-0.9,75.5,2520,1866,30,948,95,3706,0.54,51.0,numbeo
2016,Szczecin,Zachodniopomorskie,metropolis,400000,3968,3036,2180,4047,1850,0.98,-0.2,76.2,2485,1883,30,919,98,3697,0.59,47.5,numbeo
2017,Szczecin,Zachodniopomorskie,metropolis,400000,4034,3086,2216,4271,2000,0.945,2.0,75.9,2469,1813,29,914,102,3610,0.61,44.9,numbeo
2018,Szczecin,Zachodniopomorskie,metropolis,400000,4351,3329,2390,4585,2100,0.949,1.6,76.0,2489,1842,31,977,101,3744,0.64,42.3,numbeo
2019,Szczecin,Zachodniopomorskie,metropolis,400000,4685,3584,2573,4918,2250,0.953,2.3,77.0,2540,1990,31,959,105,3883,0.66,42.5,numbeo
2020,Szczecin,Zachodniopomorskie,metropolis,400000,5128,3923,2817,5167,2600,0.992,3.4,76.7,2659,2058,34,995,112,4061,0.69,40.1,numbeo
2021,Szczecin,Zachodniopomorskie,metropolis,400000,5624,4302,3089,5663,2800,0.993,5.1,76.8,2818,2187,33,1068,109,4251,0.73,38.9,numbeo
2022,Szczecin,Zachodniopomorskie,metropolis,400000,6099,4666,3350,6346,3010,0.961,14.4,77.7,3222,2305,39,1204,127,4676,0.72,37.8,numbeo
2023,Szczecin,Zachodniopomorskie,metropolis,400000,6890,5271,3785,7155,3490,0.963,11.5,77.9,3809,2767,42,1363,141,5401,0.7,40.2,numbeo
2024,Szczecin,Zachodniopomorskie,metropolis,400000,8671,6633,4762,8604,4242,1.008,3.6,77.2,3927,2807,47,1431,154,5632,0.85,32.4,numbeo
2010,Koszalin,Zachodniopomorskie,city_medium,107000,2572,1968,1413,3224,1317,0.798,2.6,56.2,1330,956,20,679,65,2283,0.62,37.2,numbeo
2011,Koszalin,Zachodniopomorskie,city_medium,107000,2734,2092,1502,3399,1386,0.804,4.3,56.0,1303,977,21,716,68,2371,0.63,35.7,numbeo
2012,Koszalin,Zachodniopomorskie,city_medium,107000,2807,2147,1542,3521,1500,0.797,3.7,55.9,1432,1007,23,782,67,2513,0.61,35.9,numbeo
2013,Koszalin,Zachodniopomorskie,city_medium,107000,2903,2221,1595,3650,1600,0.795,0.9,56.7,1449,1052,23,744,69,2524,0.63,36.2,numbeo
2014,Koszalin,Zachodniopomorskie,city_medium,107000,3148,2408,1729,3783,1680,0.832,0.0,56.9,1355,1059,22,776,72,2546,0.68,33.6,numbeo
2015,Koszalin,Zachodniopomorskie,city_medium,107000,3232,2472,1775,3899,1750,0.829,-0.9,57.4,1419,1011,21,763,68,2459,0.72,31.3,numbeo
2016,Koszalin,Zachodniopomorskie,city_medium,107000,3181,2433,1747,4047,1850,0.786,-0.2,58.2,1316,1039,22,731,70,2477,0.71,32.7,numbeo
2017,Koszalin,Zachodniopomorskie,city_medium,107000,3399,2600,1867,4271,2000,0.796,2.0,57.8,1427,1078,23,765,70,2574,0.73,31.7,numbeo
2018,Koszalin,Zachodniopomorskie,city_medium,107000,3597,2752,1976,4585,2100,0.785,1.6,58.4,1474,1062,23,775,69,2570,0.77,29.5,numbeo
2019,Koszalin,Zachodniopomorskie,city_medium,107000,3943,3016,2165,4918,2250,0.802,2.3,57.5,1409,1056,23,784,70,2579,0.84,26.8,numbeo
2020,Koszalin,Zachodniopomorskie,city_medium,107000,4315,3301,2370,5167,2600,0.835,3.4,58.2,1486,1061,23,860,75,2672,0.89,24.6,numbeo
2021,Koszalin,Zachodniopomorskie,city_medium,107000,4600,3519,2527,5663,2800,0.812,5.1,58.1,1560,1179,25,892,79,2877,0.88,25.6,numbeo
2022,Koszalin,Zachodniopomorskie,city_medium,107000,5029,3847,2762,6346,3010,0.792,14.4,58.3,1773,1362,27,993,89,3244,0.85,27.1,numbeo
2023,Koszalin,Zachodniopomorskie,city_medium,107000,6011,4598,3301,7155,3490,0.84,11.5,58.8,2035,1462,32,1092,105,3589,0.92,24.3,numbeo
2024,Koszalin,Zachodniopomorskie,city_medium,107000,6987,5345,3838,8604,4242,0.812,3.6,59.4,2170,1550,32,1124,104,3718,1.03,22.2,numbeo
2010,Kołobrzeg,Zachodniopomorskie,city_small,48000,2654,2030,1458,3224,1317,0.823,2.6,49.4,1072,800,18,646,54,2043,0.71,30.1,numbeo
2011,Kołobrzeg,Zachodniopomorskie,city_small,48000,2797,2140,1537,3399,1386,0.823,4.3,50.4,1088,810,18,658,55,2073,0.74,29.0,numbeo
2012,Kołobrzeg,Zachodniopomorskie,city_small,48000,2943,2251,1616,3521,1500,0.836,3.7,49.1,1138,886,20,705,61,2249,0.72,30.1,numbeo
2013,Kołobrzeg,Zachodniopomorskie,city_small,48000,2885,2207,1585,3650,1600,0.79,0.9,50.1,1077,841,19,710,59,2189,0.72,29.2,numbeo
2014,Kołobrzeg,Zachodniopomorskie,city_small,48000,3077,2354,1690,3783,1680,0.813,0.0,49.8,1101,903,20,710,62,2274,0.74,29.3,numbeo
2015,Kołobrzeg,Zachodniopomorskie,city_small,48000,3237,2476,1778,3899,1750,0.83,-0.9,51.0,1169,839,20,674,57,2167,0.82,25.9,numbeo
2016,Kołobrzeg,Zachodniopomorskie,city_small,48000,3283,2511,1803,4047,1850,0.811,-0.2,50.3,1073,871,20,686,59,2213,0.81,26.5,numbeo
2017,Kołobrzeg,Zachodniopomorskie,city_small,48000,3407,2606,1871,4271,2000,0.798,2.0,50.9,1136,894,21,725,59,2299,0.81,26.2,numbeo
2018,Kołobrzeg,Zachodniopomorskie,city_small,48000,3800,2907,2087,4585,2100,0.829,1.6,50.8,1206,888,20,723,61,2276,0.92,23.4,numbeo
2019,Kołobrzeg,Zachodniopomorskie,city_small,48000,4074,3117,2238,4918,2250,0.828,2.3,51.2,1217,866,21,760,62,2317,0.97,21.3,numbeo
2020,Kołobrzeg,Zachodniopomorskie,city_small,48000,4238,3242,2328,5167,2600,0.82,3.4,51.0,1238,939,22,773,63,2431,0.96,22.2,numbeo
2021,Kołobrzeg,Zachodniopomorskie,city_small,48000,4508,3449,2476,5663,2800,0.796,5.1,51.0,1233,952,22,825,67,2511,0.99,21.1,numbeo
2022,Kołobrzeg,Zachodniopomorskie,city_small,48000,5087,3892,2794,6346,3010,0.802,14.4,52.4,1442,1150,26,938,78,2946,0.95,22.6,numbeo
2023,Kołobrzeg,Zachodniopomorskie,city_small,48000,5932,4538,3258,7155,3490,0.829,11.5,52.5,1633,1294,30,983,88,3255,1.0,21.8,numbeo
2024,Kołobrzeg,Zachodniopomorskie,city_small,48000,6871,5256,3774,8604,4242,0.799,3.6,51.3,1693,1272,29,1078,87,3317,1.14,18.5,numbeo
2010,Szczecinek,Zachodniopomorskie,city_small,40000,2486,1902,1366,3224,1317,0.771,2.6,49.1,1025,771,18,626,55,1995,0.68,31.0,numbeo
2011,Szczecinek,Zachodniopomorskie,city_small,40000,2547,1948,1399,3399,1386,0.749,4.3,50.4,1110,860,18,693,58,2161,0.65,33.8,numbeo
2012,Szczecinek,Zachodniopomorskie,city_small,40000,2734,2092,1502,3521,1500,0.776,3.7,49.9,1124,829,19,699,58,2163,0.69,30.3,numbeo
2013,Szczecinek,Zachodniopomorskie,city_small,40000,2844,2176,1562,3650,1600,0.779,0.9,50.7,1074,880,20,725,58,2262,0.69,30.9,numbeo
2014,Szczecinek,Zachodniopomorskie,city_small,40000,2858,2186,1570,3783,1680,0.755,0.0,50.6,1119,871,19,696,58,2204,0.71,30.5,numbeo
2015,Szczecinek,Zachodniopomorskie,city_small,40000,2988,2286,1641,3899,1750,0.766,-0.9,50.0,1113,894,20,693,59,2243,0.73,29.9,numbeo
2016,Szczecinek,Zachodniopomorskie,city_small,40000,3176,2430,1745,4047,1850,0.785,-0.2,50.1,1100,851,19,678,58,2164,0.81,26.8,numbeo
2017,Szczecinek,Zachodniopomorskie,city_small,40000,3232,2472,1775,4271,2000,0.757,2.0,51.2,1172,872,20,713,62,2248,0.79,27.0,numbeo
2018,Szczecinek,Zachodniopomorskie,city_small,40000,3544,2711,1946,4585,2100,0.773,1.6,50.2,1210,854,21,739,61,2278,0.85,24.1,numbeo
2019,Szczecinek,Zachodniopomorskie,city_small,40000,3694,2826,2029,4918,2250,0.751,2.3,51.7,1218,901,20,706,63,2279,0.89,24.4,numbeo
2020,Szczecinek,Zachodniopomorskie,city_small,40000,4133,3162,2270,5167,2600,0.8,3.4,50.7,1200,902,22,739,66,2363,0.96,21.8,numbeo
2021,Szczecinek,Zachodniopomorskie,city_small,40000,4419,3381,2428,5663,2800,0.78,5.1,51.6,1275,940,23,812,67,2506,0.97,21.3,numbeo
2022,Szczecinek,Zachodniopomorskie,city_small,40000,4897,3746,2690,6346,3010,0.772,14.4,51.4,1484,1101,25,897,78,2836,0.95,22.5,numbeo
2023,Szczecinek,Zachodniopomorskie,city_small,40000,5380,4116,2955,7155,3490,0.752,11.5,52.2,1584,1279,30,1026,86,3281,0.9,23.8,numbeo
2024,Szczecinek,Zachodniopomorskie,city_small,40000,6683,5112,3670,8604,4242,0.777,3.6,52.4,1758,1311,29,1082,87,3360,1.09,19.6,numbeo
2010,Świnoujście,Zachodniopomorskie,city_small,41000,2691,2059,1478,3224,1317,0.835,2.6,49.6,1007,775,19,631,55,2024,0.73,28.8,numbeo
2011,Świnoujście,Zachodniopomorskie,city_small,41000,2816,2154,1547,3399,1386,0.828,4.3,49.7,1112,830,20,671,57,2148,0.72,29.5,numbeo
2012,Świnoujście,Zachodniopomorskie,city_small,41000,3074,2352,1689,3521,1500,0.873,3.7,50.1,1119,873,19,680,58,2188,0.77,28.4,numbeo
2013,Świnoujście,Zachodniopomorskie,city_small,41000,3152,2411,1731,3650,1600,0.864,0.9,50.0,1080,863,20,702,58,2222,0.78,27.4,numbeo
2014,Świnoujście,Zachodniopomorskie,city_small,41000,3269,2501,1796,3783,1680,0.864,0.0,49.5,1180,836,21,676,59,2190,0.82,25.6,numbeo
2015,Świnoujście,Zachodniopomorskie,city_small,41000,3362,2572,1847,3899,1750,0.862,-0.9,49.9,1073,894,19,709,60,2240,0.82,26.6,numbeo
2016,Świnoujście,Zachodniopomorskie,city_small,41000,3546,2713,1948,4047,1850,0.876,-0.2,51.1,1087,830,20,694,59,2180,0.89,23.4,numbeo
2017,Świnoujście,Zachodniopomorskie,city_small,41000,3734,2857,2051,4271,2000,0.874,2.0,50.6,1154,914,20,701,59,2275,0.9,24.5,numbeo
2018,Świnoujście,Zachodniopomorskie,city_small,41000,3955,3026,2173,4585,2100,0.863,1.6,50.6,1171,922,20,726,61,2313,0.94,23.3,numbeo
2019,Świnoujście,Zachodniopomorskie,city_small,41000,4345,3324,2387,4918,2250,0.883,2.3,51.4,1157,939,22,748,64,2400,0.99,21.6,numbeo
2020,Świnoujście,Zachodniopomorskie,city_small,41000,4415,3377,2425,5167,2600,0.854,3.4,51.2,1221,937,22,781,65,2439,0.99,21.2,numbeo
2021,Świnoujście,Zachodniopomorskie,city_small,41000,4775,3653,2623,5663,2800,0.843,5.1,52.1,1317,1017,22,794,66,2544,1.03,21.3,numbeo
2022,Świnoujście,Zachodniopomorskie,city_small,41000,5429,4153,2982,6346,3010,0.855,14.4,52.4,1466,1181,25,899,80,2920,1.02,21.8,numbeo
2023,Świnoujście,Zachodniopomorskie,city_small,41000,5936,4541,3260,7155,3490,0.83,11.5,52.1,1650,1256,29,1003,85,3214,1.01,21.2,numbeo
2024,Świnoujście,Zachodniopomorskie,city_small,41000,7237,5536,3975,8604,4242,0.841,3.6,52.4,1623,1354,29,1066,88,3388,1.17,18.7,numbeo
2010,Stargard,Zachodniopomorskie,city_medium,68000,3130,2394,1719,3224,1317,0.971,2.6,55.9,1259,972,19,707,64,2306,0.75,31.1,gus_modeled
2011,Stargard,Zachodniopomorskie,city_medium,68000,3292,2518,1808,3399,1386,0.969,4.3,56.6,1358,1013,21,714,67,2404,0.75,30.8,gus_modeled
2012,Stargard,Zachodniopomorskie,city_medium,68000,3584,2742,1969,3521,1500,1.018,3.7,56.0,1357,1009,22,731,67,2444,0.81,28.2,gus_modeled
2013,Stargard,Zachodniopomorskie,city_medium,68000,3557,2721,1954,3650,1600,0.975,0.9,56.3,1366,1059,23,785,70,2573,0.76,29.8,gus_modeled
2014,Stargard,Zachodniopomorskie,city_medium,68000,3881,2969,2132,3783,1680,1.026,0.0,57.1,1396,1070,22,774,71,2554,0.83,27.6,gus_modeled
2015,Stargard,Zachodniopomorskie,city_medium,68000,3838,2936,2108,3899,1750,0.984,-0.9,57.6,1412,989,22,764,69,2459,0.86,25.8,gus_modeled
2016,Stargard,Zachodniopomorskie,city_medium,68000,4090,3129,2247,4047,1850,1.011,-0.2,56.7,1433,1054,21,744,72,2487,0.9,25.8,gus_modeled
2017,Stargard,Zachodniopomorskie,city_medium,68000,4385,3355,2409,4271,2000,1.027,2.0,57.1,1445,1036,23,798,70,2565,0.94,23.6,gus_modeled
2018,Stargard,Zachodniopomorskie,city_medium,68000,4481,3428,2461,4585,2100,0.977,1.6,57.6,1471,1046,22,758,73,2521,0.98,23.3,gus_modeled
2019,Stargard,Zachodniopomorskie,city_medium,68000,4762,3643,2616,4918,2250,0.968,2.3,58.3,1391,1040,24,802,76,2607,1.0,21.8,gus_modeled
2020,Stargard,Zachodniopomorskie,city_medium,68000,5207,3983,2860,5167,2600,1.008,3.4,58.0,1538,1081,25,849,74,2720,1.05,20.8,gus_modeled
2021,Stargard,Zachodniopomorskie,city_medium,68000,5786,4426,3178,5663,2800,1.022,5.1,58.6,1629,1122,24,840,82,2751,1.16,19.4,gus_modeled
2022,Stargard,Zachodniopomorskie,city_medium,68000,6340,4850,3482,6346,3010,0.999,14.4,58.7,1875,1392,30,1033,89,3374,1.03,22.0,gus_modeled
2023,Stargard,Zachodniopomorskie,city_medium,68000,6905,5282,3792,7155,3490,0.965,11.5,59.5,1930,1549,31,1097,105,3661,1.04,22.4,gus_modeled
2024,Stargard,Zachodniopomorskie,city_medium,68000,8697,6653,4777,8604,4242,1.011,3.6,59.8,2095,1530,34,1108,109,3727,1.28,17.6,gus_modeled
2010,Kamień Pomorski,Zachodniopomorskie,small_town,10000,2508,1919,1378,3224,1317,0.778,2.6,38.4,698,496,15,578,33,1590,0.87,19.8,numbeo
2011,Kamień Pomorski,Zachodniopomorskie,small_town,10000,2588,1980,1422,3399,1386,0.761,4.3,37.8,696,522,15,582,35,1629,0.87,20.2,numbeo
2012,Kamień Pomorski,Zachodniopomorskie,small_town,10000,2717,2079,1493,3521,1500,0.772,3.7,37.8,693,583,16,613,38,1751,0.85,21.5,numbeo
2013,Kamień Pomorski,Zachodniopomorskie,small_town,10000,2782,2128,1528,3650,1600,0.762,0.9,38.1,713,539,15,634,38,1710,0.89,19.4,numbeo
2014,Kamień Pomorski,Zachodniopomorskie,small_town,10000,2793,2137,1534,3783,1680,0.738,0.0,38.1,761,549,15,587,37,1672,0.92,19.7,numbeo
2015,Kamień Pomorski,Zachodniopomorskie,small_town,10000,2964,2267,1628,3899,1750,0.76,-0.9,38.3,703,556,15,584,36,1673,0.97,18.8,numbeo
2016,Kamień Pomorski,Zachodniopomorskie,small_town,10000,2982,2281,1638,4047,1850,0.737,-0.2,38.5,711,578,15,628,38,1741,0.94,19.4,numbeo
2017,Kamień Pomorski,Zachodniopomorskie,small_town,10000,3293,2519,1809,4271,2000,0.771,2.0,38.4,715,575,16,617,38,1751,1.03,17.5,numbeo
2018,Kamień Pomorski,Zachodniopomorskie,small_town,10000,3621,2770,1989,4585,2100,0.79,1.6,38.7,737,559,16,629,37,1749,1.14,15.4,numbeo
2019,Kamień Pomorski,Zachodniopomorskie,small_town,10000,3840,2938,2109,4918,2250,0.781,2.3,38.7,790,584,17,665,38,1836,1.15,15.2,numbeo
2020,Kamień Pomorski,Zachodniopomorskie,small_town,10000,4072,3115,2237,5167,2600,0.788,3.4,39.5,779,629,16,662,41,1868,1.2,15.4,numbeo
2021,Kamień Pomorski,Zachodniopomorskie,small_town,10000,4260,3259,2340,5663,2800,0.752,5.1,39.7,866,617,18,693,42,1939,1.21,14.5,numbeo
2022,Kamień Pomorski,Zachodniopomorskie,small_town,10000,4951,3788,2720,6346,3010,0.78,14.4,39.1,961,708,21,775,47,2210,1.23,14.3,numbeo
2023,Kamień Pomorski,Zachodniopomorskie,small_town,10000,5363,4103,2946,7155,3490,0.75,11.5,39.5,1115,860,23,855,52,2517,1.17,16.0,numbeo
2024,Kamień Pomorski,Zachodniopomorskie,small_town,10000,6812,5211,3741,8604,4242,0.792,3.6,39.1,1046,809,23,902,53,2524,1.48,11.9,numbeo
2010,Police,Zachodniopomorskie,city_small,35000,3050,2333,1675,3224,1317,0.946,2.6,49.9,1041,805,19,642,56,2066,0.81,26.4,gus_modeled
2011,Police,Zachodniopomorskie,city_small,35000,3030,2318,1664,3399,1386,0.891,4.3,49.2,1123,799,19,655,56,2080,0.8,26.4,gus_modeled
2012,Police,Zachodniopomorskie,city_small,35000,3229,2470,1773,3521,1500,0.917,3.7,49.5,1073,880,20,695,57,2229,0.8,27.3,gus_modeled
2013,Police,Zachodniopomorskie,city_small,35000,3260,2494,1791,3650,1600,0.893,0.9,49.4,1077,838,20,687,61,2185,0.82,25.7,gus_modeled
2014,Police,Zachodniopomorskie,city_small,35000,3589,2746,1972,3783,1680,0.949,0.0,49.9,1101,834,20,674,58,2165,0.91,23.2,gus_modeled
2015,Police,Zachodniopomorskie,city_small,35000,3578,2737,1965,3899,1750,0.918,-0.9,51.1,1147,817,20,685,59,2158,0.91,22.8,gus_modeled
2016,Police,Zachodniopomorskie,city_small,35000,3711,2839,2038,4047,1850,0.917,-0.2,50.1,1062,833,20,664,60,2154,0.95,22.4,gus_modeled
2017,Police,Zachodniopomorskie,city_small,35000,4083,3123,2242,4271,2000,0.956,2.0,50.2,1194,875,21,721,62,2279,0.98,21.4,gus_modeled
2018,Police,Zachodniopomorskie,city_small,35000,4238,3242,2328,4585,2100,0.924,1.6,50.9,1149,865,21,736,60,2285,1.02,20.4,gus_modeled
2019,Police,Zachodniopomorskie,city_small,35000,4473,3422,2457,4918,2250,0.91,2.3,51.6,1196,876,20,735,64,2284,1.08,19.6,gus_modeled
2020,Police,Zachodniopomorskie,city_small,35000,4746,3631,2607,5167,2600,0.919,3.4,50.9,1247,919,22,758,65,2398,1.09,19.4,gus_modeled
2021,Police,Zachodniopomorskie,city_small,35000,5275,4035,2897,5663,2800,0.931,5.1,50.9,1294,983,24,771,70,2531,1.14,18.6,gus_modeled
2022,Police,Zachodniopomorskie,city_small,35000,5976,4572,3283,6346,3010,0.942,14.4,51.3,1489,1137,27,906,78,2921,1.12,19.0,gus_modeled
2023,Police,Zachodniopomorskie,city_small,35000,6644,5083,3650,7155,3490,0.929,11.5,51.2,1687,1216,29,986,89,3161,1.15,18.3,gus_modeled
2024,Police,Zachodniopomorskie,city_small,35000,8228,6294,4519,8604,4242,0.956,3.6,52.3,1773,1312,29,1077,93,3362,1.34,15.9,gus_modeled
2010,Lublin,Lubelskie,metropolis,340000,2958,2263,1625,3224,1317,0.917,2.6,71.0,2323,1727,28,858,88,3416,0.48,58.4,numbeo
2011,Lublin,Lubelskie,metropolis,340000,3029,2317,1664,3399,1386,0.891,4.3,71.3,2335,1823,29,889,95,3577,0.47,60.2,numbeo
2012,Lublin,Lubelskie,metropolis,340000,3231,2472,1775,3521,1500,0.918,3.7,71.4,2503,1910,29,948,99,3734,0.48,59.1,numbeo
2013,Lublin,Lubelskie,metropolis,340000,3409,2608,1873,3650,1600,0.934,0.9,71.5,2476,1799,31,954,101,3673,0.51,52.8,numbeo
2014,Lublin,Lubelskie,metropolis,340000,3352,2564,1841,3783,1680,0.886,0.0,72.1,2489,1833,30,895,97,3624,0.51,54.7,numbeo
2015,Lublin,Lubelskie,metropolis,340000,3662,2801,2011,3899,1750,0.939,-0.9,72.0,2435,1909,29,943,98,3727,0.54,52.1,numbeo
2016,Lublin,Lubelskie,metropolis,340000,3640,2785,2000,4047,1850,0.899,-0.2,72.3,2432,1926,31,938,98,3779,0.53,52.9,numbeo
2017,Lublin,Lubelskie,metropolis,340000,3795,2903,2084,4271,2000,0.889,2.0,72.2,2465,1822,31,910,104,3657,0.57,48.0,numbeo
2018,Lublin,Lubelskie,metropolis,340000,4364,3338,2397,4585,2100,0.952,1.6,72.6,2638,1865,30,919,100,3688,0.65,42.7,numbeo
2019,Lublin,Lubelskie,metropolis,340000,4495,3439,2469,4918,2250,0.914,2.3,72.7,2543,1871,31,989,108,3797,0.65,41.6,numbeo
2020,Lublin,Lubelskie,metropolis,340000,4746,3631,2607,5167,2600,0.919,3.4,72.9,2835,2020,34,1048,111,4075,0.64,42.6,numbeo
2021,Lublin,Lubelskie,metropolis,340000,5277,4037,2899,5663,2800,0.932,5.1,73.8,2805,2203,33,1075,112,4277,0.68,41.7,numbeo
2022,Lublin,Lubelskie,metropolis,340000,6036,4618,3316,6346,3010,0.951,14.4,72.9,3435,2439,38,1246,134,4839,0.69,40.4,numbeo
2023,Lublin,Lubelskie,metropolis,340000,6823,5220,3748,7155,3490,0.954,11.5,73.2,3718,2697,42,1404,148,5379,0.7,39.5,numbeo
2024,Lublin,Lubelskie,metropolis,340000,8186,6262,4496,8604,4242,0.951,3.6,74.6,3788,2930,45,1371,149,5650,0.8,35.8,numbeo
2010,Zamość,Lubelskie,city_medium,65000,2285,1748,1255,3224,1317,0.709,2.6,54.7,1322,906,20,723,62,2274,0.55,39.6,numbeo
2011,Zamość,Lubelskie,city_medium,65000,2458,1880,1350,3399,1386,0.723,4.3,54.4,1267,1012,20,709,65,2376,0.57,41.2,numbeo
2012,Zamość,Lubelskie,city_medium,65000,2518,1926,1383,3521,1500,0.715,3.7,55.3,1357,1059,23,777,72,2565,0.54,42.1,numbeo
2013,Zamość,Lubelskie,city_medium,65000,2664,2038,1463,3650,1600,0.73,0.9,55.0,1340,1019,21,773,69,2480,0.59,38.3,numbeo
2014,Zamość,Lubelskie,city_medium,65000,2807,2147,1542,3783,1680,0.742,0.0,54.9,1368,998,21,738,71,2426,0.64,35.6,numbeo
2015,Zamość,Lubelskie,city_medium,65000,2814,2153,1546,3899,1750,0.722,-0.9,56.1,1392,979,22,777,68,2461,0.63,34.8,numbeo
2016,Zamość,Lubelskie,city_medium,65000,2931,2242,1610,4047,1850,0.724,-0.2,56.0,1371,976,21,774,68,2435,0.66,33.3,numbeo
2017,Zamość,Lubelskie,city_medium,65000,3083,2358,1693,4271,2000,0.722,2.0,55.8,1343,1020,22,746,70,2477,0.68,33.1,numbeo
2018,Zamość,Lubelskie,city_medium,65000,3451,2640,1896,4585,2100,0.753,1.6,56.9,1478,1092,23,788,71,2615,0.73,31.6,numbeo
2019,Zamość,Lubelskie,city_medium,65000,3639,2784,1999,4918,2250,0.74,2.3,56.6,1521,1027,24,817,75,2608,0.77,28.2,numbeo
2020,Zamość,Lubelskie,city_medium,65000,3795,2903,2084,5167,2600,0.734,3.4,56.0,1540,1166,25,832,77,2791,0.75,30.7,numbeo
2021,Zamość,Lubelskie,city_medium,65000,4173,3192,2292,5663,2800,0.737,5.1,56.8,1651,1140,26,862,82,2831,0.81,27.3,numbeo
2022,Zamość,Lubelskie,city_medium,65000,4865,3722,2672,6346,3010,0.767,14.4,57.1,1838,1355,29,1012,94,3301,0.81,27.9,numbeo
2023,Zamość,Lubelskie,city_medium,65000,5184,3966,2848,7155,3490,0.725,11.5,57.4,1932,1428,33,1077,102,3557,0.8,27.5,numbeo
2024,Zamość,Lubelskie,city_medium,65000,6379,4880,3504,8604,4242,0.741,3.6,56.7,2103,1606,32,1179,105,3830,0.91,25.2,numbeo
2010,Biała Podlaska,Lubelskie,city_medium,57000,2299,1759,1263,3224,1317,0.713,2.6,54.5,1218,990,20,722,65,2360,0.54,43.1,numbeo
2011,Biała Podlaska,Lubelskie,city_medium,57000,2411,1844,1324,3399,1386,0.709,4.3,55.5,1322,975,22,706,65,2376,0.56,40.4,numbeo
2012,Biała Podlaska,Lubelskie,city_medium,57000,2552,1952,1402,3521,1500,0.725,3.7,54.8,1378,1064,22,735,67,2503,0.56,41.7,numbeo
2013,Biała Podlaska,Lubelskie,city_medium,57000,2602,1991,1430,3650,1600,0.713,0.9,55.8,1356,1068,22,746,67,2520,0.57,41.0,numbeo
2014,Biała Podlaska,Lubelskie,city_medium,57000,2752,2105,1511,3783,1680,0.727,0.0,56.0,1392,1022,22,774,72,2507,0.6,37.1,numbeo
2015,Biała Podlaska,Lubelskie,city_medium,57000,2690,2058,1478,3899,1750,0.69,-0.9,55.3,1329,981,22,770,70,2458,0.6,36.5,numbeo
2016,Biała Podlaska,Lubelskie,city_medium,57000,2842,2174,1561,4047,1850,0.702,-0.2,56.5,1323,1033,22,739,70,2479,0.63,36.3,numbeo
2017,Biała Podlaska,Lubelskie,city_medium,57000,3102,2373,1704,4271,2000,0.726,2.0,55.4,1375,1082,23,773,71,2587,0.66,34.9,numbeo
2018,Biała Podlaska,Lubelskie,city_medium,57000,3162,2419,1737,4585,2100,0.69,1.6,56.4,1446,1057,23,761,71,2553,0.68,33.4,numbeo
2019,Biała Podlaska,Lubelskie,city_medium,57000,3516,2690,1931,4918,2250,0.715,2.3,56.8,1525,1080,23,827,73,2649,0.73,30.7,numbeo
2020,Biała Podlaska,Lubelskie,city_medium,57000,3623,2772,1990,5167,2600,0.701,3.4,56.0,1452,1089,23,856,75,2696,0.74,30.1,numbeo
2021,Biała Podlaska,Lubelskie,city_medium,57000,4140,3167,2274,5663,2800,0.731,5.1,56.8,1564,1184,25,854,79,2844,0.8,28.6,numbeo
2022,Biała Podlaska,Lubelskie,city_medium,57000,4401,3367,2418,6346,3010,0.694,14.4,57.2,1835,1363,27,957,93,3213,0.75,31.0,numbeo
2023,Biała Podlaska,Lubelskie,city_medium,57000,5075,3882,2787,7155,3490,0.709,11.5,57.9,2047,1531,30,1154,104,3679,0.76,30.2,numbeo
2024,Biała Podlaska,Lubelskie,city_medium,57000,6069,4643,3334,8604,4242,0.705,3.6,57.8,2151,1514,31,1163,103,3700,0.9,24.9,numbeo
2010,Chełm,Lubelskie,city_medium,62000,2840,2173,1560,3224,1317,0.881,2.6,55.2,1234,981,20,713,66,2343,0.67,34.5,gus_modeled
2011,Chełm,Lubelskie,city_medium,62000,3119,2386,1713,3399,1386,0.918,4.3,55.3,1357,1009,22,744,65,2448,0.7,32.4,gus_modeled
2012,Chełm,Lubelskie,city_medium,62000,3194,2443,1754,3521,1500,0.907,3.7,54.2,1334,992,22,727,67,2423,0.72,31.1,gus_modeled
2013,Chełm,Lubelskie,city_medium,62000,3213,2458,1765,3650,1600,0.88,0.9,55.7,1407,1019,22,774,70,2502,0.71,31.7,gus_modeled
2014,Chełm,Lubelskie,city_medium,62000,3367,2576,1850,3783,1680,0.89,0.0,54.6,1393,1038,22,749,72,2498,0.74,30.8,gus_modeled
2015,Chełm,Lubelskie,city_medium,62000,3454,2642,1897,3899,1750,0.886,-0.9,55.0,1450,972,23,732,68,2429,0.78,28.1,gus_modeled
2016,Chełm,Lubelskie,city_medium,62000,3727,2851,2047,4047,1850,0.921,-0.2,55.1,1413,1029,22,785,68,2519,0.81,27.6,gus_modeled
2017,Chełm,Lubelskie,city_medium,62000,3873,2963,2127,4271,2000,0.907,2.0,56.5,1377,1053,23,768,73,2555,0.83,27.2,gus_modeled
2018,Chełm,Lubelskie,city_medium,62000,4098,3135,2251,4585,2100,0.894,1.6,55.9,1469,1060,23,774,69,2567,0.88,25.9,gus_modeled
2019,Chełm,Lubelskie,city_medium,62000,4277,3272,2349,4918,2250,0.87,2.3,55.5,1408,1117,22,800,72,2638,0.89,26.1,gus_modeled
2020,Chełm,Lubelskie,city_medium,62000,4688,3586,2575,5167,2600,0.907,3.4,55.8,1444,1148,24,852,78,2774,0.93,24.5,gus_modeled
2021,Chełm,Lubelskie,city_medium,62000,5281,4040,2901,5663,2800,0.933,5.1,57.0,1638,1224,25,863,82,2896,1.0,23.2,gus_modeled
2022,Chełm,Lubelskie,city_medium,62000,5707,4366,3135,6346,3010,0.899,14.4,56.7,1878,1399,27,992,91,3282,0.96,24.5,gus_modeled
2023,Chełm,Lubelskie,city_medium,62000,6279,4803,3449,7155,3490,0.878,11.5,57.7,1987,1451,30,1113,98,3552,0.97,23.1,gus_modeled
2024,Chełm,Lubelskie,city_medium,62000,7873,6023,4325,8604,4242,0.915,3.6,57.2,2055,1531,32,1195,101,3767,1.15,19.4,gus_modeled
2010,Puławy,Lubelskie,city_small,49000,2752,2105,1511,3224,1317,0.854,2.6,47.9,1045,788,18,664,53,2048,0.74,28.6,gus_modeled
2011,Puławy,Lubelskie,city_small,49000,2830,2165,1554,3399,1386,0.833,4.3,47.4,1058,828,20,665,56,2139,0.73,29.3,gus_modeled
2012,Puławy,Lubelskie,city_small,49000,2844,2176,1562,3521,1500,0.808,3.7,48.1,1107,832,20,682,61,2172,0.72,29.3,gus_modeled
2013,Puławy,Lubelskie,city_small,49000,3068,2347,1685,3650,1600,0.841,0.9,49.0,1180,840,19,690,58,2167,0.78,27.4,gus_modeled
2014,Puławy,Lubelskie,city_small,49000,3085,2360,1694,3783,1680,0.815,0.0,48.4,1093,823,20,717,58,2197,0.77,26.7,gus_modeled
2015,Puławy,Lubelskie,city_small,49000,3254,2489,1787,3899,1750,0.835,-0.9,48.2,1086,824,19,717,58,2176,0.82,25.3,gus_modeled
2016,Puławy,Lubelskie,city_small,49000,3267,2499,1794,4047,1850,0.807,-0.2,49.1,1123,853,19,713,58,2201,0.82,26.1,gus_modeled
2017,Puławy,Lubelskie,city_small,49000,3632,2778,1995,4271,2000,0.85,2.0,49.9,1171,835,21,691,63,2210,0.9,23.0,gus_modeled
2018,Puławy,Lubelskie,city_small,49000,3876,2965,2129,4585,2100,0.845,1.6,48.6,1173,870,21,739,60,2293,0.93,22.4,gus_modeled
2019,Puławy,Lubelskie,city_small,49000,4193,3208,2303,4918,2250,0.853,2.3,50.1,1184,921,20,726,61,2317,0.99,22.0,gus_modeled
2020,Puławy,Lubelskie,city_small,49000,4200,3213,2307,5167,2600,0.813,3.4,50.5,1209,959,22,782,65,2462,0.94,22.8,gus_modeled
2021,Puławy,Lubelskie,city_small,49000,4693,3590,2578,5663,2800,0.829,5.1,50.4,1308,960,23,783,68,2498,1.03,20.5,gus_modeled
2022,Puławy,Lubelskie,city_small,49000,5412,4140,2973,6346,3010,0.853,14.4,50.0,1407,1128,26,879,78,2865,1.04,20.8,gus_modeled
2023,Puławy,Lubelskie,city_small,49000,6135,4693,3370,7155,3490,0.857,11.5,50.7,1638,1240,30,1030,90,3250,1.04,20.2,gus_modeled
2024,Puławy,Lubelskie,city_small,49000,7173,5487,3940,8604,4242,0.834,3.6,49.9,1759,1285,30,1069,87,3341,1.18,17.9,gus_modeled
2010,Świdnik,Lubelskie,city_small,40000,2650,2027,1455,3224,1317,0.822,2.6,47.8,1010,760,18,635,54,1992,0.73,28.7,gus_modeled
2011,Świdnik,Lubelskie,city_small,40000,2862,2189,1572,3399,1386,0.842,4.3,48.0,1111,787,18,649,55,2041,0.77,27.5,gus_modeled
2012,Świdnik,Lubelskie,city_small,40000,2925,2238,1607,3521,1500,0.831,3.7,48.7,1147,816,19,680,61,2134,0.75,27.9,gus_modeled
2013,Świdnik,Lubelskie,city_small,40000,2984,2283,1639,3650,1600,0.818,0.9,47.9,1173,856,20,704,59,2218,0.74,28.7,gus_modeled
2014,Świdnik,Lubelskie,city_small,40000,3099,2371,1702,3783,1680,0.819,0.0,48.7,1075,847,19,711,61,2198,0.77,27.3,gus_modeled
2015,Świdnik,Lubelskie,city_small,40000,3218,2462,1768,3899,1750,0.825,-0.9,48.4,1140,894,19,679,60,2210,0.8,27.8,gus_modeled
2016,Świdnik,Lubelskie,city_small,40000,3478,2661,1911,4047,1850,0.859,-0.2,48.8,1112,820,20,700,58,2175,0.88,23.6,gus_modeled
2017,Świdnik,Lubelskie,city_small,40000,3513,2687,1929,4271,2000,0.823,2.0,48.9,1130,907,20,701,63,2272,0.85,25.8,gus_modeled
2018,Świdnik,Lubelskie,city_small,40000,3782,2893,2077,4585,2100,0.825,1.6,49.3,1129,902,21,704,62,2292,0.91,23.8,gus_modeled
2019,Świdnik,Lubelskie,city_small,40000,4034,3086,2216,4918,2250,0.82,2.3,49.2,1236,873,20,757,60,2299,0.96,21.6,gus_modeled
2020,Świdnik,Lubelskie,city_small,40000,4466,3416,2453,5167,2600,0.864,3.4,50.2,1270,966,22,776,67,2465,1.0,21.6,gus_modeled
2021,Świdnik,Lubelskie,city_small,40000,4847,3708,2662,5663,2800,0.856,5.1,50.2,1262,1009,23,781,70,2547,1.05,20.8,gus_modeled
2022,Świdnik,Lubelskie,city_small,40000,5344,4088,2935,6346,3010,0.842,14.4,50.4,1516,1100,27,901,78,2879,1.02,20.6,gus_modeled
2023,Świdnik,Lubelskie,city_small,40000,6106,4671,3354,7155,3490,0.853,11.5,50.4,1648,1237,28,1030,90,3207,1.05,20.3,gus_modeled
2024,Świdnik,Lubelskie,city_small,40000,7032,5379,3862,8604,4242,0.817,3.6,51.2,1647,1328,30,1017,89,3334,1.16,18.9,gus_modeled
2010,Kraśnik,Lubelskie,city_small,35000,2593,1984,1425,3224,1317,0.804,2.6,48.0,1067,815,19,628,56,2062,0.69,31.4,gus_modeled
2011,Kraśnik,Lubelskie,city_small,35000,2876,2200,1580,3399,1386,0.846,4.3,48.7,1046,838,20,684,59,2171,0.73,29.1,gus_modeled
2012,Kraśnik,Lubelskie,city_small,35000,2974,2275,1633,3521,1500,0.845,3.7,48.1,1163,882,20,690,61,2230,0.73,29.7,gus_modeled
2013,Kraśnik,Lubelskie,city_small,35000,3104,2375,1705,3650,1600,0.85,0.9,49.1,1154,896,20,702,62,2259,0.75,28.9,gus_modeled
2014,Kraśnik,Lubelskie,city_small,35000,3185,2437,1750,3783,1680,0.842,0.0,48.0,1112,853,19,691,59,2182,0.8,26.8,gus_modeled
2015,Kraśnik,Lubelskie,city_small,35000,3260,2494,1791,3899,1750,0.836,-0.9,48.4,1114,895,20,664,61,2217,0.81,27.5,gus_modeled
2016,Kraśnik,Lubelskie,city_small,35000,3453,2642,1897,4047,1850,0.853,-0.2,49.1,1107,875,20,717,57,2246,0.84,25.3,gus_modeled
2017,Kraśnik,Lubelskie,city_small,35000,3584,2742,1969,4271,2000,0.839,2.0,49.1,1174,908,20,721,62,2292,0.86,25.3,gus_modeled
2018,Kraśnik,Lubelskie,city_small,35000,3772,2886,2072,4585,2100,0.823,1.6,50.2,1184,909,21,704,63,2300,0.9,24.1,gus_modeled
2019,Kraśnik,Lubelskie,city_small,35000,4164,3185,2287,4918,2250,0.847,2.3,49.4,1126,869,21,711,61,2270,1.01,20.9,gus_modeled
2020,Kraśnik,Lubelskie,city_small,35000,4243,3246,2331,5167,2600,0.821,3.4,49.6,1185,982,22,745,64,2447,0.95,23.1,gus_modeled
2021,Kraśnik,Lubelskie,city_small,35000,4734,3622,2601,5663,2800,0.836,5.1,49.4,1238,1013,22,771,70,2521,1.03,21.4,gus_modeled
2022,Kraśnik,Lubelskie,city_small,35000,5500,4208,3021,6346,3010,0.867,14.4,49.4,1469,1136,25,909,80,2885,1.05,20.7,gus_modeled
2023,Kraśnik,Lubelskie,city_small,35000,6072,4645,3335,7155,3490,0.849,11.5,50.4,1610,1264,30,1026,84,3264,1.02,20.8,gus_modeled
2024,Kraśnik,Lubelskie,city_small,35000,7244,5542,3979,8604,4242,0.842,3.6,50.5,1734,1248,31,1036,89,3293,1.21,17.2,gus_modeled
2010,Biłgoraj,Lubelskie,town,27000,2525,1932,1387,3224,1317,0.783,2.6,42.0,847,651,15,581,43,1758,0.79,25.8,gus_modeled
2011,Biłgoraj,Lubelskie,town,27000,2697,2063,1481,3399,1386,0.793,4.3,41.6,880,681,17,642,44,1897,0.78,25.3,gus_modeled
2012,Biłgoraj,Lubelskie,town,27000,2756,2108,1514,3521,1500,0.783,3.7,41.4,867,672,17,628,47,1884,0.8,24.4,gus_modeled
2013,Biłgoraj,Lubelskie,town,27000,2802,2144,1539,3650,1600,0.768,0.9,42.1,940,675,18,638,45,1917,0.8,24.1,gus_modeled
2014,Biłgoraj,Lubelskie,town,27000,3005,2299,1651,3783,1680,0.794,0.0,42.5,918,703,18,627,47,1936,0.85,23.4,gus_modeled
2015,Biłgoraj,Lubelskie,town,27000,2965,2268,1628,3899,1750,0.76,-0.9,41.8,874,694,17,633,45,1909,0.85,23.4,gus_modeled
2016,Biłgoraj,Lubelskie,town,27000,3189,2440,1752,4047,1850,0.788,-0.2,42.1,879,709,18,653,47,1966,0.89,22.2,gus_modeled
2017,Biłgoraj,Lubelskie,town,27000,3383,2588,1858,4271,2000,0.792,2.0,42.3,914,671,17,640,47,1899,0.98,19.8,gus_modeled
2018,Biłgoraj,Lubelskie,town,27000,3568,2730,1960,4585,2100,0.778,1.6,42.5,887,717,17,689,49,1999,0.98,20.1,gus_modeled
2019,Biłgoraj,Lubelskie,town,27000,3836,2935,2107,4918,2250,0.78,2.3,43.1,911,738,18,667,47,2021,1.04,19.2,gus_modeled
2020,Biłgoraj,Lubelskie,town,27000,3905,2987,2145,5167,2600,0.756,3.4,42.8,966,722,19,689,50,2057,1.04,18.5,gus_modeled
2021,Biłgoraj,Lubelskie,town,27000,4332,3314,2379,5663,2800,0.765,5.1,43.4,1036,790,20,755,55,2227,1.07,18.2,gus_modeled
2022,Biłgoraj,Lubelskie,town,27000,5081,3887,2791,6346,3010,0.801,14.4,44.0,1181,871,21,869,61,2481,1.12,17.1,gus_modeled
2023,Biłgoraj,Lubelskie,town,27000,5444,4165,2990,7155,3490,0.761,11.5,42.9,1352,1057,26,941,69,2877,1.04,19.4,gus_modeled
2024,Biłgoraj,Lubelskie,town,27000,6957,5322,3821,8604,4242,0.809,3.6,43.9,1292,1071,27,1001,68,2980,1.28,15.4,gus_modeled
2010,Rzeszów,Podkarpackie,metropolis,200000,2959,2264,1626,3224,1317,0.918,2.6,70.3,2416,1716,28,857,94,3410,0.48,58.0,numbeo
2011,Rzeszów,Podkarpackie,metropolis,200000,2996,2292,1646,3399,1386,0.881,4.3,70.3,2406,1790,27,907,96,3523,0.47,59.7,numbeo
2012,Rzeszów,Podkarpackie,metropolis,200000,3299,2524,1812,3521,1500,0.937,3.7,70.8,2464,1792,28,948,99,3596,0.5,54.3,numbeo
2013,Rzeszów,Podkarpackie,metropolis,200000,3248,2485,1784,3650,1600,0.89,0.9,71.0,2560,1918,30,919,103,3739,0.48,59.1,numbeo
2014,Rzeszów,Podkarpackie,metropolis,200000,3415,2612,1875,3783,1680,0.903,0.0,71.0,2529,1847,29,917,101,3644,0.51,54.1,numbeo
2015,Rzeszów,Podkarpackie,metropolis,200000,3517,2691,1932,3899,1750,0.902,-0.9,70.9,2597,1774,29,931,102,3584,0.54,50.4,numbeo
2016,Rzeszów,Podkarpackie,metropolis,200000,3713,2840,2039,4047,1850,0.917,-0.2,71.8,2492,1858,30,947,101,3703,0.55,50.0,numbeo
2017,Rzeszów,Podkarpackie,metropolis,200000,3879,2967,2130,4271,2000,0.908,2.0,72.4,2433,1789,31,941,102,3653,0.58,46.1,numbeo
2018,Rzeszów,Podkarpackie,metropolis,200000,4248,3250,2334,4585,2100,0.926,1.6,72.9,2677,1830,29,973,105,3692,0.63,43.1,numbeo
2019,Rzeszów,Podkarpackie,metropolis,200000,4537,3471,2492,4918,2250,0.923,2.3,72.6,2611,1999,31,964,108,3900,0.64,44.1,numbeo
2020,Rzeszów,Podkarpackie,metropolis,200000,4778,3655,2624,5167,2600,0.925,3.4,72.2,2605,2040,33,1014,105,4035,0.65,42.7,numbeo
2021,Rzeszów,Podkarpackie,metropolis,200000,5160,3947,2834,5663,2800,0.911,5.1,72.8,2834,2049,33,1056,115,4107,0.69,39.7,numbeo
2022,Rzeszów,Podkarpackie,metropolis,200000,5970,4567,3279,6346,3010,0.941,14.4,72.8,3453,2461,38,1245,130,4856,0.68,41.2,numbeo
2023,Rzeszów,Podkarpackie,metropolis,200000,6549,5010,3597,7155,3490,0.915,11.5,73.4,3586,2787,42,1387,149,5453,0.66,42.6,numbeo
2024,Rzeszów,Podkarpackie,metropolis,200000,8166,6247,4485,8604,4242,0.949,3.6,74.3,3747,2741,43,1404,147,5452,0.82,33.6,numbeo
2010,Przemyśl,Podkarpackie,city_medium,62000,2343,1792,1287,3224,1317,0.727,2.6,53.8,1271,934,20,692,65,2274,0.57,39.9,numbeo
2011,Przemyśl,Podkarpackie,city_medium,62000,2400,1836,1318,3399,1386,0.706,4.3,53.9,1328,994,21,756,65,2425,0.54,41.4,numbeo
2012,Przemyśl,Podkarpackie,city_medium,62000,2567,1964,1410,3521,1500,0.729,3.7,54.7,1441,1037,22,749,68,2491,0.57,40.4,numbeo
2013,Przemyśl,Podkarpackie,city_medium,62000,2639,2019,1450,3650,1600,0.723,0.9,54.6,1332,1019,22,781,72,2511,0.58,38.6,numbeo
2014,Przemyśl,Podkarpackie,city_medium,62000,2693,2060,1479,3783,1680,0.712,0.0,55.6,1362,1032,22,741,71,2483,0.6,38.3,numbeo
2015,Przemyśl,Podkarpackie,city_medium,62000,2806,2147,1542,3899,1750,0.72,-0.9,55.8,1332,974,21,729,70,2390,0.65,34.7,numbeo
2016,Przemyśl,Podkarpackie,city_medium,62000,2866,2192,1574,4047,1850,0.708,-0.2,55.3,1427,1030,22,757,66,2490,0.63,35.9,numbeo
2017,Przemyśl,Podkarpackie,city_medium,62000,2971,2273,1632,4271,2000,0.696,2.0,55.8,1342,1032,23,771,69,2533,0.64,34.7,numbeo
2018,Przemyśl,Podkarpackie,city_medium,62000,3294,2520,1809,4585,2100,0.718,1.6,56.4,1437,1058,21,769,73,2524,0.72,32.1,numbeo
2019,Przemyśl,Podkarpackie,city_medium,62000,3512,2687,1929,4918,2250,0.714,2.3,55.9,1395,1060,22,791,71,2571,0.75,30.2,numbeo
2020,Przemyśl,Podkarpackie,city_medium,62000,3722,2847,2044,5167,2600,0.72,3.4,56.4,1515,1074,23,816,73,2639,0.77,28.9,numbeo
2021,Przemyśl,Podkarpackie,city_medium,62000,4112,3146,2259,5663,2800,0.726,5.1,55.9,1584,1158,24,881,78,2824,0.8,28.2,numbeo
2022,Przemyśl,Podkarpackie,city_medium,62000,4450,3404,2444,6346,3010,0.701,14.4,56.9,1812,1344,28,1005,93,3262,0.75,30.2,numbeo
2023,Przemyśl,Podkarpackie,city_medium,62000,5039,3855,2768,7155,3490,0.704,11.5,57.5,2063,1444,31,1151,103,3608,0.77,28.7,numbeo
2024,Przemyśl,Podkarpackie,city_medium,62000,6102,4668,3352,8604,4242,0.709,3.6,56.7,2168,1544,34,1118,105,3747,0.89,25.3,numbeo
2010,Mielec,Podkarpackie,city_medium,62000,2574,1969,1414,3224,1317,0.798,2.6,57.7,1340,913,21,720,65,2301,0.61,35.5,numbeo
2011,Mielec,Podkarpackie,city_medium,62000,2798,2140,1537,3399,1386,0.823,4.3,57.9,1335,947,21,756,69,2382,0.65,33.8,numbeo
2012,Mielec,Podkarpackie,city_medium,62000,2804,2145,1540,3521,1500,0.796,3.7,57.4,1355,992,22,752,68,2449,0.63,35.4,numbeo
2013,Mielec,Podkarpackie,city_medium,62000,2966,2269,1629,3650,1600,0.813,0.9,56.9,1331,1056,22,773,72,2540,0.64,35.6,numbeo
2014,Mielec,Podkarpackie,city_medium,62000,3075,2352,1689,3783,1680,0.813,0.0,58.3,1377,1009,21,788,72,2488,0.68,32.8,numbeo
2015,Mielec,Podkarpackie,city_medium,62000,3148,2408,1729,3899,1750,0.807,-0.9,57.9,1353,1001,22,757,67,2462,0.7,31.8,numbeo
2016,Mielec,Podkarpackie,city_medium,62000,3213,2458,1765,4047,1850,0.794,-0.2,57.6,1399,1058,22,768,67,2530,0.7,32.9,numbeo
2017,Mielec,Podkarpackie,city_medium,62000,3544,2711,1946,4271,2000,0.83,2.0,59.0,1462,1071,23,741,68,2541,0.77,30.2,numbeo
2018,Mielec,Podkarpackie,city_medium,62000,3749,2868,2059,4585,2100,0.818,1.6,58.6,1367,1104,24,772,72,2632,0.78,29.4,numbeo
2019,Mielec,Podkarpackie,city_medium,62000,4028,3081,2212,4918,2250,0.819,2.3,58.6,1513,1108,24,802,72,2671,0.83,27.5,numbeo
2020,Mielec,Podkarpackie,city_medium,62000,4193,3208,2303,5167,2600,0.811,3.4,58.7,1549,1119,23,840,77,2712,0.85,26.7,numbeo
2021,Mielec,Podkarpackie,city_medium,62000,4484,3430,2463,5663,2800,0.792,5.1,59.8,1589,1145,26,858,77,2827,0.87,25.5,numbeo
2022,Mielec,Podkarpackie,city_medium,62000,5106,3906,2805,6346,3010,0.805,14.4,59.2,1895,1306,30,958,92,3216,0.87,25.6,numbeo
2023,Mielec,Podkarpackie,city_medium,62000,5631,4308,3093,7155,3490,0.787,11.5,60.4,2102,1514,31,1073,99,3596,0.86,26.9,numbeo
2024,Mielec,Podkarpackie,city_medium,62000,6981,5340,3834,8604,4242,0.811,3.6,59.9,2018,1619,34,1164,104,3867,0.99,23.2,numbeo
2010,Krosno,Podkarpackie,city_small,46000,2373,1815,1303,3224,1317,0.736,2.6,54.0,1033,825,19,639,54,2081,0.63,34.8,numbeo
2011,Krosno,Podkarpackie,city_small,46000,2513,1922,1380,3399,1386,0.739,4.3,54.2,1101,801,19,649,57,2077,0.66,31.9,numbeo
2012,Krosno,Podkarpackie,city_small,46000,2566,1963,1409,3521,1500,0.729,3.7,55.1,1101,888,21,670,57,2232,0.63,34.6,numbeo
2013,Krosno,Podkarpackie,city_small,46000,2834,2168,1557,3650,1600,0.776,0.9,54.5,1083,898,21,690,62,2269,0.69,31.7,numbeo
2014,Krosno,Podkarpackie,city_small,46000,2824,2160,1551,3783,1680,0.746,0.0,54.9,1173,845,19,683,58,2165,0.72,29.9,numbeo
2015,Krosno,Podkarpackie,city_small,46000,3014,2306,1656,3899,1750,0.773,-0.9,55.2,1082,849,20,667,61,2174,0.76,28.2,numbeo
2016,Krosno,Podkarpackie,city_small,46000,3071,2349,1687,4047,1850,0.759,-0.2,55.6,1126,824,20,704,59,2184,0.77,26.8,numbeo
2017,Krosno,Podkarpackie,city_small,46000,3292,2518,1808,4271,2000,0.771,2.0,55.5,1100,909,21,680,59,2269,0.8,27.6,numbeo
2018,Krosno,Podkarpackie,city_small,46000,3396,2598,1865,4585,2100,0.741,1.6,56.6,1177,900,20,733,63,2300,0.81,26.5,numbeo
2019,Krosno,Podkarpackie,city_small,46000,3731,2854,2049,4918,2250,0.759,2.3,55.7,1171,924,22,712,61,2346,0.87,24.8,numbeo
2020,Krosno,Podkarpackie,city_small,46000,4044,3094,2221,5167,2600,0.783,3.4,57.3,1280,893,21,771,65,2365,0.94,22.1,numbeo
2021,Krosno,Podkarpackie,city_small,46000,4297,3287,2360,5663,2800,0.759,5.1,56.3,1283,999,22,777,70,2513,0.94,23.2,numbeo
2022,Krosno,Podkarpackie,city_small,46000,4754,3637,2611,6346,3010,0.749,14.4,56.7,1484,1092,25,876,76,2804,0.93,23.0,numbeo
2023,Krosno,Podkarpackie,city_small,46000,5537,4236,3041,7155,3490,0.774,11.5,58.1,1715,1251,30,977,88,3206,0.95,22.6,numbeo
2024,Krosno,Podkarpackie,city_small,46000,6531,4996,3587,8604,4242,0.759,3.6,57.9,1690,1242,30,1056,92,3290,1.09,19.0,numbeo
2010,Stalowa Wola,Podkarpackie,city_medium,64000,2843,2175,1562,3224,1317,0.882,2.6,53.8,1257,917,20,726,63,2289,0.68,32.3,gus_modeled
2011,Stalowa Wola,Podkarpackie,city_medium,64000,2997,2293,1646,3399,1386,0.882,4.3,55.1,1366,1004,21,706,67,2387,0.69,33.5,gus_modeled
2012,Stalowa Wola,Podkarpackie,city_medium,64000,3043,2328,1672,3521,1500,0.864,3.7,54.1,1434,976,22,775,68,2456,0.68,32.1,gus_modeled
2013,Stalowa Wola,Podkarpackie,city_medium,64000,3090,2364,1697,3650,1600,0.847,0.9,54.1,1412,981,23,759,67,2466,0.69,31.7,gus_modeled
2014,Stalowa Wola,Podkarpackie,city_medium,64000,3358,2569,1845,3783,1680,0.888,0.0,54.3,1448,1015,22,783,68,2505,0.74,30.2,gus_modeled
2015,Stalowa Wola,Podkarpackie,city_medium,64000,3462,2648,1901,3899,1750,0.888,-0.9,54.6,1398,1025,21,761,67,2470,0.77,29.6,gus_modeled
2016,Stalowa Wola,Podkarpackie,city_medium,64000,3540,2708,1944,4047,1850,0.875,-0.2,55.1,1418,1013,22,750,68,2468,0.79,28.6,gus_modeled
2017,Stalowa Wola,Podkarpackie,city_medium,64000,3640,2785,2000,4271,2000,0.852,2.0,55.4,1381,1071,21,789,68,2549,0.78,29.4,gus_modeled
2018,Stalowa Wola,Podkarpackie,city_medium,64000,3965,3033,2178,4585,2100,0.865,1.6,55.1,1426,1026,21,782,70,2502,0.87,25.9,gus_modeled
2019,Stalowa Wola,Podkarpackie,city_medium,64000,4183,3200,2298,4918,2250,0.851,2.3,56.4,1421,1107,23,827,76,2679,0.86,26.5,gus_modeled
2020,Stalowa Wola,Podkarpackie,city_medium,64000,4677,3578,2569,5167,2600,0.905,3.4,55.5,1572,1150,23,847,77,2750,0.93,24.6,gus_modeled
2021,Stalowa Wola,Podkarpackie,city_medium,64000,4968,3801,2729,5663,2800,0.877,5.1,56.0,1635,1159,26,899,79,2884,0.95,23.3,gus_modeled
2022,Stalowa Wola,Podkarpackie,city_medium,64000,5697,4358,3129,6346,3010,0.898,14.4,57.1,1771,1340,30,1016,93,3309,0.95,23.5,gus_modeled
2023,Stalowa Wola,Podkarpackie,city_medium,64000,6253,4784,3435,7155,3490,0.874,11.5,56.0,2062,1474,32,1091,101,3596,0.96,23.6,gus_modeled
2024,Stalowa Wola,Podkarpackie,city_medium,64000,7783,5954,4275,8604,4242,0.905,3.6,56.8,2126,1474,33,1190,108,3732,1.15,18.9,gus_modeled
2010,Tarnobrzeg,Podkarpackie,city_small,50000,2615,2000,1436,3224,1317,0.811,2.6,47.8,1009,783,18,652,56,2034,0.71,29.9,gus_modeled
2011,Tarnobrzeg,Podkarpackie,city_small,50000,2803,2144,1539,3399,1386,0.825,4.3,47.4,1067,838,20,661,56,2145,0.72,29.9,gus_modeled
2012,Tarnobrzeg,Podkarpackie,city_small,50000,2883,2205,1583,3521,1500,0.819,3.7,47.5,1089,845,21,718,58,2238,0.71,29.3,gus_modeled
2013,Tarnobrzeg,Podkarpackie,city_small,50000,2899,2218,1593,3650,1600,0.794,0.9,48.0,1103,885,19,683,60,2207,0.72,30.5,gus_modeled
2014,Tarnobrzeg,Podkarpackie,city_small,50000,3144,2405,1727,3783,1680,0.831,0.0,48.0,1144,874,20,709,58,2240,0.77,27.8,gus_modeled
2015,Tarnobrzeg,Podkarpackie,city_small,50000,3180,2433,1747,3899,1750,0.816,-0.9,49.3,1083,835,19,707,57,2176,0.8,26.3,gus_modeled
2016,Tarnobrzeg,Podkarpackie,city_small,50000,3411,2609,1873,4047,1850,0.843,-0.2,48.5,1121,850,19,674,59,2160,0.87,24.9,gus_modeled
2017,Tarnobrzeg,Podkarpackie,city_small,50000,3497,2675,1921,4271,2000,0.819,2.0,49.5,1146,904,21,681,62,2268,0.85,25.9,gus_modeled
2018,Tarnobrzeg,Podkarpackie,city_small,50000,3626,2774,1992,4585,2100,0.791,1.6,49.3,1204,849,20,694,63,2210,0.9,23.4,gus_modeled
2019,Tarnobrzeg,Podkarpackie,city_small,50000,4024,3078,2210,4918,2250,0.818,2.3,48.9,1212,908,20,755,62,2334,0.95,22.6,gus_modeled
2020,Tarnobrzeg,Podkarpackie,city_small,50000,4102,3138,2253,5167,2600,0.794,3.4,49.7,1210,892,22,746,64,2358,0.96,21.7,gus_modeled
2021,Tarnobrzeg,Podkarpackie,city_small,50000,4689,3587,2575,5663,2800,0.828,5.1,49.6,1273,969,23,804,68,2528,1.02,20.7,gus_modeled
2022,Tarnobrzeg,Podkarpackie,city_small,50000,5121,3918,2813,6346,3010,0.807,14.4,49.2,1442,1106,27,879,79,2864,0.98,21.6,gus_modeled
2023,Tarnobrzeg,Podkarpackie,city_small,50000,6086,4656,3343,7155,3490,0.851,11.5,49.7,1635,1243,30,1028,86,3247,1.03,20.4,gus_modeled
2024,Tarnobrzeg,Podkarpackie,city_small,50000,7109,5438,3904,8604,4242,0.826,3.6,49.6,1723,1302,31,1063,93,3378,1.16,18.3,gus_modeled
2010,Sanok,Podkarpackie,city_small,38000,2588,1980,1422,3224,1317,0.803,2.6,48.3,1080,803,19,645,54,2065,0.69,31.0,gus_modeled
2011,Sanok,Podkarpackie,city_small,38000,2764,2114,1518,3399,1386,0.813,4.3,47.6,1057,858,18,668,58,2134,0.71,31.0,gus_modeled
2012,Sanok,Podkarpackie,city_small,38000,2905,2222,1595,3521,1500,0.825,3.7,47.9,1092,844,20,700,61,2202,0.72,29.1,gus_modeled
2013,Sanok,Podkarpackie,city_small,38000,2948,2255,1619,3650,1600,0.808,0.9,47.6,1073,830,21,697,58,2204,0.73,28.2,gus_modeled
2014,Sanok,Podkarpackie,city_small,38000,3180,2433,1747,3783,1680,0.841,0.0,48.8,1174,870,20,672,61,2202,0.79,27.4,gus_modeled
2015,Sanok,Podkarpackie,city_small,38000,3252,2488,1786,3899,1750,0.834,-0.9,48.7,1078,887,19,707,58,2229,0.8,27.3,gus_modeled
2016,Sanok,Podkarpackie,city_small,38000,3412,2610,1874,4047,1850,0.843,-0.2,49.3,1105,854,19,676,60,2167,0.86,25.0,gus_modeled
2017,Sanok,Podkarpackie,city_small,38000,3456,2644,1898,4271,2000,0.809,2.0,48.7,1128,897,21,680,63,2261,0.84,26.0,gus_modeled
2018,Sanok,Podkarpackie,city_small,38000,3645,2788,2002,4585,2100,0.795,1.6,49.3,1151,844,19,699,63,2190,0.91,23.2,gus_modeled
2019,Sanok,Podkarpackie,city_small,38000,3954,3025,2172,4918,2250,0.804,2.3,48.5,1172,910,22,759,65,2383,0.91,23.0,gus_modeled
2020,Sanok,Podkarpackie,city_small,38000,4209,3220,2312,5167,2600,0.815,3.4,50.0,1200,919,21,734,63,2352,0.98,21.8,gus_modeled
2021,Sanok,Podkarpackie,city_small,38000,4717,3609,2591,5663,2800,0.833,5.1,48.9,1251,985,22,792,67,2511,1.03,20.9,gus_modeled
2022,Sanok,Podkarpackie,city_small,38000,5349,4092,2938,6346,3010,0.843,14.4,49.2,1403,1084,26,882,77,2823,1.04,20.3,gus_modeled
2023,Sanok,Podkarpackie,city_small,38000,5779,4421,3174,7155,3490,0.808,11.5,49.3,1566,1260,28,1013,86,3209,0.99,21.8,gus_modeled
2024,Sanok,Podkarpackie,city_small,38000,7304,5588,4012,8604,4242,0.849,3.6,50.0,1671,1340,31,1012,91,3363,1.19,18.3,gus_modeled
2010,Jasło,Podkarpackie,city_small,36000,2537,1941,1394,3224,1317,0.787,2.6,48.4,1049,780,18,616,53,1992,0.7,30.7,gus_modeled
2011,Jasło,Podkarpackie,city_small,36000,2802,2144,1539,3399,1386,0.824,4.3,48.0,1071,823,20,690,59,2162,0.71,29.4,gus_modeled
2012,Jasło,Podkarpackie,city_small,36000,2815,2153,1546,3521,1500,0.799,3.7,48.2,1139,886,19,670,58,2191,0.71,31.5,gus_modeled
2013,Jasło,Podkarpackie,city_small,36000,3018,2309,1658,3650,1600,0.827,0.9,47.5,1081,881,20,700,62,2242,0.74,29.2,gus_modeled
2014,Jasło,Podkarpackie,city_small,36000,3166,2422,1739,3783,1680,0.837,0.0,48.6,1153,864,19,697,58,2198,0.79,27.3,gus_modeled
2015,Jasło,Podkarpackie,city_small,36000,3266,2498,1794,3899,1750,0.838,-0.9,48.9,1117,863,19,717,57,2214,0.81,26.4,gus_modeled
2016,Jasło,Podkarpackie,city_small,36000,3209,2455,1763,4047,1850,0.793,-0.2,48.7,1109,845,20,688,57,2187,0.81,26.3,gus_modeled
2017,Jasło,Podkarpackie,city_small,36000,3481,2663,1912,4271,2000,0.815,2.0,48.5,1109,886,20,726,62,2275,0.84,25.5,gus_modeled
2018,Jasło,Podkarpackie,city_small,36000,3862,2954,2121,4585,2100,0.842,1.6,49.1,1139,858,21,704,63,2249,0.94,22.2,gus_modeled
2019,Jasło,Podkarpackie,city_small,36000,4055,3102,2227,4918,2250,0.825,2.3,49.4,1173,868,20,708,62,2247,0.99,21.4,gus_modeled
2020,Jasło,Podkarpackie,city_small,36000,4352,3329,2390,5167,2600,0.842,3.4,48.6,1215,898,23,742,66,2382,1.0,20.6,gus_modeled
2021,Jasło,Podkarpackie,city_small,36000,4657,3563,2558,5663,2800,0.822,5.1,49.0,1244,1027,23,821,70,2605,0.98,22.1,gus_modeled
2022,Jasło,Podkarpackie,city_small,36000,5096,3898,2799,6346,3010,0.803,14.4,50.5,1524,1085,26,924,78,2867,0.98,21.3,gus_modeled
2023,Jasło,Podkarpackie,city_small,36000,5703,4363,3133,7155,3490,0.797,11.5,49.4,1632,1289,28,997,88,3224,0.97,22.6,gus_modeled
2024,Jasło,Podkarpackie,city_small,36000,7060,5401,3878,8604,4242,0.821,3.6,50.2,1779,1344,31,1049,88,3401,1.14,19.0,gus_modeled
2010,Dębica,Podkarpackie,city_small,46000,2523,1930,1386,3224,1317,0.783,2.6,48.1,1073,781,19,635,53,2032,0.68,31.0,gus_modeled
2011,Dębica,Podkarpackie,city_small,46000,2677,2048,1470,3399,1386,0.788,4.3,48.0,1114,833,18,642,59,2084,0.71,31.1,gus_modeled
2012,Dębica,Podkarpackie,city_small,46000,2872,2197,1577,3521,1500,0.816,3.7,48.7,1121,860,19,717,61,2215,0.71,29.9,gus_modeled
2013,Dębica,Podkarpackie,city_small,46000,2981,2280,1637,3650,1600,0.817,0.9,48.9,1123,872,19,713,59,2223,0.74,29.3,gus_modeled
2014,Dębica,Podkarpackie,city_small,46000,2976,2277,1635,3783,1680,0.787,0.0,48.0,1101,837,19,681,58,2155,0.76,28.1,gus_modeled
2015,Dębica,Podkarpackie,city_small,46000,3065,2345,1684,3899,1750,0.786,-0.9,48.4,1157,843,20,687,60,2187,0.77,27.5,gus_modeled
2016,Dębica,Podkarpackie,city_small,46000,3296,2521,1810,4047,1850,0.814,-0.2,48.7,1154,828,19,691,58,2154,0.84,25.1,gus_modeled
2017,Dębica,Podkarpackie,city_small,46000,3516,2690,1931,4271,2000,0.823,2.0,49.6,1085,850,19,689,59,2179,0.89,24.2,gus_modeled
2018,Dębica,Podkarpackie,city_small,46000,3641,2785,2000,4585,2100,0.794,1.6,49.2,1215,910,21,708,64,2306,0.87,25.0,gus_modeled
2019,Dębica,Podkarpackie,city_small,46000,4024,3078,2210,4918,2250,0.818,2.3,48.7,1177,887,22,736,61,2333,0.95,22.0,gus_modeled
2020,Dębica,Podkarpackie,city_small,46000,4217,3226,2316,5167,2600,0.816,3.4,48.8,1218,927,21,734,64,2361,0.98,22.0,gus_modeled
2021,Dębica,Podkarpackie,city_small,46000,4700,3596,2582,5663,2800,0.83,5.1,49.1,1331,986,22,774,66,2493,1.04,21.0,gus_modeled
2022,Dębica,Podkarpackie,city_small,46000,5409,4138,2971,6346,3010,0.852,14.4,49.2,1527,1112,26,916,79,2887,1.03,20.6,gus_modeled
2023,Dębica,Podkarpackie,city_small,46000,6057,4634,3327,7155,3490,0.847,11.5,50.4,1630,1216,30,987,90,3183,1.05,20.1,gus_modeled
2024,Dębica,Podkarpackie,city_small,46000,7197,5506,3953,8604,4242,0.836,3.6,50.4,1628,1351,29,1064,87,3382,1.17,18.8,gus_modeled
2010,Jarosław,Podkarpackie,city_small,38000,2691,2059,1478,3224,1317,0.835,2.6,47.9,1004,808,18,624,55,2030,0.73,30.0,gus_modeled
2011,Jarosław,Podkarpackie,city_small,38000,2846,2177,1563,3399,1386,0.837,4.3,48.4,1096,841,18,675,58,2124,0.74,29.6,gus_modeled
2012,Jarosław,Podkarpackie,city_small,38000,2839,2172,1559,3521,1500,0.806,3.7,48.8,1085,842,19,670,58,2147,0.73,29.7,gus_modeled
2013,Jarosław,Podkarpackie,city_small,38000,2977,2277,1635,3650,1600,0.816,0.9,48.4,1177,852,20,674,58,2183,0.75,28.6,gus_modeled
2014,Jarosław,Podkarpackie,city_small,38000,3067,2346,1684,3783,1680,0.811,0.0,48.6,1127,905,21,683,59,2266,0.74,29.5,gus_modeled
2015,Jarosław,Podkarpackie,city_small,38000,3094,2367,1700,3899,1750,0.794,-0.9,49.0,1124,860,19,670,60,2167,0.78,27.8,gus_modeled
2016,Jarosław,Podkarpackie,city_small,38000,3245,2482,1782,4047,1850,0.802,-0.2,48.2,1072,814,19,681,59,2131,0.84,25.1,gus_modeled
2017,Jarosław,Podkarpackie,city_small,38000,3390,2593,1862,4271,2000,0.794,2.0,49.5,1133,850,20,710,59,2220,0.84,25.1,gus_modeled
2018,Jarosław,Podkarpackie,city_small,38000,3762,2878,2066,4585,2100,0.821,1.6,48.4,1208,843,20,730,62,2239,0.92,22.4,gus_modeled
2019,Jarosław,Podkarpackie,city_small,38000,3968,3036,2180,4918,2250,0.807,2.3,49.2,1222,930,21,703,65,2327,0.94,23.4,gus_modeled
2020,Jarosław,Podkarpackie,city_small,38000,4276,3271,2349,5167,2600,0.828,3.4,49.7,1264,894,21,780,66,2376,0.99,20.9,gus_modeled
2021,Jarosław,Podkarpackie,city_small,38000,4619,3534,2537,5663,2800,0.816,5.1,49.3,1317,987,23,821,69,2564,0.99,21.4,gus_modeled
2022,Jarosław,Podkarpackie,city_small,38000,5157,3945,2833,6346,3010,0.813,14.4,49.6,1497,1174,25,875,76,2885,0.98,22.8,gus_modeled
2023,Jarosław,Podkarpackie,city_small,38000,6001,4591,3296,7155,3490,0.839,11.5,50.1,1683,1207,30,1024,88,3209,1.03,20.1,gus_modeled
2024,Jarosław,Podkarpackie,city_small,38000,7059,5400,3877,8604,4242,0.82,3.6,50.9,1717,1345,30,1009,94,3348,1.16,19.1,gus_modeled
2010,Nisko,Podkarpackie,town,16000,2425,1855,1332,3224,1317,0.752,2.6,41.9,789,617,16,604,42,1766,0.75,25.4,gus_modeled
2011,Nisko,Podkarpackie,town,16000,2590,1981,1422,3399,1386,0.762,4.3,41.7,846,634,16,633,43,1820,0.78,24.5,gus_modeled
2012,Nisko,Podkarpackie,town,16000,2719,2080,1493,3521,1500,0.772,3.7,42.3,907,706,17,621,45,1909,0.78,26.0,gus_modeled
2013,Nisko,Podkarpackie,town,16000,2783,2129,1529,3650,1600,0.762,0.9,40.9,925,692,18,640,46,1937,0.79,24.9,gus_modeled
2014,Nisko,Podkarpackie,town,16000,2786,2131,1530,3783,1680,0.736,0.0,41.1,880,719,17,674,47,1979,0.77,25.8,gus_modeled
2015,Nisko,Podkarpackie,town,16000,3042,2327,1671,3899,1750,0.78,-0.9,42.2,849,682,16,652,47,1898,0.88,22.4,gus_modeled
2016,Nisko,Podkarpackie,town,16000,2982,2281,1638,4047,1850,0.737,-0.2,42.6,859,723,17,626,47,1933,0.85,24.2,gus_modeled
2017,Nisko,Podkarpackie,town,16000,3152,2411,1731,4271,2000,0.738,2.0,41.7,888,730,17,682,47,2000,0.87,23.2,gus_modeled
2018,Nisko,Podkarpackie,town,16000,3470,2655,1906,4585,2100,0.757,1.6,42.6,946,679,18,647,49,1939,0.98,19.6,gus_modeled
2019,Nisko,Podkarpackie,town,16000,3715,2842,2041,4918,2250,0.755,2.3,42.5,927,708,18,673,50,2000,1.02,19.1,gus_modeled
2020,Nisko,Podkarpackie,town,16000,3986,3049,2189,5167,2600,0.771,3.4,43.5,996,727,18,711,49,2063,1.06,18.2,gus_modeled
2021,Nisko,Podkarpackie,town,16000,4210,3221,2313,5663,2800,0.743,5.1,42.2,1029,809,21,745,54,2255,1.03,19.2,gus_modeled
2022,Nisko,Podkarpackie,town,16000,4708,3602,2586,6346,3010,0.742,14.4,42.4,1206,940,22,847,60,2547,1.02,20.0,gus_modeled
2023,Nisko,Podkarpackie,town,16000,5306,4059,2914,7155,3490,0.742,11.5,43.1,1343,977,24,949,69,2765,1.05,18.4,gus_modeled
2024,Nisko,Podkarpackie,town,16000,6792,5196,3731,8604,4242,0.789,3.6,43.2,1394,1048,27,979,68,2935,1.27,15.4,gus_modeled
2010,Białystok,Podlaskie,metropolis,295000,2986,2284,1640,3224,1317,0.926,2.6,68.6,2256,1705,28,885,94,3427,0.48,57.1,numbeo
2011,Białystok,Podlaskie,metropolis,295000,3019,2310,1659,3399,1386,0.888,4.3,69.2,2361,1859,27,867,93,3549,0.47,61.6,numbeo
2012,Białystok,Podlaskie,metropolis,295000,3228,2469,1773,3521,1500,0.917,3.7,69.9,2562,1806,29,958,96,3637,0.49,55.9,numbeo
2013,Białystok,Podlaskie,metropolis,295000,3361,2571,1846,3650,1600,0.921,0.9,69.7,2539,1875,31,907,102,3703,0.5,55.8,numbeo
2014,Białystok,Podlaskie,metropolis,295000,3438,2630,1888,3783,1680,0.909,0.0,71.1,2579,1832,29,913,102,3626,0.52,53.3,numbeo
2015,Białystok,Podlaskie,metropolis,295000,3576,2736,1964,3899,1750,0.917,-0.9,70.0,2443,1757,30,888,99,3541,0.55,49.1,numbeo
2016,Białystok,Podlaskie,metropolis,295000,3790,2899,2081,4047,1850,0.936,-0.2,70.2,2482,1783,29,936,95,3591,0.58,47.0,numbeo
2017,Białystok,Podlaskie,metropolis,295000,3968,3036,2180,4271,2000,0.929,2.0,71.5,2513,1896,30,960,102,3759,0.58,47.8,numbeo
2018,Białystok,Podlaskie,metropolis,295000,4024,3078,2210,4585,2100,0.878,1.6,70.6,2584,1871,30,925,105,3705,0.6,46.5,numbeo
2019,Białystok,Podlaskie,metropolis,295000,4514,3453,2479,4918,2250,0.918,2.3,72.3,2582,2040,33,938,103,3950,0.63,45.2,numbeo
2020,Białystok,Podlaskie,metropolis,295000,4806,3677,2640,5167,2600,0.93,3.4,72.2,2639,1952,33,985,110,3923,0.67,40.6,numbeo
2021,Białystok,Podlaskie,metropolis,295000,5009,3832,2751,5663,2800,0.885,5.1,71.8,2989,2018,34,1037,110,4072,0.68,40.3,numbeo
2022,Białystok,Podlaskie,metropolis,295000,6000,4590,3296,6346,3010,0.945,14.4,71.9,3221,2413,39,1181,132,4766,0.69,40.2,numbeo
2023,Białystok,Podlaskie,metropolis,295000,6736,5153,3700,7155,3490,0.941,11.5,73.0,3840,2773,43,1326,146,5395,0.69,41.2,numbeo
2024,Białystok,Podlaskie,metropolis,295000,8004,6123,4396,8604,4242,0.93,3.6,72.4,3920,2753,45,1443,146,5542,0.79,34.4,numbeo
2010,Suwałki,Podlaskie,city_medium,70000,2566,1963,1409,3224,1317,0.796,2.6,55.0,1258,984,19,688,62,2297,0.61,38.3,numbeo
2011,Suwałki,Podlaskie,city_medium,70000,2797,2140,1537,3399,1386,0.823,4.3,54.6,1312,986,22,743,67,2426,0.63,35.3,numbeo
2012,Suwałki,Podlaskie,city_medium,70000,2775,2123,1524,3521,1500,0.788,3.7,55.4,1402,977,23,727,66,2427,0.63,35.2,numbeo
2013,Suwałki,Podlaskie,city_medium,70000,2841,2173,1560,3650,1600,0.778,0.9,55.0,1392,1070,22,759,68,2536,0.62,37.7,numbeo
2014,Suwałki,Podlaskie,city_medium,70000,2937,2247,1613,3783,1680,0.776,0.0,56.2,1410,996,21,738,68,2421,0.67,33.9,numbeo
2015,Suwałki,Podlaskie,city_medium,70000,3221,2464,1769,3899,1750,0.826,-0.9,55.1,1367,1000,21,780,71,2468,0.72,31.0,numbeo
2016,Suwałki,Podlaskie,city_medium,70000,3262,2495,1791,4047,1850,0.806,-0.2,55.8,1438,1058,22,732,68,2495,0.72,32.4,numbeo
2017,Suwałki,Podlaskie,city_medium,70000,3375,2582,1854,4271,2000,0.79,2.0,55.5,1378,1000,23,745,68,2474,0.75,29.6,numbeo
2018,Suwałki,Podlaskie,city_medium,70000,3729,2853,2048,4585,2100,0.813,1.6,56.4,1407,1097,22,801,71,2613,0.78,29.4,numbeo
2019,Suwałki,Podlaskie,city_medium,70000,4005,3064,2200,4918,2250,0.814,2.3,56.5,1441,1055,23,807,73,2604,0.84,26.3,numbeo
2020,Suwałki,Podlaskie,city_medium,70000,4036,3088,2217,5167,2600,0.781,3.4,56.7,1558,1117,24,807,78,2698,0.82,27.7,numbeo
2021,Suwałki,Podlaskie,city_medium,70000,4484,3430,2463,5663,2800,0.792,5.1,56.9,1636,1160,24,900,82,2849,0.86,25.9,numbeo
2022,Suwałki,Podlaskie,city_medium,70000,5234,4004,2875,6346,3010,0.825,14.4,57.3,1778,1360,30,1018,90,3328,0.86,26.0,numbeo
2023,Suwałki,Podlaskie,city_medium,70000,5965,4563,3276,7155,3490,0.834,11.5,57.3,2106,1521,31,1130,101,3662,0.89,25.5,numbeo
2024,Suwałki,Podlaskie,city_medium,70000,7083,5418,3890,8604,4242,0.823,3.6,57.4,2020,1565,34,1180,108,3833,1.01,22.1,numbeo
2010,Łomża,Podlaskie,city_medium,63000,2330,1782,1279,3224,1317,0.723,2.6,54.2,1296,946,21,715,64,2328,0.55,40.6,numbeo
2011,Łomża,Podlaskie,city_medium,63000,2550,1951,1401,3399,1386,0.75,4.3,55.4,1345,974,20,728,68,2360,0.59,38.2,numbeo
2012,Łomża,Podlaskie,city_medium,63000,2697,2063,1481,3521,1500,0.766,3.7,54.6,1384,973,21,744,67,2401,0.62,36.1,numbeo
2013,Łomża,Podlaskie,city_medium,63000,2623,2007,1441,3650,1600,0.719,0.9,54.7,1337,1044,22,734,68,2485,0.58,39.8,numbeo
2014,Łomża,Podlaskie,city_medium,63000,2808,2148,1542,3783,1680,0.742,0.0,56.1,1423,1033,22,757,72,2501,0.62,36.8,numbeo
2015,Łomża,Podlaskie,city_medium,63000,2989,2287,1642,3899,1750,0.767,-0.9,55.5,1375,1064,21,766,67,2514,0.65,35.6,numbeo
2016,Łomża,Podlaskie,city_medium,63000,2968,2271,1631,4047,1850,0.733,-0.2,56.6,1360,994,21,741,71,2423,0.67,33.5,numbeo
2017,Łomża,Podlaskie,city_medium,63000,3147,2407,1728,4271,2000,0.737,2.0,56.6,1414,996,22,747,70,2454,0.7,31.6,numbeo
2018,Łomża,Podlaskie,city_medium,63000,3328,2546,1828,4585,2100,0.726,1.6,57.3,1472,1026,22,786,69,2525,0.72,30.8,numbeo
2019,Łomża,Podlaskie,city_medium,63000,3729,2853,2048,4918,2250,0.758,2.3,56.2,1397,1072,23,831,71,2643,0.77,28.7,numbeo
2020,Łomża,Podlaskie,city_medium,63000,3972,3039,2182,5167,2600,0.769,3.4,57.4,1477,1164,23,809,75,2724,0.8,29.3,numbeo
2021,Łomża,Podlaskie,city_medium,63000,4376,3348,2404,5663,2800,0.773,5.1,56.5,1664,1159,25,866,77,2829,0.85,26.5,numbeo
2022,Łomża,Podlaskie,city_medium,63000,4791,3665,2631,6346,3010,0.755,14.4,56.7,1878,1342,28,1033,93,3288,0.8,28.0,numbeo
2023,Łomża,Podlaskie,city_medium,63000,5586,4273,3068,7155,3490,0.781,11.5,58.0,1966,1564,32,1103,105,3702,0.83,28.0,numbeo
2024,Łomża,Podlaskie,city_medium,63000,6324,4838,3474,8604,4242,0.735,3.6,57.4,2155,1624,34,1182,105,3891,0.89,25.7,numbeo
2010,Augustów,Podlaskie,city_small,31000,2374,1816,1304,3224,1317,0.736,2.6,48.5,1017,803,18,644,57,2047,0.64,33.8,numbeo
2011,Augustów,Podlaskie,city_small,31000,2498,1911,1372,3399,1386,0.735,4.3,48.4,1082,843,19,662,57,2132,0.64,33.7,numbeo
2012,Augustów,Podlaskie,city_small,31000,2574,1969,1414,3521,1500,0.731,3.7,49.4,1168,843,20,714,59,2213,0.64,32.8,numbeo
2013,Augustów,Podlaskie,city_small,31000,2683,2052,1473,3650,1600,0.735,0.9,49.4,1166,847,21,716,59,2241,0.66,31.6,numbeo
2014,Augustów,Podlaskie,city_small,31000,2768,2118,1521,3783,1680,0.732,0.0,48.6,1109,831,20,675,60,2165,0.7,30.0,numbeo
2015,Augustów,Podlaskie,city_small,31000,2898,2217,1592,3899,1750,0.743,-0.9,49.5,1128,835,19,679,60,2151,0.74,28.8,numbeo
2016,Augustów,Podlaskie,city_small,31000,2969,2271,1631,4047,1850,0.734,-0.2,49.1,1090,874,19,701,58,2210,0.74,29.4,numbeo
2017,Augustów,Podlaskie,city_small,31000,3201,2449,1758,4271,2000,0.749,2.0,49.7,1140,854,20,720,62,2237,0.79,26.7,numbeo
2018,Augustów,Podlaskie,city_small,31000,3402,2603,1869,4585,2100,0.742,1.6,49.8,1162,910,20,739,63,2316,0.81,26.7,numbeo
2019,Augustów,Podlaskie,city_small,31000,3598,2752,1976,4918,2250,0.732,2.3,50.3,1151,925,21,741,63,2358,0.84,25.7,numbeo
2020,Augustów,Podlaskie,city_small,31000,3729,2853,2048,5167,2600,0.722,3.4,49.7,1258,919,22,733,66,2374,0.86,24.6,numbeo
2021,Augustów,Podlaskie,city_small,31000,4062,3107,2231,5663,2800,0.717,5.1,50.9,1323,952,22,795,67,2481,0.9,23.4,numbeo
2022,Augustów,Podlaskie,city_small,31000,4561,3489,2505,6346,3010,0.719,14.4,50.7,1409,1114,25,909,78,2861,0.88,24.4,numbeo
2023,Augustów,Podlaskie,city_small,31000,5286,4044,2904,7155,3490,0.739,11.5,50.0,1598,1235,29,1031,85,3221,0.9,23.4,numbeo
2024,Augustów,Podlaskie,city_small,31000,6487,4963,3563,8604,4242,0.754,3.6,51.3,1748,1312,31,1030,89,3351,1.06,20.2,numbeo
2010,Grajewo,Podlaskie,city_small,22000,2804,2145,1540,3224,1317,0.87,2.6,48.2,1031,805,18,627,54,2029,0.76,28.7,gus_modeled
2011,Grajewo,Podlaskie,city_small,22000,2873,2198,1578,3399,1386,0.845,4.3,47.9,1090,850,19,684,57,2161,0.73,29.6,gus_modeled
2012,Grajewo,Podlaskie,city_small,22000,3052,2335,1677,3521,1500,0.867,3.7,49.4,1144,874,19,670,61,2182,0.77,28.6,gus_modeled
2013,Grajewo,Podlaskie,city_small,22000,3071,2349,1687,3650,1600,0.841,0.9,49.4,1087,832,19,707,59,2177,0.77,27.1,gus_modeled
2014,Grajewo,Podlaskie,city_small,22000,3213,2458,1765,3783,1680,0.849,0.0,48.8,1140,829,19,671,61,2140,0.82,25.8,gus_modeled
2015,Grajewo,Podlaskie,city_small,22000,3213,2458,1765,3899,1750,0.824,-0.9,49.4,1071,891,20,696,61,2245,0.79,27.7,gus_modeled
2016,Grajewo,Podlaskie,city_small,22000,3481,2663,1912,4047,1850,0.86,-0.2,49.7,1137,876,20,666,59,2198,0.87,25.2,gus_modeled
2017,Grajewo,Podlaskie,city_small,22000,3767,2882,2069,4271,2000,0.882,2.0,49.9,1179,853,20,718,61,2233,0.93,22.6,gus_modeled
2018,Grajewo,Podlaskie,city_small,22000,3977,3042,2184,4585,2100,0.867,1.6,50.1,1137,866,20,719,62,2251,0.97,21.8,gus_modeled
2019,Grajewo,Podlaskie,city_small,22000,4188,3204,2300,4918,2250,0.852,2.3,50.5,1135,891,20,743,63,2306,1.0,21.3,gus_modeled
2020,Grajewo,Podlaskie,city_small,22000,4353,3330,2391,5167,2600,0.842,3.4,50.2,1210,909,22,740,66,2371,1.01,20.9,gus_modeled
2021,Grajewo,Podlaskie,city_small,22000,4887,3739,2685,5663,2800,0.863,5.1,51.0,1303,975,23,805,69,2536,1.06,20.0,gus_modeled
2022,Grajewo,Podlaskie,city_small,22000,5338,4084,2932,6346,3010,0.841,14.4,51.0,1470,1129,26,923,75,2907,1.01,21.2,gus_modeled
2023,Grajewo,Podlaskie,city_small,22000,6115,4678,3359,7155,3490,0.855,11.5,51.3,1644,1219,29,989,84,3162,1.06,19.9,gus_modeled
2024,Grajewo,Podlaskie,city_small,22000,7511,5746,4126,8604,4242,0.873,3.6,51.5,1770,1240,29,1056,88,3264,1.26,16.5,gus_modeled
2010,Bielsk Podlaski,Podlaskie,town,27000,2604,1992,1430,3224,1317,0.808,2.6,42.4,829,649,15,594,44,1770,0.81,24.9,gus_modeled
2011,Bielsk Podlaski,Podlaskie,town,27000,2742,2098,1506,3399,1386,0.807,4.3,41.9,887,637,16,632,45,1824,0.83,23.2,gus_modeled
2012,Bielsk Podlaski,Podlaskie,town,27000,2827,2163,1553,3521,1500,0.803,3.7,42.3,896,678,17,632,46,1893,0.82,24.0,gus_modeled
2013,Bielsk Podlaski,Podlaskie,town,27000,2796,2139,1536,3650,1600,0.766,0.9,42.2,909,703,17,668,46,1956,0.79,25.1,gus_modeled
2014,Bielsk Podlaski,Podlaskie,town,27000,3068,2347,1685,3783,1680,0.811,0.0,43.0,881,709,17,649,46,1943,0.87,23.1,gus_modeled
2015,Bielsk Podlaski,Podlaskie,town,27000,3136,2399,1722,3899,1750,0.804,-0.9,42.2,858,704,17,636,46,1923,0.9,22.4,gus_modeled
2016,Bielsk Podlaski,Podlaskie,town,27000,3185,2437,1750,4047,1850,0.787,-0.2,42.0,897,721,17,665,48,1971,0.89,22.6,gus_modeled
2017,Bielsk Podlaski,Podlaskie,town,27000,3374,2581,1853,4271,2000,0.79,2.0,43.2,945,714,18,644,47,1966,0.94,21.2,gus_modeled
2018,Bielsk Podlaski,Podlaskie,town,27000,3758,2875,2064,4585,2100,0.82,1.6,43.4,944,682,18,686,48,1980,1.04,18.1,gus_modeled
2019,Bielsk Podlaski,Podlaskie,town,27000,3842,2939,2110,4918,2250,0.781,2.3,43.2,957,703,18,679,49,2000,1.05,18.3,gus_modeled
2020,Bielsk Podlaski,Podlaskie,town,27000,4170,3190,2290,5167,2600,0.807,3.4,42.9,962,776,18,728,50,2130,1.08,18.6,gus_modeled
2021,Bielsk Podlaski,Podlaskie,town,27000,4629,3541,2542,5663,2800,0.817,5.1,44.2,983,778,19,748,52,2185,1.16,16.8,gus_modeled
2022,Bielsk Podlaski,Podlaskie,town,27000,5208,3984,2861,6346,3010,0.821,14.4,43.3,1165,935,22,876,63,2574,1.11,18.0,gus_modeled
2023,Bielsk Podlaski,Podlaskie,town,27000,5908,4520,3245,7155,3490,0.826,11.5,43.6,1361,1010,26,975,70,2865,1.13,17.1,gus_modeled
2024,Bielsk Podlaski,Podlaskie,town,27000,7081,5417,3889,8604,4242,0.823,3.6,43.9,1333,1042,25,980,71,2893,1.34,14.7,gus_modeled
2010,Hajnówka,Podlaskie,town,21000,2493,1907,1369,3224,1317,0.773,2.6,41.8,817,613,15,582,42,1720,0.8,24.6,gus_modeled
2011,Hajnówka,Podlaskie,town,21000,2608,1995,1432,3399,1386,0.767,4.3,42.3,890,657,17,643,44,1874,0.76,25.2,gus_modeled
2012,Hajnówka,Podlaskie,town,21000,2680,2050,1472,3521,1500,0.761,3.7,41.7,870,700,18,628,47,1932,0.76,26.1,gus_modeled
2013,Hajnówka,Podlaskie,town,21000,2871,2196,1577,3650,1600,0.787,0.9,42.1,900,679,18,667,45,1950,0.81,23.7,gus_modeled
2014,Hajnówka,Podlaskie,town,21000,3061,2342,1682,3783,1680,0.809,0.0,42.0,868,687,17,643,48,1917,0.88,22.4,gus_modeled
2015,Hajnówka,Podlaskie,town,21000,3170,2425,1741,3899,1750,0.813,-0.9,43.1,898,702,17,660,46,1945,0.9,22.1,gus_modeled
2016,Hajnówka,Podlaskie,town,21000,3267,2499,1794,4047,1850,0.807,-0.2,42.2,854,688,16,623,46,1874,0.96,21.1,gus_modeled
2017,Hajnówka,Podlaskie,town,21000,3407,2606,1871,4271,2000,0.798,2.0,42.4,890,676,17,678,46,1941,0.96,19.8,gus_modeled
2018,Hajnówka,Podlaskie,town,21000,3523,2695,1935,4585,2100,0.768,1.6,43.6,931,695,17,644,47,1930,1.0,19.7,gus_modeled
2019,Hajnówka,Podlaskie,town,21000,4027,3081,2212,4918,2250,0.819,2.3,43.7,909,758,19,695,50,2092,1.06,18.8,gus_modeled
2020,Hajnówka,Podlaskie,town,21000,4055,3102,2227,5167,2600,0.785,3.4,42.6,1015,776,19,682,52,2106,1.06,19.1,gus_modeled
2021,Hajnówka,Podlaskie,town,21000,4426,3386,2431,5663,2800,0.782,5.1,42.9,1021,808,19,748,54,2217,1.1,18.3,gus_modeled
2022,Hajnówka,Podlaskie,town,21000,5028,3846,2761,6346,3010,0.792,14.4,43.6,1226,918,23,881,61,2580,1.07,18.3,gus_modeled
2023,Hajnówka,Podlaskie,town,21000,5685,4349,3123,7155,3490,0.795,11.5,43.9,1304,973,24,936,69,2748,1.14,17.1,gus_modeled
2024,Hajnówka,Podlaskie,town,21000,7051,5394,3873,8604,4242,0.82,3.6,43.5,1338,1000,25,976,73,2849,1.36,14.2,gus_modeled
2010,Giżycko,Podlaskie,town,30000,2419,1851,1329,3224,1317,0.75,2.6,41.0,788,636,16,593,42,1774,0.75,26.3,numbeo
2011,Giżycko,Podlaskie,town,30000,2597,1987,1427,3399,1386,0.764,4.3,41.5,817,697,16,597,44,1848,0.77,26.8,numbeo
2012,Giżycko,Podlaskie,town,30000,2671,2043,1467,3521,1500,0.759,3.7,41.5,925,717,18,637,46,1957,0.75,26.8,numbeo
2013,Giżycko,Podlaskie,town,30000,2665,2039,1464,3650,1600,0.73,0.9,42.2,873,681,17,630,46,1896,0.77,25.6,numbeo
2014,Giżycko,Podlaskie,town,30000,2953,2259,1622,3783,1680,0.781,0.0,42.0,886,714,16,669,48,1950,0.83,24.2,numbeo
2015,Giżycko,Podlaskie,town,30000,2995,2291,1645,3899,1750,0.768,-0.9,43.2,867,709,18,661,47,1974,0.83,23.7,numbeo
2016,Giżycko,Podlaskie,town,30000,3161,2418,1736,4047,1850,0.781,-0.2,42.6,846,712,17,662,48,1959,0.89,22.5,numbeo
2017,Giżycko,Podlaskie,town,30000,3182,2434,1748,4271,2000,0.745,2.0,42.1,865,676,18,681,47,1965,0.89,21.2,numbeo
2018,Giżycko,Podlaskie,town,30000,3451,2640,1896,4585,2100,0.753,1.6,43.3,931,689,18,691,48,1992,0.95,20.0,numbeo
2019,Giżycko,Podlaskie,town,30000,3796,2904,2085,4918,2250,0.772,2.3,43.4,906,732,18,700,50,2051,1.02,19.3,numbeo
2020,Giżycko,Podlaskie,town,30000,3985,3049,2189,5167,2600,0.771,3.4,43.9,989,743,18,712,51,2082,1.05,18.6,numbeo
2021,Giżycko,Podlaskie,town,30000,4449,3403,2443,5663,2800,0.786,5.1,42.8,991,792,20,763,51,2233,1.09,17.8,numbeo
2022,Giżycko,Podlaskie,town,30000,4931,3772,2708,6346,3010,0.777,14.4,44.3,1196,921,21,816,59,2476,1.09,18.7,numbeo
2023,Giżycko,Podlaskie,town,30000,5621,4300,3087,7155,3490,0.786,11.5,43.6,1294,1016,25,931,67,2804,1.1,18.1,numbeo
2024,Giżycko,Podlaskie,town,30000,6780,5187,3724,8604,4242,0.788,3.6,44.0,1380,1060,26,977,69,2926,1.27,15.6,numbeo
2010,Olsztyn,Warmińsko-Mazurskie,city_large,170000,2818,2156,1548,3224,1317,0.874,2.6,60.1,1639,1140,23,767,73,2623,0.59,40.5,numbeo
2011,Olsztyn,Warmińsko-Mazurskie,city_large,170000,2864,2191,1573,3399,1386,0.843,4.3,61.4,1698,1241,24,806,77,2794,0.56,43.3,numbeo
2012,Olsztyn,Warmińsko-Mazurskie,city_large,170000,3073,2351,1688,3521,1500,0.873,3.7,61.9,1782,1307,25,837,77,2918,0.58,42.5,numbeo
2013,Olsztyn,Warmińsko-Mazurskie,city_large,170000,3020,2310,1659,3650,1600,0.827,0.9,61.1,1749,1284,25,800,80,2863,0.58,42.5,numbeo
2014,Olsztyn,Warmińsko-Mazurskie,city_large,170000,3211,2456,1763,3783,1680,0.849,0.0,61.6,1664,1247,26,803,81,2850,0.62,38.8,numbeo
2015,Olsztyn,Warmińsko-Mazurskie,city_large,170000,3368,2577,1850,3899,1750,0.864,-0.9,62.6,1699,1287,25,819,77,2880,0.64,38.2,numbeo
2016,Olsztyn,Warmińsko-Mazurskie,city_large,170000,3412,2610,1874,4047,1850,0.843,-0.2,62.6,1766,1287,24,824,79,2867,0.65,37.7,numbeo
2017,Olsztyn,Warmińsko-Mazurskie,city_large,170000,3652,2794,2006,4271,2000,0.855,2.0,63.1,1792,1269,26,823,82,2895,0.69,34.7,numbeo
2018,Olsztyn,Warmińsko-Mazurskie,city_large,170000,3788,2898,2081,4585,2100,0.826,1.6,63.4,1745,1313,25,861,80,2958,0.7,34.7,numbeo
2019,Olsztyn,Warmińsko-Mazurskie,city_large,170000,4281,3275,2351,4918,2250,0.87,2.3,62.4,1830,1318,27,841,86,2994,0.79,30.8,numbeo
2020,Olsztyn,Warmińsko-Mazurskie,city_large,170000,4303,3292,2364,5167,2600,0.833,3.4,62.4,1927,1412,28,923,83,3194,0.74,32.8,numbeo
2021,Olsztyn,Warmińsko-Mazurskie,city_large,170000,4818,3686,2647,5663,2800,0.851,5.1,63.9,1987,1502,30,923,94,3346,0.79,31.2,numbeo
2022,Olsztyn,Warmińsko-Mazurskie,city_large,170000,5606,4289,3080,6346,3010,0.883,14.4,62.9,2184,1581,32,1055,101,3637,0.85,28.2,numbeo
2023,Olsztyn,Warmińsko-Mazurskie,city_large,170000,6159,4712,3383,7155,3490,0.861,11.5,64.4,2542,1924,35,1210,120,4244,0.8,31.2,numbeo
2024,Olsztyn,Warmińsko-Mazurskie,city_large,170000,7143,5464,3923,8604,4242,0.83,3.6,64.6,2697,1924,38,1270,119,4373,0.9,26.9,numbeo
2010,Elbląg,Warmińsko-Mazurskie,city_large,119000,2552,1952,1402,3224,1317,0.792,2.6,63.5,1610,1153,24,786,72,2674,0.52,45.2,numbeo
2011,Elbląg,Warmińsko-Mazurskie,city_large,119000,2618,2003,1438,3399,1386,0.77,4.3,62.5,1679,1241,25,821,77,2829,0.51,47.4,numbeo
2012,Elbląg,Warmińsko-Mazurskie,city_large,119000,2736,2093,1503,3521,1500,0.777,3.7,63.9,1639,1246,25,815,78,2836,0.53,45.5,numbeo
2013,Elbląg,Warmińsko-Mazurskie,city_large,119000,2875,2199,1579,3650,1600,0.788,0.9,63.4,1791,1305,26,830,81,2935,0.54,45.4,numbeo
2014,Elbląg,Warmińsko-Mazurskie,city_large,119000,3043,2328,1672,3783,1680,0.804,0.0,63.3,1652,1224,25,799,79,2801,0.6,40.2,numbeo
2015,Elbląg,Warmińsko-Mazurskie,city_large,119000,3140,2402,1725,3899,1750,0.805,-0.9,63.4,1634,1217,26,807,82,2823,0.61,38.8,numbeo
2016,Elbląg,Warmińsko-Mazurskie,city_large,119000,3271,2502,1796,4047,1850,0.808,-0.2,64.4,1658,1305,26,793,78,2893,0.62,39.9,numbeo
2017,Elbląg,Warmińsko-Mazurskie,city_large,119000,3311,2533,1819,4271,2000,0.775,2.0,64.7,1664,1276,25,821,79,2877,0.63,38.5,numbeo
2018,Elbląg,Warmińsko-Mazurskie,city_large,119000,3651,2793,2005,4585,2100,0.796,1.6,64.6,1773,1330,25,863,81,2978,0.67,36.4,numbeo
2019,Elbląg,Warmińsko-Mazurskie,city_large,119000,3985,3049,2189,4918,2250,0.81,2.3,64.8,1848,1304,26,883,86,3002,0.73,32.7,numbeo
2020,Elbląg,Warmińsko-Mazurskie,city_large,119000,4210,3221,2313,5167,2600,0.815,3.4,65.3,1807,1305,26,908,87,3036,0.76,31.0,numbeo
2021,Elbląg,Warmińsko-Mazurskie,city_large,119000,4424,3384,2430,5663,2800,0.781,5.1,65.9,2000,1366,29,958,87,3218,0.76,30.9,numbeo
2022,Elbląg,Warmińsko-Mazurskie,city_large,119000,5028,3846,2761,6346,3010,0.792,14.4,65.3,2157,1648,34,1107,106,3801,0.73,32.8,numbeo
2023,Elbląg,Warmińsko-Mazurskie,city_large,119000,5893,4508,3237,7155,3490,0.824,11.5,66.1,2469,1796,37,1241,114,4181,0.77,30.5,numbeo
2024,Elbląg,Warmińsko-Mazurskie,city_large,119000,7062,5402,3879,8604,4242,0.821,3.6,66.4,2490,1907,39,1236,117,4340,0.89,27.0,numbeo
2010,Ełk,Warmińsko-Mazurskie,city_medium,60000,2472,1891,1358,3224,1317,0.767,2.6,54.3,1261,928,19,676,64,2231,0.61,37.5,numbeo
2011,Ełk,Warmińsko-Mazurskie,city_medium,60000,2521,1929,1385,3399,1386,0.742,4.3,55.4,1346,1016,20,702,69,2377,0.58,40.3,numbeo
2012,Ełk,Warmińsko-Mazurskie,city_medium,60000,2660,2035,1461,3521,1500,0.755,3.7,55.5,1447,1052,23,758,72,2539,0.58,39.5,numbeo
2013,Ełk,Warmińsko-Mazurskie,city_medium,60000,2715,2077,1491,3650,1600,0.744,0.9,54.9,1336,994,23,772,69,2494,0.6,36.6,numbeo
2014,Ełk,Warmińsko-Mazurskie,city_medium,60000,2934,2245,1612,3783,1680,0.776,0.0,54.8,1464,981,23,775,69,2484,0.65,33.4,numbeo
2015,Ełk,Warmińsko-Mazurskie,city_medium,60000,2959,2264,1626,3899,1750,0.759,-0.9,56.4,1451,993,22,746,70,2446,0.66,33.6,numbeo
2016,Ełk,Warmińsko-Mazurskie,city_medium,60000,2947,2254,1618,4047,1850,0.728,-0.2,56.3,1393,1067,21,741,66,2491,0.65,36.2,numbeo
2017,Ełk,Warmińsko-Mazurskie,city_medium,60000,3198,2446,1756,4271,2000,0.749,2.0,55.4,1469,1064,22,777,70,2552,0.69,33.3,numbeo
2018,Ełk,Warmińsko-Mazurskie,city_medium,60000,3466,2651,1903,4585,2100,0.756,1.6,55.5,1443,1098,23,797,72,2631,0.72,31.7,numbeo
2019,Ełk,Warmińsko-Mazurskie,city_medium,60000,3675,2811,2018,4918,2250,0.747,2.3,56.7,1487,1073,23,781,72,2595,0.78,29.2,numbeo
2020,Ełk,Warmińsko-Mazurskie,city_medium,60000,3919,2998,2153,5167,2600,0.758,3.4,56.8,1563,1159,25,848,77,2800,0.77,29.6,numbeo
2021,Ełk,Warmińsko-Mazurskie,city_medium,60000,4369,3342,2400,5663,2800,0.771,5.1,57.4,1650,1169,24,889,80,2845,0.84,26.8,numbeo
2022,Ełk,Warmińsko-Mazurskie,city_medium,60000,4889,3740,2685,6346,3010,0.77,14.4,56.8,1762,1319,27,1010,89,3218,0.83,27.0,numbeo
2023,Ełk,Warmińsko-Mazurskie,city_medium,60000,5408,4137,2970,7155,3490,0.756,11.5,57.0,2045,1523,31,1073,101,3607,0.82,28.2,numbeo
2024,Ełk,Warmińsko-Mazurskie,city_medium,60000,6523,4990,3583,8604,4242,0.758,3.6,58.3,2099,1554,35,1162,107,3823,0.94,23.8,numbeo
2010,Ostróda,Warmińsko-Mazurskie,city_small,34000,2380,1821,1307,3224,1317,0.738,2.6,47.9,1015,768,18,648,53,2012,0.65,32.3,numbeo
2011,Ostróda,Warmińsko-Mazurskie,city_small,34000,2531,1936,1390,3399,1386,0.745,4.3,48.7,1076,846,19,687,56,2159,0.64,33.4,numbeo
2012,Ostróda,Warmińsko-Mazurskie,city_small,34000,2637,2017,1448,3521,1500,0.749,3.7,48.5,1075,844,20,673,60,2174,0.67,32.0,numbeo
2013,Ostróda,Warmińsko-Mazurskie,city_small,34000,2724,2084,1496,3650,1600,0.746,0.9,48.7,1125,841,20,691,60,2191,0.68,30.9,numbeo
2014,Ostróda,Warmińsko-Mazurskie,city_small,34000,2883,2205,1583,3783,1680,0.762,0.0,48.6,1092,884,19,708,61,2232,0.71,30.7,numbeo
2015,Ostróda,Warmińsko-Mazurskie,city_small,34000,2796,2139,1536,3899,1750,0.717,-0.9,48.9,1137,831,19,697,58,2163,0.71,29.7,numbeo
2016,Ostróda,Warmińsko-Mazurskie,city_small,34000,3042,2327,1671,4047,1850,0.752,-0.2,48.9,1065,867,19,674,61,2179,0.77,28.5,numbeo
2017,Ostróda,Warmińsko-Mazurskie,city_small,34000,3063,2343,1682,4271,2000,0.717,2.0,49.5,1115,835,19,729,60,2205,0.76,27.3,numbeo
2018,Ostróda,Warmińsko-Mazurskie,city_small,34000,3282,2511,1803,4585,2100,0.716,1.6,50.0,1144,922,21,742,63,2351,0.77,28.1,numbeo
2019,Ostróda,Warmińsko-Mazurskie,city_small,34000,3592,2748,1973,4918,2250,0.73,2.3,49.3,1129,891,20,740,63,2303,0.86,24.8,numbeo
2020,Ostróda,Warmińsko-Mazurskie,city_small,34000,3757,2874,2064,5167,2600,0.727,3.4,50.2,1181,941,22,729,65,2391,0.86,25.0,numbeo
2021,Ostróda,Warmińsko-Mazurskie,city_small,34000,4223,3231,2320,5663,2800,0.746,5.1,50.2,1307,936,24,783,67,2493,0.93,22.2,numbeo
2022,Ostróda,Warmińsko-Mazurskie,city_small,34000,4758,3640,2614,6346,3010,0.75,14.4,50.2,1443,1175,25,875,79,2889,0.9,24.7,numbeo
2023,Ostróda,Warmińsko-Mazurskie,city_small,34000,5231,4002,2873,7155,3490,0.731,11.5,51.1,1655,1271,28,990,90,3201,0.9,24.3,numbeo
2024,Ostróda,Warmińsko-Mazurskie,city_small,34000,6247,4779,3431,8604,4242,0.726,3.6,50.5,1752,1238,31,1031,90,3279,1.05,19.8,numbeo
2010,Iława,Warmińsko-Mazurskie,city_small,34000,2655,2031,1458,3224,1317,0.824,2.6,47.9,1035,828,19,647,54,2092,0.7,31.2,gus_modeled
2011,Iława,Warmińsko-Mazurskie,city_small,34000,2964,2267,1628,3399,1386,0.872,4.3,48.2,1033,787,19,648,59,2064,0.79,26.6,gus_modeled
2012,Iława,Warmińsko-Mazurskie,city_small,34000,3071,2349,1687,3521,1500,0.872,3.7,47.9,1162,897,19,696,61,2231,0.76,29.2,gus_modeled
2013,Iława,Warmińsko-Mazurskie,city_small,34000,3031,2319,1665,3650,1600,0.83,0.9,48.6,1154,902,19,682,58,2221,0.75,29.8,gus_modeled
2014,Iława,Warmińsko-Mazurskie,city_small,34000,3243,2481,1781,3783,1680,0.857,0.0,48.3,1175,888,20,677,61,2225,0.8,27.4,gus_modeled
2015,Iława,Warmińsko-Mazurskie,city_small,34000,3370,2578,1851,3899,1750,0.864,-0.9,48.3,1068,820,20,707,59,2183,0.85,24.3,gus_modeled
2016,Iława,Warmińsko-Mazurskie,city_small,34000,3417,2614,1877,4047,1850,0.844,-0.2,49.3,1094,855,20,701,61,2214,0.85,25.0,gus_modeled
2017,Iława,Warmińsko-Mazurskie,city_small,34000,3596,2751,1975,4271,2000,0.842,2.0,48.8,1145,836,21,703,61,2221,0.89,23.2,gus_modeled
2018,Iława,Warmińsko-Mazurskie,city_small,34000,3810,2915,2093,4585,2100,0.831,1.6,49.7,1196,894,20,692,61,2251,0.93,23.5,gus_modeled
2019,Iława,Warmińsko-Mazurskie,city_small,34000,4120,3152,2263,4918,2250,0.838,2.3,49.7,1231,873,20,753,60,2295,0.99,21.2,gus_modeled
2020,Iława,Warmińsko-Mazurskie,city_small,34000,4280,3274,2351,5167,2600,0.828,3.4,49.8,1220,957,21,771,66,2430,0.97,22.4,gus_modeled
2021,Iława,Warmińsko-Mazurskie,city_small,34000,4991,3818,2741,5663,2800,0.881,5.1,50.0,1270,1005,22,776,67,2515,1.09,20.1,gus_modeled
2022,Iława,Warmińsko-Mazurskie,city_small,34000,5270,4032,2895,6346,3010,0.83,14.4,49.6,1456,1090,25,918,80,2848,1.02,20.7,gus_modeled
2023,Iława,Warmińsko-Mazurskie,city_small,34000,6299,4819,3460,7155,3490,0.88,11.5,50.5,1667,1208,29,1009,87,3174,1.09,19.2,gus_modeled
2024,Iława,Warmińsko-Mazurskie,city_small,34000,7464,5710,4100,8604,4242,0.868,3.6,51.2,1734,1360,29,1066,90,3396,1.21,18.2,gus_modeled
2010,Mrągowo,Warmińsko-Mazurskie,town,23000,2295,1756,1261,3224,1317,0.712,2.6,41.6,840,633,16,587,41,1764,0.71,27.6,numbeo
2011,Mrągowo,Warmińsko-Mazurskie,town,23000,2495,1909,1371,3399,1386,0.734,4.3,41.2,852,671,17,631,43,1875,0.73,26.9,numbeo
2012,Mrągowo,Warmińsko-Mazurskie,town,23000,2583,1976,1419,3521,1500,0.734,3.7,41.3,876,666,17,626,46,1875,0.76,25.8,numbeo
2013,Mrągowo,Warmińsko-Mazurskie,town,23000,2739,2095,1504,3650,1600,0.75,0.9,42.3,911,715,18,630,47,1951,0.77,26.1,numbeo
2014,Mrągowo,Warmińsko-Mazurskie,town,23000,2780,2127,1527,3783,1680,0.735,0.0,42.5,936,730,18,668,48,2005,0.76,26.3,numbeo
2015,Mrągowo,Warmińsko-Mazurskie,town,23000,2935,2245,1612,3899,1750,0.753,-0.9,41.7,858,674,17,650,48,1909,0.84,23.0,numbeo
2016,Mrągowo,Warmińsko-Mazurskie,town,23000,3095,2368,1700,4047,1850,0.765,-0.2,42.6,900,663,16,655,47,1882,0.9,21.4,numbeo
2017,Mrągowo,Warmińsko-Mazurskie,town,23000,3198,2446,1756,4271,2000,0.749,2.0,42.3,942,669,17,648,47,1905,0.92,20.9,numbeo
2018,Mrągowo,Warmińsko-Mazurskie,town,23000,3505,2681,1925,4585,2100,0.764,1.6,42.7,957,717,18,663,48,1992,0.97,20.5,numbeo
2019,Mrągowo,Warmińsko-Mazurskie,town,23000,3664,2803,2013,4918,2250,0.745,2.3,43.2,902,696,19,691,49,2025,0.99,19.0,numbeo
2020,Mrągowo,Warmińsko-Mazurskie,town,23000,3940,3014,2164,5167,2600,0.763,3.4,43.2,1019,731,18,722,49,2078,1.04,18.6,numbeo
2021,Mrągowo,Warmińsko-Mazurskie,town,23000,4318,3303,2372,5663,2800,0.762,5.1,43.9,999,761,20,747,53,2188,1.08,17.6,numbeo
2022,Mrągowo,Warmińsko-Mazurskie,town,23000,4600,3519,2527,6346,3010,0.725,14.4,44.2,1129,892,23,824,63,2499,1.01,19.4,numbeo
2023,Mrągowo,Warmińsko-Mazurskie,town,23000,5335,4081,2930,7155,3490,0.746,11.5,44.3,1361,989,25,969,66,2814,1.04,18.5,numbeo
2024,Mrągowo,Warmińsko-Mazurskie,town,23000,6568,5025,3608,8604,4242,0.763,3.6,43.5,1358,1083,26,1015,70,2988,1.21,16.5,numbeo
2010,Giżycko,Warmińsko-Mazurskie,town,30000,2449,1873,1345,3224,1317,0.76,2.6,41.3,807,670,16,589,43,1805,0.75,27.4,numbeo
2011,Giżycko,Warmińsko-Mazurskie,town,30000,2494,1908,1370,3399,1386,0.734,4.3,41.1,867,672,17,610,45,1857,0.74,26.9,numbeo
2012,Giżycko,Warmińsko-Mazurskie,town,30000,2744,2099,1507,3521,1500,0.779,3.7,41.2,848,701,17,648,47,1933,0.78,25.5,numbeo
2013,Giżycko,Warmińsko-Mazurskie,town,30000,2823,2160,1551,3650,1600,0.773,0.9,42.3,852,692,18,666,46,1963,0.79,24.5,numbeo
2014,Giżycko,Warmińsko-Mazurskie,town,30000,2838,2171,1559,3783,1680,0.75,0.0,42.5,928,704,18,667,47,1977,0.79,24.8,numbeo
2015,Giżycko,Warmińsko-Mazurskie,town,30000,2968,2271,1631,3899,1750,0.761,-0.9,42.9,845,657,16,626,47,1847,0.88,22.1,numbeo
2016,Giżycko,Warmińsko-Mazurskie,town,30000,3071,2349,1687,4047,1850,0.759,-0.2,43.3,874,692,17,621,45,1895,0.89,22.5,numbeo
2017,Giżycko,Warmińsko-Mazurskie,town,30000,3236,2476,1778,4271,2000,0.758,2.0,42.8,910,697,17,646,45,1929,0.92,21.5,numbeo
2018,Giżycko,Warmińsko-Mazurskie,town,30000,3493,2672,1918,4585,2100,0.762,1.6,43.0,889,717,17,670,48,1979,0.97,20.5,numbeo
2019,Giżycko,Warmińsko-Mazurskie,town,30000,3847,2943,2113,4918,2250,0.782,2.3,42.7,983,705,18,672,48,1994,1.06,18.3,numbeo
2020,Giżycko,Warmińsko-Mazurskie,town,30000,4075,3117,2238,5167,2600,0.789,3.4,43.3,976,726,20,724,49,2115,1.06,17.8,numbeo
2021,Giżycko,Warmińsko-Mazurskie,town,30000,4269,3266,2345,5663,2800,0.754,5.1,43.8,1056,782,20,749,54,2212,1.06,18.3,numbeo
2022,Giżycko,Warmińsko-Mazurskie,town,30000,4995,3821,2743,6346,3010,0.787,14.4,42.9,1151,881,22,820,60,2461,1.11,17.6,numbeo
2023,Giżycko,Warmińsko-Mazurskie,town,30000,5634,4310,3095,7155,3490,0.787,11.5,42.9,1334,1027,26,927,70,2834,1.09,18.2,numbeo
2024,Giżycko,Warmińsko-Mazurskie,town,30000,6826,5222,3749,8604,4242,0.793,3.6,44.2,1386,1091,26,1019,71,3001,1.25,16.0,numbeo
2010,Działdowo,Warmińsko-Mazurskie,town,23000,2283,1746,1254,3224,1317,0.708,2.6,41.5,822,635,17,579,43,1780,0.7,27.8,numbeo
2011,Działdowo,Warmińsko-Mazurskie,town,23000,2490,1905,1368,3399,1386,0.733,4.3,42.0,852,677,16,638,45,1870,0.73,27.2,numbeo
2012,Działdowo,Warmińsko-Mazurskie,town,23000,2596,1986,1426,3521,1500,0.737,3.7,42.6,871,696,16,651,47,1911,0.75,26.8,numbeo
2013,Działdowo,Warmińsko-Mazurskie,town,23000,2691,2059,1478,3650,1600,0.737,0.9,41.5,919,721,17,670,48,1978,0.75,26.8,numbeo
2014,Działdowo,Warmińsko-Mazurskie,town,23000,2665,2039,1464,3783,1680,0.704,0.0,42.8,918,668,18,671,45,1943,0.75,25.1,numbeo
2015,Działdowo,Warmińsko-Mazurskie,town,23000,2827,2163,1553,3899,1750,0.725,-0.9,42.9,881,678,18,659,48,1942,0.8,24.0,numbeo
2016,Działdowo,Warmińsko-Mazurskie,town,23000,2868,2194,1575,4047,1850,0.709,-0.2,42.6,922,706,17,659,46,1948,0.81,24.6,numbeo
2017,Działdowo,Warmińsko-Mazurskie,town,23000,3058,2339,1679,4271,2000,0.716,2.0,43.1,908,731,18,660,46,1998,0.84,23.9,numbeo
2018,Działdowo,Warmińsko-Mazurskie,town,23000,3389,2593,1862,4585,2100,0.739,1.6,42.7,903,750,18,672,47,2033,0.92,22.1,numbeo
2019,Działdowo,Warmińsko-Mazurskie,town,23000,3682,2817,2023,4918,2250,0.749,2.3,42.7,957,710,18,699,50,2028,1.0,19.3,numbeo
2020,Działdowo,Warmińsko-Mazurskie,town,23000,3804,2910,2089,5167,2600,0.736,3.4,43.6,1004,765,18,693,51,2085,1.0,20.1,numbeo
2021,Działdowo,Warmińsko-Mazurskie,town,23000,4162,3184,2286,5663,2800,0.735,5.1,43.1,1070,812,20,771,51,2261,1.01,19.5,numbeo
2022,Działdowo,Warmińsko-Mazurskie,town,23000,4566,3493,2508,6346,3010,0.72,14.4,43.8,1157,880,22,849,61,2490,1.01,19.3,numbeo
2023,Działdowo,Warmińsko-Mazurskie,town,23000,5116,3914,2810,7155,3490,0.715,11.5,42.9,1269,1039,24,981,67,2857,0.98,20.3,numbeo
2024,Działdowo,Warmińsko-Mazurskie,town,23000,6262,4790,3439,8604,4242,0.728,3.6,43.8,1306,1097,26,966,69,2952,1.16,17.5,numbeo
2010,Kętrzyn,Warmińsko-Mazurskie,town,28000,2485,1901,1365,3224,1317,0.771,2.6,41.0,791,644,16,574,42,1763,0.77,25.9,gus_modeled
2011,Kętrzyn,Warmińsko-Mazurskie,town,28000,2657,2033,1460,3399,1386,0.782,4.3,42.3,843,686,16,608,45,1849,0.79,25.8,gus_modeled
2012,Kętrzyn,Warmińsko-Mazurskie,town,28000,2798,2140,1537,3521,1500,0.795,3.7,42.3,922,669,16,651,45,1882,0.82,23.9,gus_modeled
2013,Kętrzyn,Warmińsko-Mazurskie,town,28000,2905,2222,1595,3650,1600,0.796,0.9,41.6,933,697,18,634,47,1937,0.82,24.0,gus_modeled
2014,Kętrzyn,Warmińsko-Mazurskie,town,28000,2894,2214,1590,3783,1680,0.765,0.0,42.4,859,728,17,663,48,1978,0.8,25.2,gus_modeled
2015,Kętrzyn,Warmińsko-Mazurskie,town,28000,3164,2420,1738,3899,1750,0.811,-0.9,41.9,854,658,18,669,48,1932,0.9,20.8,gus_modeled
2016,Kętrzyn,Warmińsko-Mazurskie,town,28000,3220,2463,1768,4047,1850,0.796,-0.2,42.0,873,666,17,630,45,1878,0.94,20.7,gus_modeled
2017,Kętrzyn,Warmińsko-Mazurskie,town,28000,3290,2517,1807,4271,2000,0.77,2.0,42.6,872,729,17,645,47,1962,0.92,22.2,gus_modeled
2018,Kętrzyn,Warmińsko-Mazurskie,town,28000,3694,2826,2029,4585,2100,0.806,1.6,42.8,937,697,18,654,49,1964,1.03,18.9,gus_modeled
2019,Kętrzyn,Warmińsko-Mazurskie,town,28000,3783,2894,2078,4918,2250,0.769,2.3,43.2,940,756,18,671,50,2046,1.02,20.0,gus_modeled
2020,Kętrzyn,Warmińsko-Mazurskie,town,28000,4073,3116,2237,5167,2600,0.788,3.4,42.9,983,737,20,734,49,2136,1.05,18.1,gus_modeled
2021,Kętrzyn,Warmińsko-Mazurskie,town,28000,4564,3491,2507,5663,2800,0.806,5.1,43.1,985,770,20,748,55,2200,1.14,16.9,gus_modeled
2022,Kętrzyn,Warmińsko-Mazurskie,town,28000,4942,3781,2715,6346,3010,0.779,14.4,44.1,1220,949,23,858,62,2589,1.05,19.2,gus_modeled
2023,Kętrzyn,Warmińsko-Mazurskie,town,28000,5789,4429,3180,7155,3490,0.809,11.5,44.3,1336,1044,26,981,69,2904,1.1,18.0,gus_modeled
2024,Kętrzyn,Warmińsko-Mazurskie,town,28000,6734,5152,3699,8604,4242,0.783,3.6,43.3,1397,1082,26,1016,68,2986,1.24,16.1,gus_modeled
2010,Bartoszyce,Warmińsko-Mazurskie,town,24000,2579,1973,1417,3224,1317,0.8,2.6,41.4,855,626,16,615,42,1786,0.79,24.3,gus_modeled
2011,Bartoszyce,Warmińsko-Mazurskie,town,24000,2572,1968,1413,3399,1386,0.757,4.3,41.0,833,679,16,606,44,1839,0.77,26.4,gus_modeled
2012,Bartoszyce,Warmińsko-Mazurskie,town,24000,2753,2106,1512,3521,1500,0.782,3.7,41.5,901,706,18,666,46,1975,0.77,25.6,gus_modeled
2013,Bartoszyce,Warmińsko-Mazurskie,town,24000,2885,2207,1585,3650,1600,0.79,0.9,42.0,852,726,17,666,45,1976,0.8,25.2,gus_modeled
2014,Bartoszyce,Warmińsko-Mazurskie,town,24000,2942,2251,1616,3783,1680,0.778,0.0,41.7,904,731,17,643,45,1958,0.83,24.8,gus_modeled
2015,Bartoszyce,Warmińsko-Mazurskie,town,24000,3061,2342,1682,3899,1750,0.785,-0.9,42.9,917,691,18,655,47,1950,0.86,22.6,gus_modeled
2016,Bartoszyce,Warmińsko-Mazurskie,town,24000,3211,2456,1763,4047,1850,0.793,-0.2,42.0,903,689,17,662,46,1934,0.91,21.5,gus_modeled
2017,Bartoszyce,Warmińsko-Mazurskie,town,24000,3461,2648,1901,4271,2000,0.81,2.0,42.0,938,713,17,677,48,1979,0.96,20.6,gus_modeled
2018,Bartoszyce,Warmińsko-Mazurskie,town,24000,3679,2814,2020,4585,2100,0.802,1.6,42.5,875,728,18,686,49,2027,1.0,19.8,gus_modeled
2019,Bartoszyce,Warmińsko-Mazurskie,town,24000,3840,2938,2109,4918,2250,0.781,2.3,42.9,904,728,17,686,48,2011,1.05,19.0,gus_modeled
2020,Bartoszyce,Warmińsko-Mazurskie,town,24000,4152,3176,2280,5167,2600,0.804,3.4,43.6,950,761,19,693,51,2101,1.09,18.3,gus_modeled
2021,Bartoszyce,Warmińsko-Mazurskie,town,24000,4431,3390,2434,5663,2800,0.782,5.1,44.0,1056,827,19,764,55,2253,1.08,18.7,gus_modeled
2022,Bartoszyce,Warmińsko-Mazurskie,town,24000,5111,3910,2807,6346,3010,0.805,14.4,43.0,1185,885,23,828,61,2494,1.13,17.3,gus_modeled
2023,Bartoszyce,Warmińsko-Mazurskie,town,24000,5762,4408,3165,7155,3490,0.805,11.5,43.7,1348,1014,24,936,70,2790,1.13,17.6,gus_modeled
2024,Bartoszyce,Warmińsko-Mazurskie,town,24000,6632,5073,3642,8604,4242,0.771,3.6,44.2,1396,1030,26,995,70,2915,1.25,15.5,gus_modeled
2010,Kielce,Świętokrzyskie,city_large,195000,2833,2167,1556,3224,1317,0.879,2.6,63.2,1588,1108,24,763,76,2610,0.6,39.1,numbeo
2011,Kielce,Świętokrzyskie,city_large,195000,2930,2241,1609,3399,1386,0.862,4.3,62.2,1612,1152,24,779,78,2679,0.6,39.3,numbeo
2012,Kielce,Świętokrzyskie,city_large,195000,2980,2280,1637,3521,1500,0.846,3.7,63.1,1744,1269,24,807,78,2831,0.58,42.6,numbeo
2013,Kielce,Świętokrzyskie,city_large,195000,3082,2358,1693,3650,1600,0.844,0.9,62.5,1723,1272,25,814,77,2862,0.59,41.3,numbeo
2014,Kielce,Świętokrzyskie,city_large,195000,3351,2564,1841,3783,1680,0.886,0.0,63.0,1801,1231,25,826,81,2837,0.65,36.7,numbeo
2015,Kielce,Świętokrzyskie,city_large,195000,3379,2585,1856,3899,1750,0.867,-0.9,64.2,1764,1228,25,831,78,2834,0.65,36.3,numbeo
2016,Kielce,Świętokrzyskie,city_large,195000,3571,2732,1962,4047,1850,0.882,-0.2,63.6,1745,1241,26,812,77,2847,0.69,34.8,numbeo
2017,Kielce,Świętokrzyskie,city_large,195000,3672,2809,2017,4271,2000,0.86,2.0,64.5,1655,1229,25,868,79,2877,0.7,33.5,numbeo
2018,Kielce,Świętokrzyskie,city_large,195000,3888,2974,2135,4585,2100,0.848,1.6,64.0,1822,1252,27,884,80,2960,0.72,32.2,numbeo
2019,Kielce,Świętokrzyskie,city_large,195000,4298,3288,2361,4918,2250,0.874,2.3,64.7,1841,1306,26,857,80,2972,0.79,30.4,numbeo
2020,Kielce,Świętokrzyskie,city_large,195000,4527,3463,2486,5167,2600,0.876,3.4,64.0,1951,1416,27,885,89,3146,0.79,31.3,numbeo
2021,Kielce,Świętokrzyskie,city_large,195000,4824,3690,2649,5663,2800,0.852,5.1,64.4,2023,1506,30,960,94,3387,0.78,31.2,numbeo
2022,Kielce,Świętokrzyskie,city_large,195000,5648,4321,3102,6346,3010,0.89,14.4,64.6,2309,1710,34,1077,103,3830,0.81,30.3,numbeo
2023,Kielce,Świętokrzyskie,city_large,195000,6380,4881,3505,7155,3490,0.892,11.5,64.9,2405,1796,36,1161,112,4079,0.86,28.2,numbeo
2024,Kielce,Świętokrzyskie,city_large,195000,7329,5607,4026,8604,4242,0.852,3.6,65.1,2711,1856,36,1203,123,4202,0.96,25.3,numbeo
2010,Ostrowiec Świętokrzyski,Świętokrzyskie,city_medium,64000,2903,2221,1595,3224,1317,0.9,2.6,54.7,1310,918,21,725,62,2308,0.69,31.6,gus_modeled
2011,Ostrowiec Świętokrzyski,Świętokrzyskie,city_medium,64000,2935,2245,1612,3399,1386,0.863,4.3,55.0,1372,959,21,745,66,2380,0.68,32.7,gus_modeled
2012,Ostrowiec Świętokrzyski,Świętokrzyskie,city_medium,64000,3035,2322,1667,3521,1500,0.862,3.7,54.0,1423,1037,23,734,69,2497,0.67,34.2,gus_modeled
2013,Ostrowiec Świętokrzyski,Świętokrzyskie,city_medium,64000,3135,2398,1722,3650,1600,0.859,0.9,54.6,1367,1023,23,784,71,2537,0.68,32.6,gus_modeled
2014,Ostrowiec Świętokrzyski,Świętokrzyskie,city_medium,64000,3308,2531,1817,3783,1680,0.874,0.0,55.2,1336,1051,23,747,72,2529,0.72,31.8,gus_modeled
2015,Ostrowiec Świętokrzyski,Świętokrzyskie,city_medium,64000,3435,2628,1887,3899,1750,0.881,-0.9,55.5,1387,1060,21,762,69,2508,0.75,30.9,gus_modeled
2016,Ostrowiec Świętokrzyski,Świętokrzyskie,city_medium,64000,3678,2814,2020,4047,1850,0.909,-0.2,55.2,1316,999,22,782,67,2485,0.81,27.2,gus_modeled
2017,Ostrowiec Świętokrzyski,Świętokrzyskie,city_medium,64000,3703,2833,2034,4271,2000,0.867,2.0,56.0,1386,995,23,748,70,2474,0.82,26.9,gus_modeled
2018,Ostrowiec Świętokrzyski,Świętokrzyskie,city_medium,64000,4165,3186,2288,4585,2100,0.908,1.6,56.3,1468,1031,23,802,74,2571,0.89,24.8,gus_modeled
2019,Ostrowiec Świętokrzyski,Świętokrzyskie,city_medium,64000,4406,3371,2420,4918,2250,0.896,2.3,55.4,1404,1050,24,791,76,2606,0.93,23.8,gus_modeled
2020,Ostrowiec Świętokrzyski,Świętokrzyskie,city_medium,64000,4465,3416,2453,5167,2600,0.864,3.4,55.9,1502,1170,24,832,76,2774,0.88,26.2,gus_modeled
2021,Ostrowiec Świętokrzyski,Świętokrzyskie,city_medium,64000,5140,3932,2823,5663,2800,0.908,5.1,57.1,1517,1159,25,870,76,2832,1.0,22.5,gus_modeled
2022,Ostrowiec Świętokrzyski,Świętokrzyskie,city_medium,64000,5580,4269,3065,6346,3010,0.879,14.4,57.5,1754,1366,29,983,94,3283,0.93,24.5,gus_modeled
2023,Ostrowiec Świętokrzyski,Świętokrzyskie,city_medium,64000,6227,4764,3421,7155,3490,0.87,11.5,57.1,1989,1434,30,1110,104,3538,0.97,23.0,gus_modeled
2024,Ostrowiec Świętokrzyski,Świętokrzyskie,city_medium,64000,7915,6055,4347,8604,4242,0.92,3.6,56.4,2111,1565,32,1158,102,3765,1.15,19.8,gus_modeled
2010,Starachowice,Świętokrzyskie,city_medium,53000,2905,2222,1595,3224,1317,0.901,2.6,53.8,1236,968,21,679,62,2312,0.69,33.3,gus_modeled
2011,Starachowice,Świętokrzyskie,city_medium,53000,3050,2333,1675,3399,1386,0.897,4.3,54.4,1341,961,21,708,69,2348,0.71,31.5,gus_modeled
2012,Starachowice,Świętokrzyskie,city_medium,53000,3169,2424,1740,3521,1500,0.9,3.7,54.7,1398,971,23,735,68,2431,0.72,30.6,gus_modeled
2013,Starachowice,Świętokrzyskie,city_medium,53000,3292,2518,1808,3650,1600,0.902,0.9,54.4,1352,1014,22,784,72,2509,0.72,30.8,gus_modeled
2014,Starachowice,Świętokrzyskie,city_medium,53000,3253,2489,1787,3783,1680,0.86,0.0,55.5,1417,1072,21,735,70,2496,0.72,33.0,gus_modeled
2015,Starachowice,Świętokrzyskie,city_medium,53000,3497,2675,1921,3899,1750,0.897,-0.9,54.6,1360,1058,22,756,69,2520,0.76,30.3,gus_modeled
2016,Starachowice,Świętokrzyskie,city_medium,53000,3589,2746,1972,4047,1850,0.887,-0.2,55.5,1439,1057,22,754,69,2517,0.78,29.5,gus_modeled
2017,Starachowice,Świętokrzyskie,city_medium,53000,3723,2848,2045,4271,2000,0.872,2.0,56.4,1449,1011,22,768,70,2490,0.82,27.2,gus_modeled
2018,Starachowice,Świętokrzyskie,city_medium,53000,3985,3049,2189,4585,2100,0.869,1.6,55.5,1392,1076,22,756,70,2546,0.86,27.0,gus_modeled
2019,Starachowice,Świętokrzyskie,city_medium,53000,4420,3381,2428,4918,2250,0.899,2.3,56.5,1496,1122,23,822,74,2687,0.9,25.4,gus_modeled
2020,Starachowice,Świętokrzyskie,city_medium,53000,4682,3582,2572,5167,2600,0.906,3.4,56.6,1550,1097,23,848,79,2700,0.95,23.4,gus_modeled
2021,Starachowice,Świętokrzyskie,city_medium,53000,4903,3751,2693,5663,2800,0.866,5.1,56.5,1554,1203,26,860,79,2889,0.93,24.5,gus_modeled
2022,Starachowice,Świętokrzyskie,city_medium,53000,5679,4344,3119,6346,3010,0.895,14.4,57.4,1857,1397,30,1029,92,3378,0.92,24.6,gus_modeled
2023,Starachowice,Świętokrzyskie,city_medium,53000,6601,5050,3626,7155,3490,0.923,11.5,57.4,2062,1422,31,1072,102,3506,1.03,21.5,gus_modeled
2024,Starachowice,Świętokrzyskie,city_medium,53000,7846,6002,4309,8604,4242,0.912,3.6,57.1,2075,1577,34,1172,101,3830,1.13,20.1,gus_modeled
2010,Skarżysko-Kamienna,Świętokrzyskie,city_medium,46000,2779,2126,1526,3224,1317,0.862,2.6,54.6,1294,960,20,672,62,2277,0.67,34.5,gus_modeled
2011,Skarżysko-Kamienna,Świętokrzyskie,city_medium,46000,3008,2301,1652,3399,1386,0.885,4.3,53.8,1357,950,20,701,64,2305,0.72,31.6,gus_modeled
2012,Skarżysko-Kamienna,Świętokrzyskie,city_medium,46000,3204,2451,1760,3521,1500,0.91,3.7,54.5,1424,979,21,759,70,2425,0.73,30.6,gus_modeled
2013,Skarżysko-Kamienna,Świętokrzyskie,city_medium,46000,3170,2425,1741,3650,1600,0.868,0.9,55.7,1380,1033,21,778,70,2500,0.7,32.6,gus_modeled
2014,Skarżysko-Kamienna,Świętokrzyskie,city_medium,46000,3276,2506,1799,3783,1680,0.866,0.0,54.7,1359,1042,21,760,70,2491,0.72,31.8,gus_modeled
2015,Skarżysko-Kamienna,Świętokrzyskie,city_medium,46000,3439,2631,1889,3899,1750,0.882,-0.9,55.7,1322,981,21,734,71,2403,0.79,28.5,gus_modeled
2016,Skarżysko-Kamienna,Świętokrzyskie,city_medium,46000,3486,2667,1915,4047,1850,0.861,-0.2,56.1,1357,1063,21,771,69,2520,0.76,30.5,gus_modeled
2017,Skarżysko-Kamienna,Świętokrzyskie,city_medium,46000,3910,2991,2148,4271,2000,0.915,2.0,55.4,1456,1057,21,788,71,2537,0.85,27.0,gus_modeled
2018,Skarżysko-Kamienna,Świętokrzyskie,city_medium,46000,4009,3067,2202,4585,2100,0.874,1.6,56.2,1390,1089,23,809,70,2632,0.84,27.2,gus_modeled
2019,Skarżysko-Kamienna,Świętokrzyskie,city_medium,46000,4449,3403,2443,4918,2250,0.905,2.3,56.2,1524,1030,22,811,72,2562,0.95,23.2,gus_modeled
2020,Skarżysko-Kamienna,Świętokrzyskie,city_medium,46000,4564,3491,2507,5167,2600,0.883,3.4,56.8,1475,1129,25,836,78,2759,0.91,24.7,gus_modeled
2021,Skarżysko-Kamienna,Świętokrzyskie,city_medium,46000,5208,3984,2861,5663,2800,0.92,5.1,57.0,1565,1219,26,889,78,2933,0.98,23.4,gus_modeled
2022,Skarżysko-Kamienna,Świętokrzyskie,city_medium,46000,5654,4325,3105,6346,3010,0.891,14.4,57.2,1813,1359,29,1016,91,3306,0.94,24.0,gus_modeled
2023,Skarżysko-Kamienna,Świętokrzyskie,city_medium,46000,6349,4857,3487,7155,3490,0.887,11.5,57.3,2002,1440,31,1102,99,3551,0.98,22.7,gus_modeled
2024,Skarżysko-Kamienna,Świętokrzyskie,city_medium,46000,7887,6034,4332,8604,4242,0.917,3.6,57.7,2169,1528,33,1196,103,3787,1.14,19.4,gus_modeled
2010,Sandomierz,Świętokrzyskie,town,25000,2454,1877,1348,3224,1317,0.761,2.6,41.8,826,660,15,579,43,1765,0.76,26.9,gus_modeled
2011,Sandomierz,Świętokrzyskie,town,25000,2581,1974,1417,3399,1386,0.759,4.3,41.1,839,673,17,604,45,1852,0.77,26.1,gus_modeled
2012,Sandomierz,Świętokrzyskie,town,25000,2742,2098,1506,3521,1500,0.779,3.7,42.1,930,711,17,662,48,1958,0.77,25.9,gus_modeled
2013,Sandomierz,Świętokrzyskie,town,25000,2795,2138,1535,3650,1600,0.766,0.9,42.4,901,678,17,644,47,1908,0.8,24.3,gus_modeled
2014,Sandomierz,Świętokrzyskie,town,25000,2868,2194,1575,3783,1680,0.758,0.0,41.4,893,674,17,658,46,1917,0.82,23.5,gus_modeled
2015,Sandomierz,Świętokrzyskie,town,25000,2972,2274,1633,3899,1750,0.762,-0.9,41.9,912,694,17,642,47,1920,0.85,23.4,gus_modeled
2016,Sandomierz,Świętokrzyskie,town,25000,3186,2437,1750,4047,1850,0.787,-0.2,42.8,866,699,17,667,46,1949,0.9,21.9,gus_modeled
2017,Sandomierz,Świętokrzyskie,town,25000,3234,2474,1776,4271,2000,0.757,2.0,42.4,945,732,17,654,45,1972,0.9,22.6,gus_modeled
2018,Sandomierz,Świętokrzyskie,town,25000,3454,2642,1897,4585,2100,0.753,1.6,42.7,920,727,17,651,46,1968,0.96,21.0,gus_modeled
2019,Sandomierz,Świętokrzyskie,town,25000,3834,2933,2106,4918,2250,0.78,2.3,42.6,938,696,18,704,50,2019,1.04,18.2,gus_modeled
2020,Sandomierz,Świętokrzyskie,town,25000,4023,3078,2210,5167,2600,0.779,3.4,42.9,987,756,19,726,51,2129,1.04,18.8,gus_modeled
2021,Sandomierz,Świętokrzyskie,town,25000,4451,3405,2445,5663,2800,0.786,5.1,43.4,993,792,20,769,52,2240,1.09,17.8,gus_modeled
2022,Sandomierz,Świętokrzyskie,town,25000,4737,3624,2602,6346,3010,0.746,14.4,43.1,1189,893,22,839,59,2491,1.04,18.9,gus_modeled
2023,Sandomierz,Świętokrzyskie,town,25000,5470,4185,3005,7155,3490,0.765,11.5,43.0,1262,968,26,966,67,2811,1.07,17.7,gus_modeled
2024,Sandomierz,Świętokrzyskie,town,25000,6824,5220,3748,8604,4242,0.793,3.6,42.7,1283,1058,27,991,69,2958,1.27,15.5,gus_modeled
2010,Końskie,Świętokrzyskie,town,26000,2398,1834,1317,3224,1317,0.744,2.6,41.4,857,663,15,598,43,1787,0.74,27.6,gus_modeled
2011,Końskie,Świętokrzyskie,town,26000,2582,1975,1418,3399,1386,0.76,4.3,42.2,873,658,17,620,46,1854,0.76,25.5,gus_modeled
2012,Końskie,Świętokrzyskie,town,26000,2688,2056,1476,3521,1500,0.763,3.7,41.3,914,705,18,667,48,1977,0.75,26.2,gus_modeled
2013,Końskie,Świętokrzyskie,town,26000,2862,2189,1572,3650,1600,0.784,0.9,41.6,929,666,17,670,45,1920,0.82,23.3,gus_modeled
2014,Końskie,Świętokrzyskie,town,26000,2943,2251,1616,3783,1680,0.778,0.0,41.7,889,730,17,632,48,1949,0.83,24.8,gus_modeled
2015,Końskie,Świętokrzyskie,town,26000,3031,2319,1665,3899,1750,0.777,-0.9,42.9,860,677,18,669,48,1951,0.85,22.3,gus_modeled
2016,Końskie,Świętokrzyskie,town,26000,3147,2407,1728,4047,1850,0.778,-0.2,42.9,931,712,17,631,47,1927,0.9,22.6,gus_modeled
2017,Końskie,Świętokrzyskie,town,26000,3278,2508,1801,4271,2000,0.768,2.0,41.9,947,692,18,638,46,1937,0.93,21.1,gus_modeled
2018,Końskie,Świętokrzyskie,town,26000,3588,2745,1971,4585,2100,0.783,1.6,42.0,960,688,17,690,49,1971,1.0,19.2,gus_modeled
2019,Końskie,Świętokrzyskie,town,26000,3832,2931,2104,4918,2250,0.779,2.3,42.9,956,701,19,666,49,2005,1.05,18.3,gus_modeled
2020,Końskie,Świętokrzyskie,town,26000,3910,2991,2148,5167,2600,0.757,3.4,43.5,947,756,19,718,51,2121,1.01,19.3,gus_modeled
2021,Końskie,Świętokrzyskie,town,26000,4244,3247,2331,5663,2800,0.749,5.1,43.6,1065,756,20,753,55,2191,1.06,17.8,gus_modeled
2022,Końskie,Świętokrzyskie,town,26000,5052,3865,2775,6346,3010,0.796,14.4,43.7,1158,933,23,861,62,2576,1.08,18.5,gus_modeled
2023,Końskie,Świętokrzyskie,town,26000,5632,4308,3093,7155,3490,0.787,11.5,42.9,1310,990,25,943,68,2791,1.11,17.6,gus_modeled
2024,Końskie,Świętokrzyskie,town,26000,6730,5148,3696,8604,4242,0.782,3.6,44.2,1351,1086,26,1010,69,2985,1.24,16.1,gus_modeled
2010,Staszów,Świętokrzyskie,small_town,15000,2238,1712,1229,3224,1317,0.694,2.6,37.2,649,494,14,546,33,1536,0.8,22.1,gus_modeled
2011,Staszów,Świętokrzyskie,small_town,15000,2484,1900,1364,3399,1386,0.731,4.3,36.2,717,548,14,571,35,1624,0.84,22.1,gus_modeled
2012,Staszów,Świętokrzyskie,small_town,15000,2473,1892,1358,3521,1500,0.702,3.7,36.1,707,558,15,623,35,1713,0.79,22.6,gus_modeled
2013,Staszów,Świętokrzyskie,small_town,15000,2559,1958,1406,3650,1600,0.701,0.9,36.4,696,581,16,625,37,1762,0.8,22.7,gus_modeled
2014,Staszów,Świętokrzyskie,small_town,15000,2728,2087,1498,3783,1680,0.721,0.0,37.8,721,543,16,590,38,1690,0.89,19.9,gus_modeled
2015,Staszów,Świętokrzyskie,small_town,15000,2780,2127,1527,3899,1750,0.713,-0.9,37.0,699,565,15,588,35,1685,0.91,20.3,gus_modeled
2016,Staszów,Świętokrzyskie,small_town,15000,2821,2158,1549,4047,1850,0.697,-0.2,37.3,737,549,15,618,35,1699,0.91,19.5,gus_modeled
2017,Staszów,Świętokrzyskie,small_town,15000,3153,2412,1732,4271,2000,0.738,2.0,37.1,713,542,15,606,37,1686,1.03,17.2,gus_modeled
2018,Staszów,Świętokrzyskie,small_town,15000,3274,2505,1799,4585,2100,0.714,1.6,38.3,733,602,15,612,37,1755,1.03,18.4,gus_modeled
2019,Staszów,Świętokrzyskie,small_town,15000,3642,2786,2000,4918,2250,0.741,2.3,37.9,778,578,17,627,38,1792,1.12,15.9,gus_modeled
2020,Staszów,Świętokrzyskie,small_town,15000,3607,2759,1981,5167,2600,0.698,3.4,38.5,753,598,16,688,40,1862,1.06,16.6,gus_modeled
2021,Staszów,Świętokrzyskie,small_town,15000,4187,3203,2300,5663,2800,0.739,5.1,38.0,795,613,17,716,40,1936,1.19,14.6,gus_modeled
2022,Staszów,Świętokrzyskie,small_town,15000,4601,3520,2527,6346,3010,0.725,14.4,38.7,927,700,19,802,46,2188,1.15,15.2,gus_modeled
2023,Staszów,Świętokrzyskie,small_town,15000,5133,3927,2820,7155,3490,0.717,11.5,38.9,1022,797,22,917,51,2495,1.13,15.5,gus_modeled
2024,Staszów,Świętokrzyskie,small_town,15000,6148,4703,3377,8604,4242,0.715,3.6,37.9,1098,889,23,887,56,2592,1.3,14.5,gus_modeled
2010,Zielona Góra,Lubuskie,city_large,140000,2695,2062,1481,3224,1317,0.836,2.6,64.6,1646,1138,23,772,72,2625,0.56,42.2,numbeo
2011,Zielona Góra,Lubuskie,city_large,140000,2834,2168,1557,3399,1386,0.834,4.3,63.7,1631,1257,24,811,78,2816,0.55,44.4,numbeo
2012,Zielona Góra,Lubuskie,city_large,140000,2929,2241,1609,3521,1500,0.832,3.7,64.1,1744,1285,26,823,82,2907,0.55,43.9,numbeo
2013,Zielona Góra,Lubuskie,city_large,140000,3166,2422,1739,3650,1600,0.867,0.9,65.2,1665,1282,25,820,77,2878,0.6,40.5,numbeo
2014,Zielona Góra,Lubuskie,city_large,140000,3131,2395,1720,3783,1680,0.828,0.0,65.1,1762,1219,26,818,81,2837,0.61,38.9,numbeo
2015,Zielona Góra,Lubuskie,city_large,140000,3220,2463,1768,3899,1750,0.826,-0.9,64.8,1637,1195,25,846,81,2819,0.63,37.1,numbeo
2016,Zielona Góra,Lubuskie,city_large,140000,3415,2612,1875,4047,1850,0.844,-0.2,65.5,1747,1262,26,853,78,2910,0.64,37.0,numbeo
2017,Zielona Góra,Lubuskie,city_large,140000,3658,2798,2009,4271,2000,0.856,2.0,65.8,1820,1210,26,850,78,2859,0.7,33.1,numbeo
2018,Zielona Góra,Lubuskie,city_large,140000,3865,2957,2123,4585,2100,0.843,1.6,66.3,1719,1239,26,831,84,2878,0.74,32.1,numbeo
2019,Zielona Góra,Lubuskie,city_large,140000,4043,3093,2221,4918,2250,0.822,2.3,65.6,1780,1331,27,867,86,3033,0.73,32.9,numbeo
2020,Zielona Góra,Lubuskie,city_large,140000,4261,3260,2341,5167,2600,0.825,3.4,66.1,1890,1317,28,895,84,3072,0.76,30.9,numbeo
2021,Zielona Góra,Lubuskie,city_large,140000,4690,3588,2576,5663,2800,0.828,5.1,66.7,2025,1382,29,938,94,3221,0.8,29.5,numbeo
2022,Zielona Góra,Lubuskie,city_large,140000,5288,4045,2904,6346,3010,0.833,14.4,67.0,2316,1669,33,1087,100,3776,0.77,31.6,numbeo
2023,Zielona Góra,Lubuskie,city_large,140000,5937,4542,3261,7155,3490,0.83,11.5,66.8,2418,1884,38,1226,120,4280,0.76,31.7,numbeo
2024,Zielona Góra,Lubuskie,city_large,140000,7463,5709,4099,8604,4242,0.867,3.6,67.8,2706,1902,37,1212,116,4270,0.96,25.5,numbeo
2010,Gorzów Wielkopolski,Lubuskie,city_large,125000,2740,2096,1505,3224,1317,0.85,2.6,63.9,1599,1125,22,787,70,2605,0.58,41.1,numbeo
2011,Gorzów Wielkopolski,Lubuskie,city_large,125000,2755,2108,1514,3399,1386,0.811,4.3,64.2,1588,1191,24,768,77,2706,0.56,43.2,numbeo
2012,Gorzów Wielkopolski,Lubuskie,city_large,125000,2893,2213,1589,3521,1500,0.822,3.7,64.4,1666,1201,26,835,80,2833,0.56,41.5,numbeo
2013,Gorzów Wielkopolski,Lubuskie,city_large,125000,3057,2339,1679,3650,1600,0.838,0.9,65.5,1695,1247,24,813,77,2816,0.6,40.8,numbeo
2014,Gorzów Wielkopolski,Lubuskie,city_large,125000,3205,2452,1761,3783,1680,0.847,0.0,65.8,1796,1240,24,825,80,2824,0.62,38.7,numbeo
2015,Gorzów Wielkopolski,Lubuskie,city_large,125000,3192,2442,1753,3899,1750,0.819,-0.9,65.4,1638,1236,25,843,80,2856,0.61,38.7,numbeo
2016,Gorzów Wielkopolski,Lubuskie,city_large,125000,3309,2531,1817,4047,1850,0.818,-0.2,66.1,1679,1228,24,807,78,2790,0.65,37.1,numbeo
2017,Gorzów Wielkopolski,Lubuskie,city_large,125000,3492,2671,1918,4271,2000,0.818,2.0,65.9,1671,1215,24,854,83,2833,0.68,34.8,numbeo
2018,Gorzów Wielkopolski,Lubuskie,city_large,125000,3903,2986,2144,4585,2100,0.851,1.6,65.6,1746,1350,26,852,81,3007,0.71,34.6,numbeo
2019,Gorzów Wielkopolski,Lubuskie,city_large,125000,4037,3088,2217,4918,2250,0.821,2.3,66.7,1871,1295,27,848,81,2973,0.75,32.1,numbeo
2020,Gorzów Wielkopolski,Lubuskie,city_large,125000,4280,3274,2351,5167,2600,0.828,3.4,67.3,1804,1434,27,883,86,3159,0.74,33.5,numbeo
2021,Gorzów Wielkopolski,Lubuskie,city_large,125000,4747,3631,2607,5663,2800,0.838,5.1,66.9,2011,1409,28,933,88,3217,0.81,29.7,numbeo
2022,Gorzów Wielkopolski,Lubuskie,city_large,125000,5398,4129,2965,6346,3010,0.851,14.4,67.6,2144,1571,32,1093,102,3666,0.81,29.1,numbeo
2023,Gorzów Wielkopolski,Lubuskie,city_large,125000,5962,4561,3275,7155,3490,0.833,11.5,67.5,2413,1832,37,1244,120,4226,0.77,30.7,numbeo
2024,Gorzów Wielkopolski,Lubuskie,city_large,125000,7377,5643,4052,8604,4242,0.857,3.6,68.0,2542,1915,38,1248,119,4342,0.93,26.0,numbeo
2010,Nowa Sól,Lubuskie,city_medium,38000,3265,2498,1794,3224,1317,1.013,2.6,55.4,1288,981,20,714,66,2344,0.77,30.0,gus_modeled
2011,Nowa Sól,Lubuskie,city_medium,38000,3370,2578,1851,3399,1386,0.991,4.3,56.6,1289,1030,21,726,69,2435,0.76,30.6,gus_modeled
2012,Nowa Sól,Lubuskie,city_medium,38000,3456,2644,1898,3521,1500,0.982,3.7,56.9,1365,1059,22,779,67,2542,0.75,30.6,gus_modeled
2013,Nowa Sól,Lubuskie,city_medium,38000,3630,2777,1994,3650,1600,0.995,0.9,56.6,1361,1008,22,746,70,2463,0.81,27.8,gus_modeled
2014,Nowa Sól,Lubuskie,city_medium,38000,3811,2915,2093,3783,1680,1.007,0.0,57.1,1431,1034,21,744,68,2465,0.85,27.1,gus_modeled
2015,Nowa Sól,Lubuskie,city_medium,38000,3943,3016,2165,3899,1750,1.011,-0.9,56.4,1399,1056,22,774,69,2536,0.85,26.8,gus_modeled
2016,Nowa Sól,Lubuskie,city_medium,38000,3877,2966,2130,4047,1850,0.958,-0.2,56.7,1330,1044,22,779,68,2528,0.84,26.9,gus_modeled
2017,Nowa Sól,Lubuskie,city_medium,38000,4324,3308,2375,4271,2000,1.012,2.0,58.1,1462,1057,21,757,73,2508,0.95,24.4,gus_modeled
2018,Nowa Sól,Lubuskie,city_medium,38000,4476,3424,2458,4585,2100,0.976,1.6,57.3,1443,1063,22,788,72,2567,0.96,23.7,gus_modeled
2019,Nowa Sól,Lubuskie,city_medium,38000,4829,3694,2652,4918,2250,0.982,2.3,57.9,1515,1095,23,801,74,2639,1.0,22.7,gus_modeled
2020,Nowa Sól,Lubuskie,city_medium,38000,5067,3876,2783,5167,2600,0.981,3.4,58.7,1537,1119,25,810,78,2723,1.02,22.1,gus_modeled
2021,Nowa Sól,Lubuskie,city_medium,38000,5359,4100,2944,5663,2800,0.946,5.1,58.4,1635,1213,26,847,81,2888,1.02,22.6,gus_modeled
2022,Nowa Sól,Lubuskie,city_medium,38000,6202,4745,3407,6346,3010,0.977,14.4,57.8,1869,1361,30,971,89,3281,1.04,21.9,gus_modeled
2023,Nowa Sól,Lubuskie,city_medium,38000,7001,5356,3846,7155,3490,0.978,11.5,58.2,2049,1466,32,1110,103,3609,1.07,20.9,gus_modeled
2024,Nowa Sól,Lubuskie,city_medium,38000,8157,6240,4480,8604,4242,0.948,3.6,59.1,2045,1497,33,1138,108,3703,1.21,18.4,gus_modeled
2010,Żary,Lubuskie,city_small,39000,2847,2178,1564,3224,1317,0.883,2.6,49.4,1022,817,18,626,55,2041,0.77,28.7,gus_modeled
2011,Żary,Lubuskie,city_small,39000,3182,2434,1748,3399,1386,0.936,4.3,49.1,1056,800,19,651,55,2076,0.84,25.1,gus_modeled
2012,Żary,Lubuskie,city_small,39000,3142,2404,1726,3521,1500,0.892,3.7,50.3,1089,876,21,666,57,2216,0.78,27.9,gus_modeled
2013,Żary,Lubuskie,city_small,39000,3243,2481,1781,3650,1600,0.888,0.9,50.2,1143,838,20,715,61,2213,0.8,25.8,gus_modeled
2014,Żary,Lubuskie,city_small,39000,3344,2558,1837,3783,1680,0.884,0.0,49.1,1167,849,20,711,59,2218,0.83,25.4,gus_modeled
2015,Żary,Lubuskie,city_small,39000,3509,2684,1927,3899,1750,0.9,-0.9,49.8,1155,890,19,710,59,2236,0.86,25.4,gus_modeled
2016,Żary,Lubuskie,city_small,39000,3758,2875,2064,4047,1850,0.929,-0.2,49.7,1090,877,20,676,58,2208,0.93,23.3,gus_modeled
2017,Żary,Lubuskie,city_small,39000,3842,2939,2110,4271,2000,0.9,2.0,49.8,1192,872,20,720,60,2253,0.94,22.7,gus_modeled
2018,Żary,Lubuskie,city_small,39000,4265,3263,2343,4585,2100,0.93,1.6,50.6,1130,894,20,712,60,2270,1.03,21.0,gus_modeled
2019,Żary,Lubuskie,city_small,39000,4333,3315,2380,4918,2250,0.881,2.3,51.4,1232,920,20,722,61,2312,1.03,21.2,gus_modeled
2020,Żary,Lubuskie,city_small,39000,4852,3712,2665,5167,2600,0.939,3.4,51.6,1274,922,21,778,65,2401,1.11,19.0,gus_modeled
2021,Żary,Lubuskie,city_small,39000,5030,3848,2763,5663,2800,0.888,5.1,50.9,1230,984,23,811,67,2549,1.08,19.6,gus_modeled
2022,Żary,Lubuskie,city_small,39000,5670,4338,3115,6346,3010,0.893,14.4,52.1,1475,1171,26,881,76,2908,1.07,20.7,gus_modeled
2023,Żary,Lubuskie,city_small,39000,6657,5093,3657,7155,3490,0.93,11.5,52.4,1697,1212,29,986,86,3154,1.16,18.2,gus_modeled
2024,Żary,Lubuskie,city_small,39000,7590,5806,4169,8604,4242,0.882,3.6,52.5,1648,1272,30,1062,90,3324,1.25,16.8,gus_modeled
2010,Żagań,Lubuskie,city_small,26000,2863,2190,1572,3224,1317,0.888,2.6,49.1,1024,787,18,643,55,2028,0.78,27.5,gus_modeled
2011,Żagań,Lubuskie,city_small,26000,3126,2391,1717,3399,1386,0.92,4.3,50.1,1109,788,18,686,57,2081,0.83,25.2,gus_modeled
2012,Żagań,Lubuskie,city_small,26000,3247,2484,1784,3521,1500,0.922,3.7,49.2,1150,875,21,707,58,2257,0.79,26.9,gus_modeled
2013,Żagań,Lubuskie,city_small,26000,3433,2626,1885,3650,1600,0.941,0.9,50.4,1167,841,21,719,61,2240,0.84,24.5,gus_modeled
2014,Żagań,Lubuskie,city_small,26000,3489,2669,1916,3783,1680,0.922,0.0,49.9,1151,894,19,709,58,2240,0.86,25.6,gus_modeled
2015,Żagań,Lubuskie,city_small,26000,3494,2673,1919,3899,1750,0.896,-0.9,50.8,1086,891,19,675,57,2200,0.87,25.5,gus_modeled
2016,Żagań,Lubuskie,city_small,26000,3819,2922,2098,4047,1850,0.944,-0.2,49.5,1076,889,21,708,57,2271,0.92,23.3,gus_modeled
2017,Żagań,Lubuskie,city_small,26000,3993,3055,2193,4271,2000,0.935,2.0,51.0,1130,864,19,729,61,2235,0.98,21.6,gus_modeled
2018,Żagań,Lubuskie,city_small,26000,4147,3172,2277,4585,2100,0.904,1.6,51.3,1162,859,21,733,63,2279,1.0,20.7,gus_modeled
2019,Żagań,Lubuskie,city_small,26000,4631,3543,2544,4918,2250,0.942,2.3,50.3,1219,903,21,743,63,2338,1.09,19.5,gus_modeled
2020,Żagań,Lubuskie,city_small,26000,4565,3492,2507,5167,2600,0.883,3.4,50.3,1194,910,23,733,67,2386,1.05,19.9,gus_modeled
2021,Żagań,Lubuskie,city_small,26000,5085,3890,2793,5663,2800,0.898,5.1,50.4,1292,967,23,766,68,2488,1.12,19.0,gus_modeled
2022,Żagań,Lubuskie,city_small,26000,5885,4502,3232,6346,3010,0.927,14.4,51.5,1508,1108,26,918,78,2884,1.12,18.8,gus_modeled
2023,Żagań,Lubuskie,city_small,26000,6644,5083,3650,7155,3490,0.929,11.5,51.3,1651,1299,30,1040,84,3313,1.1,19.6,gus_modeled
2024,Żagań,Lubuskie,city_small,26000,8060,6166,4427,8604,4242,0.937,3.6,51.1,1716,1317,29,1044,87,3328,1.33,16.3,gus_modeled
2010,Świebodzin,Lubuskie,town,22000,2818,2156,1548,3224,1317,0.874,2.6,41.9,812,667,16,617,42,1829,0.85,23.7,gus_modeled
2011,Świebodzin,Lubuskie,town,22000,2797,2140,1537,3399,1386,0.823,4.3,43.1,858,691,16,609,44,1854,0.83,24.7,gus_modeled
2012,Świebodzin,Lubuskie,town,22000,2935,2245,1612,3521,1500,0.834,3.7,43.2,854,686,17,658,44,1925,0.84,23.4,gus_modeled
2013,Świebodzin,Lubuskie,town,22000,3150,2410,1730,3650,1600,0.863,0.9,42.3,874,724,18,668,46,1997,0.87,23.0,gus_modeled
2014,Świebodzin,Lubuskie,town,22000,3181,2433,1747,3783,1680,0.841,0.0,43.8,934,708,17,651,45,1943,0.9,22.3,gus_modeled
2015,Świebodzin,Lubuskie,town,22000,3364,2573,1847,3899,1750,0.863,-0.9,43.7,888,689,17,654,45,1925,0.96,20.5,gus_modeled
2016,Świebodzin,Lubuskie,town,22000,3504,2681,1925,4047,1850,0.866,-0.2,43.0,845,715,17,637,45,1934,1.0,20.4,gus_modeled
2017,Świebodzin,Lubuskie,town,22000,3613,2764,1985,4271,2000,0.846,2.0,44.3,908,689,18,647,46,1943,1.02,19.1,gus_modeled
2018,Świebodzin,Lubuskie,town,22000,3957,3027,2173,4585,2100,0.863,1.6,43.2,927,739,17,693,48,2024,1.07,18.7,gus_modeled
2019,Świebodzin,Lubuskie,town,22000,4175,3194,2293,4918,2250,0.849,2.3,43.4,938,730,18,692,49,2040,1.12,17.5,gus_modeled
2020,Świebodzin,Lubuskie,town,22000,4227,3234,2322,5167,2600,0.818,3.4,44.1,954,783,18,702,52,2113,1.1,18.5,gus_modeled
2021,Świebodzin,Lubuskie,town,22000,4640,3550,2549,5663,2800,0.819,5.1,43.5,1020,764,20,732,54,2177,1.17,16.5,gus_modeled
2022,Świebodzin,Lubuskie,town,22000,5392,4125,2962,6346,3010,0.85,14.4,44.5,1223,931,23,816,58,2525,1.17,17.3,gus_modeled
2023,Świebodzin,Lubuskie,town,22000,6213,4753,3413,7155,3490,0.868,11.5,44.4,1325,1057,26,970,67,2904,1.18,17.0,gus_modeled
2024,Świebodzin,Lubuskie,town,22000,7140,5462,3922,8604,4242,0.83,3.6,45.5,1353,1056,27,989,69,2954,1.33,14.8,gus_modeled
2010,Opole,Opolskie,city_large,130000,2717,2079,1493,3224,1317,0.843,2.6,64.7,1550,1212,23,761,72,2688,0.56,44.6,numbeo
2011,Opole,Opolskie,city_large,130000,2891,2212,1588,3399,1386,0.851,4.3,63.5,1642,1257,25,776,74,2797,0.57,43.5,numbeo
2012,Opole,Opolskie,city_large,130000,2838,2171,1559,3521,1500,0.806,3.7,63.8,1657,1189,25,825,80,2791,0.56,41.9,numbeo
2013,Opole,Opolskie,city_large,130000,2949,2256,1620,3650,1600,0.808,0.9,65.0,1647,1245,25,818,79,2841,0.57,42.2,numbeo
2014,Opole,Opolskie,city_large,130000,3198,2446,1756,3783,1680,0.845,0.0,65.2,1769,1253,25,809,78,2839,0.62,39.2,numbeo
2015,Opole,Opolskie,city_large,130000,3278,2508,1801,3899,1750,0.841,-0.9,64.4,1796,1288,25,806,81,2872,0.63,39.3,numbeo
2016,Opole,Opolskie,city_large,130000,3446,2636,1893,4047,1850,0.851,-0.2,65.4,1779,1306,24,800,79,2862,0.66,37.9,numbeo
2017,Opole,Opolskie,city_large,130000,3447,2637,1893,4271,2000,0.807,2.0,65.9,1761,1280,24,829,83,2873,0.66,37.1,numbeo
2018,Opole,Opolskie,city_large,130000,3828,2928,2102,4585,2100,0.835,1.6,65.4,1683,1358,27,884,83,3069,0.68,35.5,numbeo
2019,Opole,Opolskie,city_large,130000,4052,3100,2226,4918,2250,0.824,2.3,66.0,1834,1293,26,861,82,2965,0.75,31.9,numbeo
2020,Opole,Opolskie,city_large,130000,4389,3358,2411,5167,2600,0.849,3.4,66.6,1849,1327,27,934,89,3106,0.78,30.2,numbeo
2021,Opole,Opolskie,city_large,130000,4777,3654,2624,5663,2800,0.844,5.1,66.9,1880,1446,29,931,91,3275,0.8,30.3,numbeo
2022,Opole,Opolskie,city_large,130000,5121,3918,2813,6346,3010,0.807,14.4,67.0,2311,1616,33,1070,106,3712,0.76,31.6,numbeo
2023,Opole,Opolskie,city_large,130000,5846,4472,3211,7155,3490,0.817,11.5,66.4,2434,1858,37,1234,120,4242,0.76,31.8,numbeo
2024,Opole,Opolskie,city_large,130000,7024,5373,3858,8604,4242,0.816,3.6,67.6,2692,1930,39,1211,124,4345,0.89,27.5,numbeo
2010,Kędzierzyn-Koźle,Opolskie,city_medium,62000,3093,2366,1699,3224,1317,0.959,2.6,55.2,1317,984,20,707,66,2340,0.73,31.8,gus_modeled
2011,Kędzierzyn-Koźle,Opolskie,city_medium,62000,3299,2524,1812,3399,1386,0.971,4.3,55.9,1329,945,21,743,68,2366,0.77,28.6,gus_modeled
2012,Kędzierzyn-Koźle,Opolskie,city_medium,62000,3301,2525,1813,3521,1500,0.938,3.7,55.3,1345,978,22,752,71,2438,0.74,29.6,gus_modeled
2013,Kędzierzyn-Koźle,Opolskie,city_medium,62000,3549,2715,1949,3650,1600,0.972,0.9,57.0,1348,1036,21,787,71,2513,0.78,29.2,gus_modeled
2014,Kędzierzyn-Koźle,Opolskie,city_medium,62000,3643,2787,2001,3783,1680,0.963,0.0,56.8,1429,981,21,780,71,2451,0.82,26.9,gus_modeled
2015,Kędzierzyn-Koźle,Opolskie,city_medium,62000,3813,2917,2094,3899,1750,0.978,-0.9,57.1,1406,978,22,744,69,2428,0.86,25.6,gus_modeled
2016,Kędzierzyn-Koźle,Opolskie,city_medium,62000,3787,2897,2080,4047,1850,0.936,-0.2,57.5,1435,969,21,743,68,2397,0.87,25.6,gus_modeled
2017,Kędzierzyn-Koźle,Opolskie,city_medium,62000,4134,3163,2271,4271,2000,0.968,2.0,56.5,1448,1036,21,742,71,2470,0.92,25.1,gus_modeled
2018,Kędzierzyn-Koźle,Opolskie,city_medium,62000,4516,3455,2481,4585,2100,0.985,1.6,56.8,1499,1006,22,762,71,2483,1.0,22.3,gus_modeled
2019,Kędzierzyn-Koźle,Opolskie,city_medium,62000,4797,3670,2635,4918,2250,0.975,2.3,57.3,1427,1053,23,790,74,2586,1.02,22.0,gus_modeled
2020,Kędzierzyn-Koźle,Opolskie,city_medium,62000,4979,3809,2735,5167,2600,0.964,3.4,57.5,1437,1172,24,803,75,2746,1.0,23.5,gus_modeled
2021,Kędzierzyn-Koźle,Opolskie,city_medium,62000,5361,4101,2945,5663,2800,0.947,5.1,58.3,1662,1143,25,879,81,2830,1.04,21.3,gus_modeled
2022,Kędzierzyn-Koźle,Opolskie,city_medium,62000,6253,4784,3435,6346,3010,0.985,14.4,57.5,1795,1344,30,965,89,3258,1.05,21.5,gus_modeled
2023,Kędzierzyn-Koźle,Opolskie,city_medium,62000,7088,5422,3893,7155,3490,0.991,11.5,58.8,2118,1504,31,1109,102,3625,1.07,21.2,gus_modeled
2024,Kędzierzyn-Koźle,Opolskie,city_medium,62000,8202,6275,4505,8604,4242,0.953,3.6,58.4,2045,1483,33,1121,106,3670,1.23,18.1,gus_modeled
2010,Nysa,Opolskie,city_medium,45000,3160,2417,1735,3224,1317,0.98,2.6,56.0,1266,947,20,706,64,2300,0.75,30.0,gus_modeled
2011,Nysa,Opolskie,city_medium,45000,3241,2479,1780,3399,1386,0.954,4.3,56.6,1338,1023,21,737,67,2437,0.73,31.6,gus_modeled
2012,Nysa,Opolskie,city_medium,45000,3314,2535,1820,3521,1500,0.941,3.7,56.1,1450,1020,23,764,67,2508,0.73,30.8,gus_modeled
2013,Nysa,Opolskie,city_medium,45000,3479,2661,1911,3650,1600,0.953,0.9,56.4,1328,988,21,791,70,2468,0.77,28.4,gus_modeled
2014,Nysa,Opolskie,city_medium,45000,3637,2782,1997,3783,1680,0.961,0.0,56.4,1406,1012,21,774,68,2473,0.81,27.8,gus_modeled
2015,Nysa,Opolskie,city_medium,45000,3694,2826,2029,3899,1750,0.947,-0.9,56.0,1435,1044,22,735,69,2485,0.82,28.3,gus_modeled
2016,Nysa,Opolskie,city_medium,45000,3809,2914,2092,4047,1850,0.941,-0.2,57.3,1448,997,21,733,68,2415,0.87,26.2,gus_modeled
2017,Nysa,Opolskie,city_medium,45000,4167,3188,2289,4271,2000,0.976,2.0,57.9,1342,991,22,796,70,2498,0.92,23.8,gus_modeled
2018,Nysa,Opolskie,city_medium,45000,4500,3442,2471,4585,2100,0.981,1.6,57.0,1423,1007,23,779,69,2519,0.98,22.4,gus_modeled
2019,Nysa,Opolskie,city_medium,45000,4597,3517,2525,4918,2250,0.935,2.3,57.5,1410,1028,22,832,75,2584,0.98,22.4,gus_modeled
2020,Nysa,Opolskie,city_medium,45000,4847,3708,2662,5167,2600,0.938,3.4,57.8,1509,1106,25,805,74,2701,0.99,22.8,gus_modeled
2021,Nysa,Opolskie,city_medium,45000,5557,4251,3052,5663,2800,0.981,5.1,57.5,1626,1174,25,846,79,2826,1.08,21.1,gus_modeled
2022,Nysa,Opolskie,city_medium,45000,6162,4714,3385,6346,3010,0.971,14.4,57.8,1856,1407,28,1005,89,3321,1.02,22.8,gus_modeled
2023,Nysa,Opolskie,city_medium,45000,6750,5164,3708,7155,3490,0.943,11.5,58.6,2003,1564,33,1142,103,3759,0.99,23.2,gus_modeled
2024,Nysa,Opolskie,city_medium,45000,8385,6415,4606,8604,4242,0.975,3.6,58.7,2192,1584,33,1180,107,3831,1.2,18.9,gus_modeled
2010,Brzeg,Opolskie,city_small,37000,2949,2256,1620,3224,1317,0.915,2.6,49.4,1004,758,18,619,55,1975,0.82,25.7,gus_modeled
2011,Brzeg,Opolskie,city_small,37000,3071,2349,1687,3399,1386,0.904,4.3,49.0,1071,797,19,660,57,2084,0.81,26.0,gus_modeled
2012,Brzeg,Opolskie,city_small,37000,3190,2440,1752,3521,1500,0.906,3.7,49.8,1125,821,20,668,57,2143,0.82,25.7,gus_modeled
2013,Brzeg,Opolskie,city_small,37000,3357,2568,1844,3650,1600,0.92,0.9,49.2,1168,834,20,703,58,2194,0.84,24.8,gus_modeled
2014,Brzeg,Opolskie,city_small,37000,3419,2616,1878,3783,1680,0.904,0.0,49.4,1092,884,19,707,62,2232,0.84,25.9,gus_modeled
2015,Brzeg,Opolskie,city_small,37000,3530,2700,1939,3899,1750,0.905,-0.9,49.7,1099,870,19,700,61,2208,0.88,24.6,gus_modeled
2016,Brzeg,Opolskie,city_small,37000,3721,2847,2044,4047,1850,0.919,-0.2,49.8,1128,858,21,685,58,2218,0.92,23.1,gus_modeled
2017,Brzeg,Opolskie,city_small,37000,3816,2919,2096,4271,2000,0.893,2.0,50.0,1097,905,19,684,60,2230,0.94,23.7,gus_modeled
2018,Brzeg,Opolskie,city_small,37000,4182,3199,2297,4585,2100,0.912,1.6,51.0,1110,888,20,703,59,2254,1.02,21.2,gus_modeled
2019,Brzeg,Opolskie,city_small,37000,4473,3422,2457,4918,2250,0.91,2.3,51.0,1188,866,20,750,64,2289,1.07,19.4,gus_modeled
2020,Brzeg,Opolskie,city_small,37000,4631,3543,2544,5167,2600,0.896,3.4,50.9,1238,890,21,766,66,2358,1.08,19.2,gus_modeled
2021,Brzeg,Opolskie,city_small,37000,4973,3804,2731,5663,2800,0.878,5.1,51.4,1226,997,22,822,69,2555,1.07,20.0,gus_modeled
2022,Brzeg,Opolskie,city_small,37000,5720,4376,3142,6346,3010,0.901,14.4,51.8,1399,1157,25,901,80,2898,1.08,20.2,gus_modeled
2023,Brzeg,Opolskie,city_small,37000,6323,4837,3473,7155,3490,0.884,11.5,51.7,1675,1300,28,991,90,3231,1.07,20.6,gus_modeled
2024,Brzeg,Opolskie,city_small,37000,7757,5934,4261,8604,4242,0.902,3.6,51.0,1711,1256,31,1010,88,3274,1.3,16.2,gus_modeled
2010,Kluczbork,Opolskie,town,24000,2424,1854,1331,3224,1317,0.752,2.6,42.0,849,664,17,593,43,1823,0.73,27.4,numbeo
2011,Kluczbork,Opolskie,town,24000,2499,1912,1373,3399,1386,0.735,4.3,43.1,839,651,17,617,45,1843,0.74,26.1,numbeo
2012,Kluczbork,Opolskie,town,24000,2589,1981,1422,3521,1500,0.735,3.7,42.1,851,716,17,640,46,1939,0.73,27.7,numbeo
2013,Kluczbork,Opolskie,town,24000,2697,2063,1481,3650,1600,0.739,0.9,43.5,889,664,18,676,48,1947,0.76,24.6,numbeo
2014,Kluczbork,Opolskie,town,24000,2864,2191,1573,3783,1680,0.757,0.0,43.7,855,717,17,647,47,1950,0.81,25.0,numbeo
2015,Kluczbork,Opolskie,town,24000,2854,2183,1567,3899,1750,0.732,-0.9,43.2,914,680,16,667,45,1909,0.82,23.8,numbeo
2016,Kluczbork,Opolskie,town,24000,2988,2286,1641,4047,1850,0.738,-0.2,43.6,899,669,17,635,46,1887,0.87,22.4,numbeo
2017,Kluczbork,Opolskie,town,24000,3208,2454,1762,4271,2000,0.751,2.0,42.8,947,714,17,673,46,1974,0.89,22.3,numbeo
2018,Kluczbork,Opolskie,town,24000,3376,2583,1855,4585,2100,0.736,1.6,43.4,921,700,17,645,47,1936,0.96,20.7,numbeo
2019,Kluczbork,Opolskie,town,24000,3537,2706,1943,4918,2250,0.719,2.3,44.4,924,734,19,669,47,2039,0.95,20.8,numbeo
2020,Kluczbork,Opolskie,town,24000,3727,2851,2047,5167,2600,0.721,3.4,43.6,1013,743,19,721,50,2110,0.97,19.9,numbeo
2021,Kluczbork,Opolskie,town,24000,4328,3311,2377,5663,2800,0.764,5.1,44.4,1064,818,20,713,51,2209,1.08,18.9,numbeo
2022,Kluczbork,Opolskie,town,24000,4751,3635,2610,6346,3010,0.749,14.4,44.0,1126,940,24,841,58,2579,1.01,19.8,numbeo
2023,Kluczbork,Opolskie,town,24000,5460,4177,2999,7155,3490,0.763,11.5,44.3,1272,1063,25,943,67,2863,1.05,19.5,numbeo
2024,Kluczbork,Opolskie,town,24000,6417,4909,3525,8604,4242,0.746,3.6,45.1,1398,1074,26,988,68,2950,1.19,16.7,numbeo
2010,Prudnik,Opolskie,town,23000,2631,2013,1445,3224,1317,0.816,2.6,42.9,822,618,16,617,43,1781,0.81,23.5,gus_modeled
2011,Prudnik,Opolskie,town,23000,2888,2209,1586,3399,1386,0.85,4.3,42.5,832,691,16,601,45,1847,0.86,23.9,gus_modeled
2012,Prudnik,Opolskie,town,23000,2897,2216,1591,3521,1500,0.823,3.7,42.8,920,667,18,623,47,1894,0.84,23.0,gus_modeled
2013,Prudnik,Opolskie,town,23000,3095,2368,1700,3650,1600,0.848,0.9,43.3,853,731,18,654,48,1992,0.85,23.6,gus_modeled
2014,Prudnik,Opolskie,town,23000,3169,2424,1740,3783,1680,0.838,0.0,42.2,888,710,17,637,47,1933,0.9,22.4,gus_modeled
2015,Prudnik,Opolskie,town,23000,3246,2483,1783,3899,1750,0.833,-0.9,43.3,849,697,17,636,44,1914,0.93,21.5,gus_modeled
2016,Prudnik,Opolskie,town,23000,3282,2511,1803,4047,1850,0.811,-0.2,42.7,844,657,17,649,46,1889,0.95,20.0,gus_modeled
2017,Prudnik,Opolskie,town,23000,3607,2759,1981,4271,2000,0.845,2.0,43.2,900,693,17,671,48,1953,1.01,19.2,gus_modeled
2018,Prudnik,Opolskie,town,23000,3913,2993,2149,4585,2100,0.853,1.6,44.0,927,741,18,647,49,2001,1.07,18.9,gus_modeled
2019,Prudnik,Opolskie,town,23000,4179,3197,2295,4918,2250,0.85,2.3,44.0,906,756,18,664,49,2038,1.13,18.1,gus_modeled
2020,Prudnik,Opolskie,town,23000,4344,3323,2386,5167,2600,0.841,3.4,43.4,1001,774,19,709,49,2128,1.12,17.8,gus_modeled
2021,Prudnik,Opolskie,town,23000,4709,3602,2586,5663,2800,0.832,5.1,43.7,1046,826,20,744,52,2249,1.15,17.5,gus_modeled
2022,Prudnik,Opolskie,town,23000,5129,3924,2817,6346,3010,0.808,14.4,44.2,1197,921,24,870,61,2592,1.09,18.0,gus_modeled
2023,Prudnik,Opolskie,town,23000,5783,4424,3176,7155,3490,0.808,11.5,43.6,1327,1034,25,966,66,2856,1.11,17.9,gus_modeled
2024,Prudnik,Opolskie,town,23000,6959,5324,3823,8604,4242,0.809,3.6,44.4,1385,1039,27,991,71,2941,1.3,14.9,gus_modeled
